property_id,fuente,url,scraped_at_utc,search_url,pagina_origen,http_status,parse_ok,parse_warnings,titulo,descripcion,tipo_operacion,tipo_propiedad,estado_publicacion,fecha_publicacion,inmobiliaria,seller_id,moneda,precio,precio_texto,expensas_moneda,expensas,expensas_texto,precio_m2_calculado,direccion_completa,calle,altura,piso,unidad,barrio,localidad,partido,provincia,pais,codigo_postal,latitud,longitud,ambientes,dormitorios,banios,toilettes,cocheras,superficie_total_m2,superficie_cubierta_m2,superficie_descubierta_m2,superficie_semicubierta_m2,superficie_terreno_m2,frente_m,fondo_m,antiguedad_anios,estado_inmueble,disposicion,orientacion,luminosidad,cantidad_plantas,cantidad_pisos_edificio,departamentos_por_piso,apto_credito,apto_profesional,permite_mascotas,accesibilidad,amoblado,balcon,terraza,patio,jardin,parrilla,pileta,sum,gimnasio,sauna,laundry,baulera,ascensor,seguridad_24h,vigilancia,aire_acondicionado,calefaccion,losa_radiante,gas_natural,agua_corriente,electricidad,cloaca,internet,vista_rio,vista_abierta,reciclado,a_refaccionar,cantidad_imagenes,imagen_principal,video_url,tour_virtual_url,cantidad_atributos_extra,atributos_extra_json,jsonld_raw,_archivo_origen,fuente_norm,tipo_operacion_norm,barrio_norm,moneda_norm,precio_m2_ref,id_publicacion,superficie_ref_m2,ambientes_ref,banios_ref,dormitorios_ref,fecha_extraccion,descripcion_is_null,estado_publicacion_is_null,fecha_publicacion_is_null,inmobiliaria_is_null,seller_id_is_null,expensas_moneda_is_null,expensas_is_null,expensas_texto_is_null,precio_m2_calculado_is_null,altura_is_null,piso_is_null,unidad_is_null,barrio_is_null,localidad_is_null,partido_is_null,provincia_is_null,pais_is_null,codigo_postal_is_null,latitud_is_null,longitud_is_null,ambientes_is_null,dormitorios_is_null,banios_is_null,toilettes_is_null,cocheras_is_null,superficie_total_m2_is_null,superficie_cubierta_m2_is_null,superficie_descubierta_m2_is_null,superficie_semicubierta_m2_is_null,superficie_terreno_m2_is_null,frente_m_is_null,fondo_m_is_null,antiguedad_anios_is_null,estado_inmueble_is_null,disposicion_is_null,orientacion_is_null,luminosidad_is_null,cantidad_plantas_is_null,cantidad_pisos_edificio_is_null,departamentos_por_piso_is_null,apto_credito_is_null,apto_profesional_is_null,permite_mascotas_is_null,accesibilidad_is_null,amoblado_is_null,balcon_is_null,terraza_is_null,patio_is_null,jardin_is_null,parrilla_is_null,pileta_is_null,sum_is_null,gimnasio_is_null,sauna_is_null,laundry_is_null,baulera_is_null,ascensor_is_null,seguridad_24h_is_null,vigilancia_is_null,aire_acondicionado_is_null,calefaccion_is_null,losa_radiante_is_null,gas_natural_is_null,agua_corriente_is_null,electricidad_is_null,cloaca_is_null,internet_is_null,vista_rio_is_null,vista_abierta_is_null,reciclado_is_null,a_refaccionar_is_null,video_url_is_null,tour_virtual_url_is_null,jsonld_raw_is_null,precio_m2_ref_is_null,superficie_ref_m2_is_null,ambientes_ref_is_null,banios_ref_is_null,dormitorios_ref_is_null
cab7fac00c18bb31800e,Argenprop,https://www.argenprop.com/departamento-en-alquiler-en-caballito-3-ambientes--8308810,2026-09-03 15:09:26.099699+00:00,https://www.argenprop.com/departamentos/alquiler/capital-federal,1,200,1,modo_listado_sin_ficha_detallada,"TRES AMBIENTES CON DEPENDECIAS PAL PRIV BALCON TERRAZA 7x2,60 x4 en L VISTA A PARQUE RIVADAVIA",,alquiler,departamento,,,,,ARS,1200000.0,$ 1.200.000 + $350.000 expensas,,,,16216.22,"Rosario 300, Piso 13",Rosario,300.0,13,,,,,,,,,,,2.0,,,,74.0,,,,,,,,,,,,,,,,,,,,,,,,,,,,,,,,,,,,,,,,,,,,,,9,https://www.argenprop.com/static-content/0188038/69e0a454-aa53-41f6-9f0a-da2fb45d07b3_u_small.jpg,,,1,"{""texto_tarjeta"": ""+ 8 Ver más fotos 1 /16 Visto 7.500 $ 1.200.000 &plus; $350.000 expensas Rosario 300, Piso 13 Departamento en Alquiler en Caballito, CABA 74 m² cubie. 2 dorm. 40 años TRES AMBIENTES CON DEPENDECIAS PAL PRIV BALCON TERRAZA 7x2,60 x4 en L VISTA A PARQUE RIVADAVIA Michkin propiedades cucicba 3094 se deja constancia que los m2 son aproximados, al igual que las medidas parciales de los ambientes, y el valor consignado de las expensas mensuales esta sujeto a verificacion y/o ajustes, el precio del inmueble puede ser modificado sin previo aviso. Fotos de caracter no contractual. Las unidades publicadas estan sujetas a disponibilidad. Jorge michkin propiedades actua solamente en carácter de comercializadora de los inmuebles ofrecidos.Inmueble no accesible para personas con discapacidad física ley 5115. En caso de alquileres de vivienda familiar, se encuentra prohibido cobrar comisiones inmobiliarias y gastos de gestoría de informes a los inquilinos que sean personas físicas. Para los casos de alquiler de vivienda, el monto máximo de comisión que se le puede requerir a los propietarios será del 4,15% por ciento del valor total del contrato se encuentra prohibido cobrar a los inquilinos que sean personas físicas comisiones inmobiliarias y gastos de gestoría de informes” Contactar""}",,data\raw\argenprop\propiedades_argenprop.csv,argenprop,alquiler,rosario,ARS,16216.22,cab7fac00c18bb31800e,74.0,,,2.0,2026-09-03 15:09:26.099699+00:00,1,1,1,1,1,1,1,1,0,0,0,1,1,1,1,1,1,1,1,1,1,0,1,1,1,0,1,1,1,1,1,1,1,1,1,1,1,1,1,1,1,1,1,1,1,1,1,1,1,1,1,1,1,1,1,1,1,1,1,1,1,1,1,1,1,1,1,1,1,1,1,1,1,1,0,0,1,1,0
fd19cc8c846a87fc59d9,Argenprop,https://www.argenprop.com/departamento-en-alquiler-en-caballito-1-ambiente--19191982,2026-09-03 15:09:26.108473+00:00,https://www.argenprop.com/departamentos/alquiler/capital-federal,1,200,1,modo_listado_sin_ficha_detallada,NICOLAS REPETTO Y AV. GAONA - IMPECABLE FRENTE BALCON TODO SOL APTO PROFESIONAL FULL AMENITIES,,alquiler,departamento,,,,,ARS,550000.0,$ 550.000 + $207.800 expensas,,,,16666.67,Doctor Nicolás Repetto,Doctor Nicolás Repetto,,,,,,,,,,,,,,1.0,,,33.0,,,,,,,,,,,,,,,,,,,,,,,,,,,,,,,,,,,,,,,,,,,,,,9,https://www.argenprop.com/static-content/28919191/1beb4040-6c70-4082-a3c3-348ed6a1d557_u_small.jpg,,,1,"{""texto_tarjeta"": ""+ 24 Ver más fotos 1 /32 Visto 6.255 $ 550.000 &plus; $207.800 expensas Doctor Nicolás Repetto Departamento en Alquiler en Caballito, CABA 33 m² cubie. 20 años 1 baño NICOLAS REPETTO Y AV. GAONA - IMPECABLE FRENTE BALCON TODO SOL APTO PROFESIONAL FULL AMENITIES Gran ambiente. Frente. 36 m2. Impecable (20 años). Balcon. Todo sol. Apto profesional. Baño completo. Cocina integrada con desayunador. Placard espejado. Servicios individuales. Pisos flotantes. Todo electrico. Edificio condominio del cid con hermoso jardin, gran piscina con deck, solarium, sum, parrillas con mesas y sillas, laundry y vigilancia con totem, 3 pisos, ascensor. Expensas: $ 207.800.- Incluye abl y aysa entre av. Gaona y franklin (a 2 cuadras del cid campeador, av. Honorio pueyrredon, av. Diaz velez y av. San martin) caballito para los casos de alquiler de vivienda, el monto máximo de comisión que se le puede requerir a los propietarios será el equivalente al cuatro con quince centésimos por ciento (4,15%) del valor total del respectivo contrato. Se encuentra prohibido cobrar a los inquilinos que sean personas físicas comisiones inmobiliarias y gastos de gestoría de informes. Silvio katz - cucicba 1959 *fichabrick=1038751* WhatsApp Contactar""}",,data\raw\argenprop\propiedades_argenprop.csv,argenprop,alquiler,doctor nicolas repetto,ARS,16666.67,fd19cc8c846a87fc59d9,33.0,,1.0,,2026-09-03 15:09:26.108473+00:00,1,1,1,1,1,1,1,1,0,1,1,1,1,1,1,1,1,1,1,1,1,1,0,1,1,0,1,1,1,1,1,1,1,1,1,1,1,1,1,1,1,1,1,1,1,1,1,1,1,1,1,1,1,1,1,1,1,1,1,1,1,1,1,1,1,1,1,1,1,1,1,1,1,1,0,0,1,0,1
d9a6388872a9da94584c,Argenprop,https://www.argenprop.com/departamento-en-alquiler-en-las-canitas-1-ambiente--20370009,2026-09-03 15:09:26.115136+00:00,https://www.argenprop.com/departamentos/alquiler/capital-federal,1,200,1,modo_listado_sin_ficha_detallada,IMPEC MONOAMBIENTE! BALCÓN AL FRENTE! Muy luminoso! Amplio! Todo a nuevo! Amenities! Apto profesional! ÚNICO! OPORT!,,alquiler,departamento,,,,,ARS,650000.0,$ 650.000 + $170.000 expensas,,,,18571.43,Federico Lacroze 1800,Federico Lacroze,1800.0,,,,,,,,,,,,,1.0,,,35.0,,,,,,,,,,,,,,,,,,,,,,,,,,,,,,,,,,,,,,,,,,,,,,9,https://www.argenprop.com/static-content/90007302/203d5bb6-2d30-47fb-be01-feba8e99757f_u_small.jpg,,,1,"{""texto_tarjeta"": ""+ 11 Ver más fotos 1 /19 Visto 6.072 $ 650.000 &plus; $170.000 expensas Federico Lacroze 1800 Departamento en Alquiler en Las Cañitas, Palermo 35 m² cubie. 12 años 1 baño IMPEC MONOAMBIENTE! BALCÓN AL FRENTE! Muy luminoso! Amplio! Todo a nuevo! Amenities! Apto profesional! ÚNICO! OPORT! Impecable monoambiente! Balcón corrido al frente! Muy luminoso! Hall de entrada! Amplio! Todo a nuevo! Baño completo! Cocina integrada! Gran placard! Heladera! Split frío-calor! Pisos de porcelanato! Servicios centrales! Amenities: sum con terraza y laundry! Puerta blindada! Cerramientos con dvh! Apto profesional! El encargado vive en el edificio! Todos los medios de transporte! Único! Oportunidad! *Esta propiedad posee acceso para personas con movilidad reducida *las descripciones, medidas, superficies y proporciones consignadas en esta ficha son aproximadas, sólo se muestran a modo orientativo. Los montos de expensas e impuestos deben ser confirmados ya que dependen de la fecha en la que se obtuvo la información. *Matrícula cucicba 2204 WhatsApp Contactar""}",,data\raw\argenprop\propiedades_argenprop.csv,argenprop,alquiler,federico lacroze,ARS,18571.43,d9a6388872a9da94584c,35.0,,1.0,,2026-09-03 15:09:26.115136+00:00,1,1,1,1,1,1,1,1,0,0,1,1,1,1,1,1,1,1,1,1,1,1,0,1,1,0,1,1,1,1,1,1,1,1,1,1,1,1,1,1,1,1,1,1,1,1,1,1,1,1,1,1,1,1,1,1,1,1,1,1,1,1,1,1,1,1,1,1,1,1,1,1,1,1,0,0,1,0,1
09d1917083055a1b74ee,Argenprop,https://www.argenprop.com/departamento-en-alquiler-en-las-canitas-3-ambientes--19898389,2026-09-03 15:09:26.121952+00:00,https://www.argenprop.com/departamentos/alquiler/capital-federal,1,200,1,modo_listado_sin_ficha_detallada,IMPEC SEMIPISO! BALCÓN ATERRAZADO CON ESPECTACULAR VISTA A LA CANCHA DE POLO! Amob y Equip! Cochera fija! ÚNICO! OPORT!,,alquiler,departamento,,,,,ARS,2800000.0,$ 2.800.000 + $410.000 expensas,,,,31111.11,Soldado De La Independencia 400,Soldado De La Independencia,400.0,,,,,,,,,,,,2.0,1.0,,,90.0,,,,,,,,,,,,,,,,,,,,,,,,,,,,,,,,,,,,,,,,,,,,,,9,https://www.argenprop.com/static-content/98389891/b199568c-e874-414a-8d6a-73020142892b_u_small.jpg,,,1,"{""texto_tarjeta"": ""+ 26 Ver más fotos 1 /34 Visto 6.072 $ 2.800.000 &plus; $410.000 expensas Soldado De La Independencia 400 Departamento en Alquiler en Las Cañitas, Palermo 90 m² cubie. 2 dorm. 25 años IMPEC SEMIPISO! BALCÓN ATERRAZADO CON ESPECTACULAR VISTA A LA CANCHA DE POLO! Amob y Equip! Cochera fija! ÚNICO! OPORT! Impecable semipiso! Balcón aterrazado al frente con espectacular vista abierta a la cancha de polo! Muy luminoso! Todo luz y sol! Excelente distribución! Amoblado y equipado! Palier privado! Hall de entrada! Amplio living-comedor en l! 1 baño completo! 2 dormitorios: 1 en suite! Placares! Cocina completa! Lavadero independiente! 2 splits! Pisos entarugados de madera! Losa radiante regulable! Agua caliente central! 2 ascensores! El edificio cuenta con encargado! Apto profesional! Inmejorable ubicación! Único! Oportunidad! *Esta propiedad no cuenta con acceso para personas con movilidad reducida. *Las descripciones, medidas, superficies y proporciones consignadas en esta ficha son aproximadas, sólo se muestran a modo orientativo. Los montos de expensas, tasas e impuestos deben ser confirmados ya que dependen de la fecha en la que se obtuvo la información. *Matrícula cucicba 2204 WhatsApp Contactar""}",,data\raw\argenprop\propiedades_argenprop.csv,argenprop,alquiler,soldado de la independencia,ARS,31111.11,09d1917083055a1b74ee,90.0,,1.0,2.0,2026-09-03 15:09:26.121952+00:00,1,1,1,1,1,1,1,1,0,0,1,1,1,1,1,1,1,1,1,1,1,0,0,1,1,0,1,1,1,1,1,1,1,1,1,1,1,1,1,1,1,1,1,1,1,1,1,1,1,1,1,1,1,1,1,1,1,1,1,1,1,1,1,1,1,1,1,1,1,1,1,1,1,1,0,0,1,0,0
3885ccda099538b00631,Argenprop,https://www.argenprop.com/departamento-en-alquiler-en-palermo-hollywood-2-ambientes--20135607,2026-09-03 15:09:26.129150+00:00,https://www.argenprop.com/departamentos/alquiler/capital-federal,1,200,1,modo_listado_sin_ficha_detallada,Maravilloso Dos Ambientes con Balcón Aterrazado en Palermo,,alquiler,departamento,,,,,ARS,1700000.0,$ 1.700.000 + $298.000 expensas,,,,26153.85,"Fitz Roy 1400, Piso 7",Fitz Roy,1400.0,7,,,,,,,,,,,1.0,,,,65.0,,,,,,,,,,,,,,,,,,,,,,,,,,,,,,,,,,,,,,,,,,,,,,9,https://www.argenprop.com/static-content/70653102/eaee6d58-82e0-4783-bfc9-8124ce8c45f0_u_small.jpg,,,1,"{""texto_tarjeta"": ""+ 14 Ver más fotos 1 /22 Visto 6.071 $ 1.700.000 &plus; $298.000 expensas Fitz Roy 1400, Piso 7 Departamento en Alquiler en Palermo Hollywood, Palermo 65 m² cubie. 1 dorm. 14 años Maravilloso Dos Ambientes con Balcón Aterrazado en Palermo Requisitos - ingresos comprobables propios. - Garantía caba o un seguro de caución . - Un mes de alquiler por adelantado. - Depósito. Condiciones - contrato por 24 meses. Hermoso dos ambientes tipo dúplex, con balcón aterrazado, cocina integrada, baño completo, toilette y cochera cubierta. Ubicado en una de las mejores zonas de la ciudad, en un punto neurálgico rodeado de bares, cafés, negocios de todo tipo, espacios verdes y fácil acceso desde todos los puntos de la ciudad. WhatsApp Contactar""}",,data\raw\argenprop\propiedades_argenprop.csv,argenprop,alquiler,fitz roy,ARS,26153.85,3885ccda099538b00631,65.0,,,1.0,2026-09-03 15:09:26.129150+00:00,1,1,1,1,1,1,1,1,0,0,0,1,1,1,1,1,1,1,1,1,1,0,1,1,1,0,1,1,1,1,1,1,1,1,1,1,1,1,1,1,1,1,1,1,1,1,1,1,1,1,1,1,1,1,1,1,1,1,1,1,1,1,1,1,1,1,1,1,1,1,1,1,1,1,0,0,1,1,0
55c5e1f68af905726476,Argenprop,https://www.argenprop.com/departamento-en-alquiler-en-botanico-2-ambientes--20223039,2026-09-03 15:09:26.135896+00:00,https://www.argenprop.com/departamentos/alquiler/capital-federal,1,200,1,modo_listado_sin_ficha_detallada,Luminoso Departamento Dos Ambientes en Alquiler,,alquiler,departamento,,,,,USD,900.0,USD 900 + $300.000 expensas,,,,20.0,Avenida Raúl Scalabrini Ortiz 3100,Avenida Raúl Scalabrini Ortiz,3100.0,,,,,,,,,,,,1.0,,,,45.0,,,,,,,,,,,,,,,,,,,,,,,,,,,,,,,,,,,,,,,,,,,,,,9,https://www.argenprop.com/static-content/93032202/01e65c05-664d-4bf3-90e6-a0c15fc3052a_u_small.jpg,,,1,"{""texto_tarjeta"": ""+ 12 Ver más fotos 1 /20 Visto 6.070 USD 900 &plus; $300.000 expensas Avenida Raúl Scalabrini Ortiz 3100 Departamento en Alquiler en Botánico, Palermo 45 m² cubie. 1 dorm. 10 años Luminoso Departamento Dos Ambientes en Alquiler Requisitos - ingresos comprobables propios. - Garantía caba o un seguro de caución . - Un mes de alquiler por adelantado. - Un mes de depósito en dólares. Condiciones - contrato por 24 meses. - Acepta mascotas (en ese caso, consultar valor del depósito) características: - estar-comedor: espacioso y luminoso, con salida directa al balcón. - Cocina: integrada con buen espacio de guardado. - Dormitorio: con placard completo y ventilación natural. - Baños: toilette de recepción y baño principal completo con bañera. Amenities del edificio: - terraza de uso común: con sector de parrilla. - Solárium y jacuzzi: espacio ideal para el relax al aire libre. - Laundry a pocas cuadras de plaza las heras, el jardín botánico carlos thays, el ecoparque y el parque las heras. Rodeado de una amplia oferta gastronómica y comercial. WhatsApp Contactar""}",,data\raw\argenprop\propiedades_argenprop.csv,argenprop,alquiler,avenida raul scalabrini ortiz,USD,20.0,55c5e1f68af905726476,45.0,,,1.0,2026-09-03 15:09:26.135896+00:00,1,1,1,1,1,1,1,1,0,0,1,1,1,1,1,1,1,1,1,1,1,0,1,1,1,0,1,1,1,1,1,1,1,1,1,1,1,1,1,1,1,1,1,1,1,1,1,1,1,1,1,1,1,1,1,1,1,1,1,1,1,1,1,1,1,1,1,1,1,1,1,1,1,1,0,0,1,1,0
03bafee4ee60fefa9c3c,Argenprop,https://www.argenprop.com/departamento-en-alquiler-en-palermo-1-ambiente--19785008,2026-09-03 15:09:26.142682+00:00,https://www.argenprop.com/departamentos/alquiler/capital-federal,1,200,1,modo_listado_sin_ficha_detallada,Ambiente con cocina break a gas balcón cfte piscina vigil laundry parrilla/ plaza en edificio,,alquiler,departamento,,,,,ARS,540000.0,$ 540.000 + $176.000 expensas,,,,,"Dorrego 2400, Piso 3",Dorrego,2400.0,3,,,,,,,,,,,,1.0,,,,,,,,,,,,,,,,,,,,,,,,,,,,,,,,,,,,,,,,,,,,,,,,,9,https://www.argenprop.com/static-content/80058791/7156027e-0f98-4f4e-9211-1055d63a425c_u_small.jpg,,,1,"{""texto_tarjeta"": ""+ 9 Ver más fotos 1 /17 Visto 6.050 $ 540.000 &plus; $176.000 expensas Dorrego 2400, Piso 3 Departamento en Alquiler en Palermo, CABA 5 años 1 baño Monoam. Ambiente con cocina break a gas balcón cfte piscina vigil laundry parrilla/ plaza en edificio Abl $ 19500 michkin propiedades cucicba 3094 se deja constancia que los m2 son aproximados, al igual que las medidas parciales de los ambientes, y el valor consignado de las expensas mensuales esta sujeto a verificacion y/o ajustes, el precio del inmueble puede ser modificado sin previo aviso. Fotos de caracter no contractual. Las unidades publicadas estan sujetas a disponibilidad. Jorge michkin propiedades actua solamente en carácter de comercializadora de los inmuebles ofrecidos.Inmueble no accesible para personas con discapacidad física ley 5115. En caso de alquileres de vivienda familiar, se encuentra prohibido cobrar comisiones inmobiliarias y gastos de gestoría de informes a los inquilinos que sean personas físicas. Para los casos de alquiler de vivienda, el monto máximo de comisión que se le puede requerir a los propietarios será del 4,15% por ciento del valor total del contrato se encuentra prohibido cobrar a los inquilinos que sean personas físicas comisiones inmobiliarias y gastos de gestoría de informes” Contactar""}",,data\raw\argenprop\propiedades_argenprop.csv,argenprop,alquiler,dorrego,ARS,,03bafee4ee60fefa9c3c,,,1.0,,2026-09-03 15:09:26.142682+00:00,1,1,1,1,1,1,1,1,1,0,0,1,1,1,1,1,1,1,1,1,1,1,0,1,1,1,1,1,1,1,1,1,1,1,1,1,1,1,1,1,1,1,1,1,1,1,1,1,1,1,1,1,1,1,1,1,1,1,1,1,1,1,1,1,1,1,1,1,1,1,1,1,1,1,1,1,1,0,1
1b39e605ac4aae1c4961,Argenprop,https://www.argenprop.com/departamento-en-alquiler-en-palermo-soho-1-ambiente--17507740,2026-09-03 15:09:26.149780+00:00,https://www.argenprop.com/departamentos/alquiler/capital-federal,1,200,1,modo_listado_sin_ficha_detallada,Al fte vivienda /apto profesional/ comercial /MALL los arcos,,alquiler,departamento,,,,,ARS,600000.0,$ 600.000 + $50.000 expensas,,,,33333.33,"Fray Justo Santa María De Oro 2200, Piso 1°",Fray Justo Santa María De Oro,2200.0,1,,,,,,,,,,,,1.0,,,18.0,,,,,,,,,,,,,,,,,,,,,,,,,,,,,,,,,,,,,,,,,,,,,,9,https://www.argenprop.com/static-content/04770571/51668715-544d-4c85-b75c-c2718b0a71a7_u_small.jpg,,,1,"{""texto_tarjeta"": ""+ 8 Ver más fotos 1 /16 Visto 6.031 $ 600.000 &plus; $50.000 expensas Fray Justo Santa María De Oro 2200, Piso 1° Departamento en Alquiler en Palermo Soho, Palermo 18 m² cubie. 1 baño Monoam. Al fte vivienda /apto profesional/ comercial /MALL los arcos Importante leer: se alquila con o si muebles. Amb en palermo hollywood soho, calle oro al 2200 , cerca de plaza serrano. Listo para ingresar, no amoblado, acceso rápido a transporte público (subte d, metrobus, tren) para moverte con facilidad por la ciudad. Expensas bajas $50.000. Consumos de servicios a cargo del inquilino. Se ingresa con 2 meses. Un mes de alq. Un mes de deposito. Envia al whatpp . 9 vender mejor: psicologia cognitiva y neurociencias al servicio de los bienes raices. . Alquileres temporarios - convencionales y venta hacemos coincidir la busqueda e interses del inquilino con la busqueda del propietario. Sr propietario / sra propietaria si quiere ver su depártamento publicado en esta pagina sin ningun costo, ademas de todos los motores de busqueda existentes en argentina. Envíenos las fotos y el detalle de su departamento por whatsapp o por email y nosotros le enviaremos el link para que pueda hacer el seguimiento. Somos un excelente filtro, para que tanto el interesado que esta haciendo la busqueda como el propietario, tengan un contrato de alquiler seguro y conveniente. WhatsApp Contactar""}",,data\raw\argenprop\propiedades_argenprop.csv,argenprop,alquiler,fray justo santa maria de oro,ARS,33333.33,1b39e605ac4aae1c4961,18.0,,1.0,,2026-09-03 15:09:26.149780+00:00,1,1,1,1,1,1,1,1,0,0,0,1,1,1,1,1,1,1,1,1,1,1,0,1,1,0,1,1,1,1,1,1,1,1,1,1,1,1,1,1,1,1,1,1,1,1,1,1,1,1,1,1,1,1,1,1,1,1,1,1,1,1,1,1,1,1,1,1,1,1,1,1,1,1,0,0,1,0,1
376c62b2dbf235d31e8c,Argenprop,https://www.argenprop.com/departamento-en-alquiler-en-palermo-2-ambientes--19539429,2026-09-03 15:09:26.157204+00:00,https://www.argenprop.com/departamentos/alquiler/capital-federal,1,200,1,modo_listado_sin_ficha_detallada,"Alquiler 2 amb en Palermo, excelente ubicacion,",,alquiler,departamento,,,,,ARS,600000.0,$ 600.000 + $175.000 expensas,,,,20000.0,"Humboldt 2400, Piso 4",Humboldt,2400.0,4,,,,,,,,,,2.0,1.0,1.0,,,30.0,,,,,,,,,,,,,,,,,,,,,,,,,,,,,,,,,,,,,,,,,,,,,,9,https://www.argenprop.com/static-content/92493591/14be9e2b-8a1f-4844-a97c-be0bae98f1d9_u_small.jpg,,,1,"{""texto_tarjeta"": ""+ 2 Ver más fotos 1 /10 Visto 6.022 $ 600.000 &plus; $175.000 expensas Humboldt 2400, Piso 4 Departamento en Alquiler en Palermo, CABA 30 m² cubie. 1 dorm. 1 baño Alquiler 2 amb en Palermo, excelente ubicacion, Alquiler de departamento 2 ambientes en palermo hollywood, capital federal departamento de 2 amb de 30 mts cubiertos, cocina con muebles completos y lavadero incorporado, living comedor, baño completo y dormitorio con placard. Excelente sector, a 1 cuadra de av. Santa fe, proximo subte d, estacion de tren. Visitelo condiciones: contrato a 24 meses ajuste por ipc, mes de adelanto, deposito, garantía propietaria familiar, demostración de ingresos comprobables, seguro del hogar, no mascotas. WhatsApp Contactar""}",,data\raw\argenprop\propiedades_argenprop.csv,argenprop,alquiler,humboldt,ARS,20000.0,376c62b2dbf235d31e8c,30.0,2.0,1.0,1.0,2026-09-03 15:09:26.157204+00:00,1,1,1,1,1,1,1,1,0,0,0,1,1,1,1,1,1,1,1,1,0,0,0,1,1,0,1,1,1,1,1,1,1,1,1,1,1,1,1,1,1,1,1,1,1,1,1,1,1,1,1,1,1,1,1,1,1,1,1,1,1,1,1,1,1,1,1,1,1,1,1,1,1,1,0,0,0,0,0
5da7beb161cdf329d4e2,Argenprop,https://www.argenprop.com/departamento-en-alquiler-en-palermo-2-ambientes--6030350,2026-09-03 15:09:26.164437+00:00,https://www.argenprop.com/departamentos/alquiler/capital-federal,1,200,1,modo_listado_sin_ficha_detallada,2 AMBIENTES C/ DEPENDENCIA EN EXCELENTE ZONA C/ Balcón y cochera expensas incluyen Aysa,,alquiler,departamento,,,,,USD,1200.0,USD 1.200 + $440.000 expensas,,,,17.14,"John F Kennedy ( Ex Darregueyra) 2900, Piso 4",John F Kennedy ( Ex Darregueyra),2900.0,4,,,,,,,,,,2.0,1.0,,,,70.0,,,,,,,,,,,,,,,,,,,,,,,,,,,,,,,,,,,,,,,,,,,,,,9,https://www.argenprop.com/static-content/0530306/0cfdadd9-3cc7-473d-80be-2e0d32b5cd45_u_small.jpg,,,1,"{""texto_tarjeta"": ""+ 15 Ver más fotos 1 /23 Visto 6.000 USD 1.200 &plus; $440.000 expensas John F Kennedy ( Ex Darregueyra) 2900, Piso 4 Departamento en Alquiler en Palermo, CABA 70 m² cubie. 1 dorm. 65 años 2 AMBIENTES C/ DEPENDENCIA EN EXCELENTE ZONA C/ Balcón y cochera expensas incluyen Aysa ¡Excelente departamento en una excelente zona de palermo a 300mts del hipódromo argentino! Edificio antiguo de categoría en impecables condiciones; cuenta con encargado permanente. El ingreso del departamento es a un gran living comedor muy luminoso, con cocina separada conectada a la dependencia de servicio con toilette. El dormitorio tiene su baño en suite y posee un placard , cuenta con salida al balcón. El piso del departamento es de parquet reciclado nuevo y cuenta con calefacción por radiadores . Las expensas incluyen gas de la calefacción central y aysa * transportes cercanos: - tren: linea san martin (estación palermo) - subte d (estación plaza italia) - colectivos: 10, 34, 37, 57, 67, 130, 160 * para mayor información y coordinar una visita pueden comunicarse con nosotros al 4542 - 1589 y en nuestras redes sociales: + ig: @aliciamazzini_propiedades WhatsApp Contactar""}",,data\raw\argenprop\propiedades_argenprop.csv,argenprop,alquiler,john f kennedy ( ex darregueyra),USD,17.14,5da7beb161cdf329d4e2,70.0,2.0,,1.0,2026-09-03 15:09:26.164437+00:00,1,1,1,1,1,1,1,1,0,0,0,1,1,1,1,1,1,1,1,1,0,0,1,1,1,0,1,1,1,1,1,1,1,1,1,1,1,1,1,1,1,1,1,1,1,1,1,1,1,1,1,1,1,1,1,1,1,1,1,1,1,1,1,1,1,1,1,1,1,1,1,1,1,1,0,0,0,1,0
99a517113d45f70c19d3,Argenprop,https://www.argenprop.com/departamento-en-alquiler-en-las-canitas-1-ambiente--20297001,2026-09-03 15:09:26.171817+00:00,https://www.argenprop.com/departamentos/alquiler/capital-federal,1,200,1,modo_listado_sin_ficha_detallada,"Luminoso monoambiente con balcón en alquiler a pasos de Av. Libertador, Las Cañitas.",,alquiler,departamento,,,,,ARS,900000.0,$ 900.000 + $230.000 expensas,,,,27272.73,Jose Ortega Y Gasset 1700,Jose Ortega Y Gasset,1700.0,,,,,,,,,,,,,1.0,,,33.0,,,,,,,,,,,,,,,,,,,,,,,,,,,,,,,,,,,,,,,,,,,,,,9,https://www.argenprop.com/static-content/10079202/6ad2c0fd-8df2-4bf3-9fe7-6ba4995ca1f3_u_small.jpg,,,1,"{""texto_tarjeta"": ""+ 16 Ver más fotos 1 /24 Visto 5.950 $ 900.000 &plus; $230.000 expensas Jose Ortega Y Gasset 1700 Departamento en Alquiler en Las Cañitas, Palermo 33 m² cubie. 25 años 1 baño Luminoso monoambiente con balcón en alquiler a pasos de Av. Libertador, Las Cañitas. Luminoso monoambiente ubicado en una de las zonas más buscadas de las cañitas, a metros de av. Libertador, con excelente conexión de transporte público y toda la oferta gastronómica y comercial del barrio a pasos. Al ingresar, nos recibe un amplio ambiente con salida al balcón al contrafrente, con vista a los árboles y pulmón de manzana. Cocina integrada. Placard tipo vestidor. Baño completo. El departamento es todo eléctrico. Aire acondicionado por split frío/calor. Calefacción por losa radiante. WhatsApp Contactar""}",,data\raw\argenprop\propiedades_argenprop.csv,argenprop,alquiler,jose ortega y gasset,ARS,27272.73,99a517113d45f70c19d3,33.0,,1.0,,2026-09-03 15:09:26.171817+00:00,1,1,1,1,1,1,1,1,0,0,1,1,1,1,1,1,1,1,1,1,1,1,0,1,1,0,1,1,1,1,1,1,1,1,1,1,1,1,1,1,1,1,1,1,1,1,1,1,1,1,1,1,1,1,1,1,1,1,1,1,1,1,1,1,1,1,1,1,1,1,1,1,1,1,0,0,1,0,1
730605bd0c8fc047c425,Argenprop,https://www.argenprop.com/departamento-en-alquiler-en-parque-centenario-1-ambiente--2479194,2026-09-03 15:09:26.179468+00:00,https://www.argenprop.com/departamentos/alquiler/capital-federal,1,200,1,modo_listado_sin_ficha_detallada,EXCELENTE AMBIENTE MUY LUMINOSO APTO PROFESIONAL DUEÑO ALQUILA,,alquiler,departamento,,,,,ARS,650000.0,$ 650.000 + $45.000 expensas,,,,20312.5,"Antezana 200, Piso 6",Antezana,200.0,6,,,,,,,,,,1.0,,1.0,,,32.0,,,,,,,,,,,,,,,,,,,,,,,,,,,,,,,,,,,,,,,,,,,,,,8,https://www.argenprop.com/static-content/4919742/34492a47-e333-4cb1-afc1-06e6427e7c36_u_small.jpg,,,1,"{""texto_tarjeta"": ""+ 2 Ver más fotos 1 /10 Visto 5.393 $ 650.000 &plus; $45.000 expensas Antezana 200, Piso 6 Departamento en Alquiler en Parque Centenario, CABA 32 m² cubie. 32 años 1 baño EXCELENTE AMBIENTE MUY LUMINOSO APTO PROFESIONAL DUEÑO ALQUILA Excelente departamento de 1 ambiente muy amplio en contra frente con vista a plaza con frondosa arboleda- consta de ambiente único de 8 x 3,20 mts pasillo de entrada con cocina separada completa con muebles bajo mesada muy amplia de 2 x 2 con vista exterior, baño instalado, placard totalmente instalado con estantes, barrales y cajoneras. Piso de parque plastificado en el ambiente y cerámicos en cocina y baño, apto profesional. Todo en perfecto estado . Ubicado a metros de la plaza \""benito nazar\"" , a 4 cuadras del parque centenario, 3 del cid campeador (av. Díaz vélez, av. Honorio pueyrredón y av. Gaona) y 7 cuadras de la estación \""malabia - osvaldo pugliese\"" del subte b. Múltiples medios de locomoción. Cabe destacar el bajo valor de las expensas mensuales contrato a 2 años 1 mes adelantado 1 mes de deposito garantía propietaria o caución WhatsApp Contactar""}",,data\raw\argenprop\propiedades_argenprop.csv,argenprop,alquiler,antezana,ARS,20312.5,730605bd0c8fc047c425,32.0,1.0,1.0,,2026-09-03 15:09:26.179468+00:00,1,1,1,1,1,1,1,1,0,0,0,1,1,1,1,1,1,1,1,1,0,1,0,1,1,0,1,1,1,1,1,1,1,1,1,1,1,1,1,1,1,1,1,1,1,1,1,1,1,1,1,1,1,1,1,1,1,1,1,1,1,1,1,1,1,1,1,1,1,1,1,1,1,1,0,0,0,0,1
2ce74d4eea291bd03cb8,Argenprop,https://www.argenprop.com/departamento-en-alquiler-en-palermo-soho-3-ambientes--20263052,2026-09-03 15:09:26.187059+00:00,https://www.argenprop.com/departamentos/alquiler/capital-federal,1,200,1,modo_listado_sin_ficha_detallada,3 AMBIENTES REFACCIONADO TOTALMENTE A NUEVO BAJAS EXPENSAS,,alquiler,departamento,,,,,ARS,1350000.0,$ 1.350.000 + $120.000 expensas,,,,20769.23,Honduras 5000,Honduras,5000.0,,,,,,,,,,,3.0,2.0,,,,65.0,,,,,,,,,,,,,,,,,,,,,,,,,,,,,,,,,,,,,,,,,,,,,,9,https://www.argenprop.com/static-content/25036202/bb4264d0-f27e-4155-85c7-aeb70e25c427_u_small.jpg,,,1,"{""texto_tarjeta"": ""+ 6 Ver más fotos 1 /14 Visto 4.801 $ 1.350.000 &plus; $120.000 expensas Honduras 5000 Departamento en Alquiler en Palermo Soho, Palermo 65 m² cubie. 2 dorm. 50 años 3 AMBIENTES REFACCIONADO TOTALMENTE A NUEVO BAJAS EXPENSAS Comodo departamento de 3 ambientes refaccionado a nuevo en corazon de palermo soho. Excelente ubicacion living comedor con cocina abierta. Dos dormitorios con placard (uno en suite). Baño completo. Lavadero cubierto. La unidad es muy luminosa, se encuentra equipada con termotanque y cocina a estrenar (electricos) pisos de porcelanato y pintura general. Ajuste trimestral por ipc. WhatsApp Contactar""}",,data\raw\argenprop\propiedades_argenprop.csv,argenprop,alquiler,honduras,ARS,20769.23,2ce74d4eea291bd03cb8,65.0,3.0,,2.0,2026-09-03 15:09:26.187059+00:00,1,1,1,1,1,1,1,1,0,0,1,1,1,1,1,1,1,1,1,1,0,0,1,1,1,0,1,1,1,1,1,1,1,1,1,1,1,1,1,1,1,1,1,1,1,1,1,1,1,1,1,1,1,1,1,1,1,1,1,1,1,1,1,1,1,1,1,1,1,1,1,1,1,1,0,0,0,1,0
a37eabfd8cc26df41b0b,Argenprop,https://www.argenprop.com/departamento-en-alquiler-en-recoleta-5-ambientes--14042416,2026-09-03 15:09:26.194726+00:00,https://www.argenprop.com/departamentos/alquiler/capital-federal,1,200,1,modo_listado_sin_ficha_detallada,IMPECABLE SEMIPISO! Espectacular patio c/parrilla! Todo luz y sol! Amoblado y Equipado! Cochera fija! ÚNICO! OPORT,,alquiler,departamento,,,,,USD,1500.0,USD 1.500 + $520.000 expensas,,,,15.0,Doctor Tomás Manuel De Anchorena 1700,Doctor Tomás Manuel De Anchorena,1700.0,,,,,,,,,,,,3.0,,,,100.0,,,,,,,,,,,,,,,,,,,,,,,,,,,,,,,,,,,,,,,,,,,,,,9,https://www.argenprop.com/static-content/61424041/0aa6a209-e316-4c5e-bdfb-dfae438fe48c_u_small.jpg,,,1,"{""texto_tarjeta"": ""+ 20 Ver más fotos 1 /28 Visto 4.501 USD 1.500 &plus; $520.000 expensas Doctor Tomás Manuel De Anchorena 1700 Departamento en Alquiler en Recoleta, CABA 100 m² cubie. 3 dorm. 30 años IMPECABLE SEMIPISO! Espectacular patio c/parrilla! Todo luz y sol! Amoblado y Equipado! Cochera fija! ÚNICO! OPORT Impecable semipiso! Espectacular patio propio con parrilla! Muy luminoso! Todo luz y sol! Amoblado y equipado! Palier privado! Excelente distribución! Amplio living- comedor! Toilette con ducha! Baño completo! 3 dormitorios! Placares! Playroom o escritorio con sofá cama! Cocina completa! Comedor diario! Lavadero independiente! Entrada de servicio! Servicios centrales! 5 splits! Pisos de madera! Cochera fija y cubierta! El encargado vive en el edificio! Inmejorable ubicación! Todos los medios de transporte! Único! Oportunidad! * Esta propiedad no posee rampa de acceso para personas con movilidad reducida. *Las descripciones, medidas, superficies y proporciones consignadas en esta ficha son aproximadas, sólo se muestran a modo orientativo. Los montos de expensas, tasas e impuestos deben ser confirmados ya que dependen de la fecha en la que se obtuvo la información. *Matrícula cucicba 2204 WhatsApp Contactar""}",,data\raw\argenprop\propiedades_argenprop.csv,argenprop,alquiler,doctor tomas manuel de anchorena,USD,15.0,a37eabfd8cc26df41b0b,100.0,,,3.0,2026-09-03 15:09:26.194726+00:00,1,1,1,1,1,1,1,1,0,0,1,1,1,1,1,1,1,1,1,1,1,0,1,1,1,0,1,1,1,1,1,1,1,1,1,1,1,1,1,1,1,1,1,1,1,1,1,1,1,1,1,1,1,1,1,1,1,1,1,1,1,1,1,1,1,1,1,1,1,1,1,1,1,1,0,0,1,1,0
1f099a6c849018346d5a,Argenprop,https://www.argenprop.com/departamento-en-alquiler-en-recoleta-2-ambientes--20370577,2026-09-03 15:09:26.202677+00:00,https://www.argenprop.com/departamentos/alquiler/capital-federal,1,200,1,modo_listado_sin_ficha_detallada,ESTUPENDO 2 AMBIENTES,,alquiler,departamento,,,,,ARS,900000.0,$ 900.000 + $260.000 expensas,ARS,260000.0,expensas $ 260.000,18367.35,"Billinghurst 1400, Piso 5",Billinghurst,1400.0,5,,,,,,,,,,2.0,1.0,1.0,,,49.0,,,,,,,,,,,,,,,,,,,,,,,,,,,,,,,,,,,,,,,,,,,,,,9,https://www.argenprop.com/static-content/77507302/5ff80da3-78c5-404f-8c22-e50ccfc4bf0e_u_small.jpg,,,1,"{""texto_tarjeta"": ""+ 6 Ver más fotos 1 /14 Visto 4.500 $ 900.000 &plus; $260.000 expensas Billinghurst 1400, Piso 5 Departamento en Alquiler en Recoleta, CABA 49 m² cubie. 1 dorm. 1 baño ESTUPENDO 2 AMBIENTES Recoleta - billinghurst 1496 - 5°p esquina mansilla - a metros av cnel diaz y av santa fé estupendo 2 ambientes. Todo luz y sol - al frente. 49m2. Living comedor a amplio balcon con persiana automátizada. Dormitorio con gran placard. Baño completo. Cocina independiente. Gran capacidad de guardado. Pisos de madera equipos de aire acondicionado impecable estado. $900.000 - expensas $ 260.000 aysa $24.000 - agua 16.000 WhatsApp Contactar""}",,data\raw\argenprop\propiedades_argenprop.csv,argenprop,alquiler,billinghurst,ARS,18367.35,1f099a6c849018346d5a,49.0,2.0,1.0,1.0,2026-09-03 15:09:26.202677+00:00,1,1,1,1,1,0,0,0,0,0,0,1,1,1,1,1,1,1,1,1,0,0,0,1,1,0,1,1,1,1,1,1,1,1,1,1,1,1,1,1,1,1,1,1,1,1,1,1,1,1,1,1,1,1,1,1,1,1,1,1,1,1,1,1,1,1,1,1,1,1,1,1,1,1,0,0,0,0,0
10840bea4f604dee53f1,Argenprop,https://www.argenprop.com/departamento-en-alquiler-en-caballito-sur-2-ambientes--20313970,2026-09-03 15:09:26.210895+00:00,https://www.argenprop.com/departamentos/alquiler/capital-federal,1,200,1,modo_listado_sin_ficha_detallada,ALQUILER DEPARTAMENTO DE CATEGORIA A ESTRENAR EN CABALLITO,,alquiler,departamento,,,,,ARS,1200000.0,$ 1.200.000,ARS,215000.0,expensas $215.000,28625.95,"Avenida Directorio 700, Piso 3",Avenida Directorio,700.0,3,,,,,,,,,,2.0,1.0,,,,41.92,,,,,,,,,,,,,,,,,,,,,,,,,,,,,,,,,,,,,,,,,,,,,,8,https://www.argenprop.com/static-content/07931302/6e4fceb6-7a30-4071-8e8d-6b2561b2540e_u_small.jpg,,,1,"{""texto_tarjeta"": ""+ 3 Ver más fotos 1 /11 Visto 4.401 $ 1.200.000 Avenida Directorio 700, Piso 3 Departamento en Alquiler en Caballito Sur, Caballito 41,92 m² cubie. 5,16 m² Semicubierta 1 dorm. ALQUILER DEPARTAMENTO DE CATEGORIA A ESTRENAR EN CABALLITO Dueño direto , alquila 2 amb. A estrenar en caballito en edificio premiun full amenities. El edificio fue construido para vivir mejor, brindando servicios diferenciales con un concepto innovador. *Una propuesta que combina diseño, arquitectura y tecnologia constructiva para brindar confort, eficiencia y calidad. - *1er edificio con sistema de aerotermia. El 75% de la energía lo obtiene de la atmosfera. Sistema de climatización basado en aerotermia. Control inteligente de la temperatura de los diferentes ambientes. Este sistema representará un 45% de ahorro en el consumo energético. Detalles de categoría, aberturas con dvh, pisos de porcelanato o símil madera, agua caliente centralizada mediante tecnología sustentable, \""sistema aerotermia'' calefacción por piso radiante. Refrigeración por equipos terminales de baja silueta. Sistema fancois eléctricos controlados individualmente por termostatos de pantalla táctil, control inteligente\"". Es un 2 ambientes ubicado en el tercer piso lateral , totalmente silencioso - expensas $215.000 ( mes junio y julio c/ u ) cocina integrada al living comedor. - Dormitorio en suite con salida al balcón - 1 toilette - muy luminoso sup. Total: 47,08 sup. Cubierta: 41,92 sup. Semi cubierta: 5,16 incluye bicicletero el edificio cuenta con: - vigilancia presencial 24 hs - sala de coworking - sum de categoria equipado totalmenet, wi fi en áreas comunes. - Espacio de guardado para e-commerce - gimnasio con vestuarios - laundry - piscina con borde infinito - solárium - 3 parrillas con mesas en sector cerrado - grupo electrógeno. Requisitos de alquiler: - 2 meses de depósito en garantía - 1 mes de alquiler por adelantado - garantía propietaria de caba - demostración de ingresos - ajustes trimestrales según ipc - duración del contrato: 24 meses *1er edificio con sistema de aerotermia. El 75% de la energía lo obtiene de la atmosfera. Sistema de climatización basado en aerotermia. Control inteligente de la temperatura de los diferentes ambientes. Acceso al edifcio y demas espacios mediante medios electronicos .-Seguridad 24 hs . El edificio es totalmente a estrenar.- A metros de la residencial av. Pedro goyena. Ubicado estratégicamente, próximo a la estación josé maria moreno de la linea e, a la autopista 25 de mayo y cerca del parque chacabuco. Te invitamos a que conozcas una nueva forma de vivir en caballito WhatsApp Contactar""}",,data\raw\argenprop\propiedades_argenprop.csv,argenprop,alquiler,avenida directorio,ARS,28625.95,10840bea4f604dee53f1,41.92,2.0,,1.0,2026-09-03 15:09:26.210895+00:00,1,1,1,1,1,0,0,0,0,0,0,1,1,1,1,1,1,1,1,1,0,0,1,1,1,0,1,1,1,1,1,1,1,1,1,1,1,1,1,1,1,1,1,1,1,1,1,1,1,1,1,1,1,1,1,1,1,1,1,1,1,1,1,1,1,1,1,1,1,1,1,1,1,1,0,0,0,1,0
992400e7e45ac3b5dd22,Argenprop,https://www.argenprop.com/departamento-en-alquiler-en-palermo-4-ambientes--19801431,2026-09-03 15:09:26.218905+00:00,https://www.argenprop.com/departamentos/alquiler/capital-federal,1,200,1,modo_listado_sin_ficha_detallada,"Departamento en alquiler en Palermo, CABA",,alquiler,departamento,,,,,USD,3500.0,USD 3.500,,,,28.69,Jerónimo Salguero 2700,Jerónimo Salguero,2700.0,,,,,,,,,,,,3.0,,,,122.0,,,,,,,,,,,,,,,,,,,,,,,,,,,,,,,,,,,,,,,,,,,,,,9,https://www.argenprop.com/static-content/13410891/d92e5874-383a-40bd-8b75-bb92a397ea70_u_small.jpg,,,1,"{""texto_tarjeta"": ""+ 12 Ver más fotos 1 /20 Visto 4.400 USD 3.500 Jerónimo Salguero 2700 Departamento en Alquiler en Palermo, CABA 122 m² cubie. 3 dorm. 22 años Departamento en alquiler en Palermo, CABA Departamento en alquiler en palermo, caba -impecable unidad de 126 m2 totales ubicada en la exclusiva torre bellini, pleno palermo, con acceso a una calidad de vida premium. Características principales: -palier privado que aporta privacidad y confort. -Gran living-comedor con ventanales, vista abierta y una excelente circulación. -Toilette de recepción. -Tres dormitorios en suite. -Cocina comedor con doble mesada, abundantes alacenas y bajo mesadas. -Amplio laundry. -Cochera fija cubierta. Amenities destacados de la torre: -alquiler: usd 3.500 - expensas: $ 1.100.000 pileta descubierta, solárium, gimnasio, spa con sauna, sala de relax, parque de juegos infantiles, laundry, seguridad 24 h. Aviso legal: las descripciones arquitectónicas y funcionales, valores de expensas, impuestos y servicios, fotos y medidas de este inmueble son aproximados. Los datos fueron proporcionados por el propietario y pueden no estar actualizados a la hora de la visualización de este aviso por lo cual pueden arrojar inexactitudes y discordancias con las que surgen de las facturas, títulos y planos legales del inmueble. El interesado deberá realizar las verificaciones respectivas previamente a la realización de cualquier operación, requiriendo por si o sus profesionales las copias necesarias de la documentación que corresponda. Auge propiedades av. Córdoba 1698. C.A.B.A. Cucicba matricula: 1263 cmcpsi matricula: 6827 telefono: - ley 5859 art. 4 para los casos de alquiler de vivienda, el monto máximo de comisión que se le puede requerir a los propietarios será el equivalente al cuatro con quince centésimos por ciento (4,15%) del valor total del respectivo contrato. \"" WhatsApp Contactar""}",,data\raw\argenprop\propiedades_argenprop.csv,argenprop,alquiler,jeronimo salguero,USD,28.69,992400e7e45ac3b5dd22,122.0,,,3.0,2026-09-03 15:09:26.218905+00:00,1,1,1,1,1,1,1,1,0,0,1,1,1,1,1,1,1,1,1,1,1,0,1,1,1,0,1,1,1,1,1,1,1,1,1,1,1,1,1,1,1,1,1,1,1,1,1,1,1,1,1,1,1,1,1,1,1,1,1,1,1,1,1,1,1,1,1,1,1,1,1,1,1,1,0,0,1,1,0
6c9e574901c10b8c08b1,Argenprop,https://www.argenprop.com/departamento-en-alquiler-en-palermo-hollywood-2-ambientes--9068657,2026-09-03 15:09:26.227010+00:00,https://www.argenprop.com/departamentos/alquiler/capital-federal,1,200,1,modo_listado_sin_ficha_detallada,Departamento en alquiler en Palermo Hollywood,,alquiler,departamento,,,,,ARS,1300000.0,$ 1.300.000 + $370.000 expensas,,,,27083.33,"Arévalo 2200, Piso 5",Arévalo,2200.0,5,,,,,,,,,,2.0,1.0,,,,48.0,,,,,,,,,,,,,,,,,,,,,,,,,,,,,,,,,,,,,,,,,,,,,,8,https://www.argenprop.com/static-content/7568609/b43153cc-3415-4459-8fc8-8d0fbb18e698_u_small.jpg,,,1,"{""texto_tarjeta"": ""+ 13 Ver más fotos 1 /21 Visto 4.360 $ 1.300.000 &plus; $370.000 expensas Arévalo 2200, Piso 5 Departamento en Alquiler en Palermo Hollywood, Palermo 48 m² cubie. 1 dorm. 15 años Departamento en alquiler en Palermo Hollywood Espectacular semipiso de 2amb en alquiler en la mejor zona de palermo hollywood. A 150m de av sta fe y del subte d (estación carranza), en pleno corredor gastrónimico. Dpto con caldera individual para losa radiante y agua caliente. Baño en suitte y toilette. Vestidor y placares completos. Aire acondicionado instalado en living comedor. Balcon terraza con parrilla. Terminaciones de primera calidad. Edificio de categoría con sum, pileta y espacio para bicicletas. Dueño directo indexación trimestral por ipc garantía propietaria o seguro de caución WhatsApp Contactar""}",,data\raw\argenprop\propiedades_argenprop.csv,argenprop,alquiler,arevalo,ARS,27083.33,6c9e574901c10b8c08b1,48.0,2.0,,1.0,2026-09-03 15:09:26.227010+00:00,1,1,1,1,1,1,1,1,0,0,0,1,1,1,1,1,1,1,1,1,0,0,1,1,1,0,1,1,1,1,1,1,1,1,1,1,1,1,1,1,1,1,1,1,1,1,1,1,1,1,1,1,1,1,1,1,1,1,1,1,1,1,1,1,1,1,1,1,1,1,1,1,1,1,0,0,0,1,0
7b80d06df35789d4d7d6,Argenprop,https://www.argenprop.com/departamento-en-alquiler-en-recoleta-5-ambientes--19464287,2026-09-03 15:09:26.235591+00:00,https://www.argenprop.com/departamentos/alquiler/capital-federal,1,200,1,modo_listado_sin_ficha_detallada,Quintana al 300 | Recoleta | Dto. 5 amb. amob. y equip. c/ dep. serv. | Alquiler c/exp. y serv. inc.,,alquiler,departamento,,,,,USD,2800.0,USD 2.800,,,,20.0,Quintana 300,Quintana,300.0,,,,,,,,,,,5.0,3.0,2.0,,,140.0,,,,,,,,,,,,,,,,,,,,,,,,,,,,,,,,,,,,,,,,,,,,,,9,https://www.argenprop.com/static-content/78246491/ff3134c7-4254-4d85-a3a8-d2483f5ea9c7_u_small.jpg,,,1,"{""texto_tarjeta"": ""+ 18 Ver más fotos 1 /26 Visto 4.320 USD 2.800 Quintana 300 Departamento en Alquiler en Recoleta, CABA 140 m² cubie. 3 dorm. 80 años Quintana al 300 | Recoleta | Dto. 5 amb. amob. y equip. c/ dep. serv. | Alquiler c/exp. y serv. inc. Características de la propiedad: se trata de un departamento semipiso de 5 ambientes (living - comedor - 3 dormitorios), 2 baños completos (uno en suite), cocina-comedor, lavadero, habitación y baño de servicio y balcón. Ubicado en un 4o piso al contrafrente; luminoso, silencioso y con una hermosa vista al pulmón de manzana; tiene entrada de servicio, muy buena distribución de los ambientes, varios placares y piso parquet en excelente estado. El departamento está totalmente amoblado, decorado y equipado. Las expensas y los servicios públicos están incluidos en el precio (excepto la electricidad). Son 140 m2. La propiedad es ideal para personal diplomático o directivos de empresas opcional cochera fija en estacionamiento frente al edificio - usd 200 / mes características del edificio: edificio de 80 años de muy buena calidad constructiva y muy bien mantenido en la calle quintana al 300 del barrio de recoleta. Cuenta con 2 ascensores y es accesible para personas mayores y en silla de ruedas. Son 2 departamentos por piso. Servicios centrales: agua caliente y calefacción por radiadores. El edificio cuenta con cámaras de seguridad y llave electrónica. Características de la zona: la propiedad se ubica en la calle pres. Manuel quintana al 300 en el barrio de recoleta. Zona comercial y turística. Cercanía con las avdas. Callao y libertador, con el cementerio de la recoleta y con el shopping patio bullrich. Condiciones del alquiler: - valor: usd 2.800 mensuales (incluye expensas, tv x cable, internet y servicios públicos -excepto electricidad-); - depósito de garantía: usd 2.800; - clausula diplomática por rescisión anticipada por traslado. - No se admiten mascotas. Notas: - se deja constancia de que las medidas, superficies y m2 consignados son aproximados, sujetos a verificación y/o ajuste. El precio del inmueble puede ser modificado sin previo aviso. - El inmueble publicado es accesible para personas con capacidades físicas reducidas (ley 5.115). - \""Para los casos de alquiler de vivienda, el monto máximo de comisión que se le puede requerir a los propietarios será el equivalente al cuatro con quince centésimos por ciento (4,15%) del valor total del contrato. Se encuentra prohibido cobrar a los inquilinos que sean personas físicas comisiones inmobiliarias y gastos de gestoría de informes\"" (ley 5.854). - Todas las operaciones inmobiliarias se encuentran a cargo del profesional matriculado de la oficina, corredor inmobiliario martín horacio pereira, matrícula 9735 cucicba. La intermediación y la conclusión de las mismas serán llevadas exclusivamente por él. Cada oficina es de propiedad y de gestión independiente. En el cumplimiento de la ley nacional 25.028, ley 22.802 de lealtad comercial, ley 24.240 de defensa al consumidor, las normas del código civil y comercial de la nación y constitucionales. Los agentes no ejercen el corretaje inmobiliario. WhatsApp Contactar""}",,data\raw\argenprop\propiedades_argenprop.csv,argenprop,alquiler,quintana,USD,20.0,7b80d06df35789d4d7d6,140.0,5.0,2.0,3.0,2026-09-03 15:09:26.235591+00:00,1,1,1,1,1,1,1,1,0,0,1,1,1,1,1,1,1,1,1,1,0,0,0,1,1,0,1,1,1,1,1,1,1,1,1,1,1,1,1,1,1,1,1,1,1,1,1,1,1,1,1,1,1,1,1,1,1,1,1,1,1,1,1,1,1,1,1,1,1,1,1,1,1,1,0,0,0,0,0
301acf8916f5f7a840a6,Argenprop,https://www.argenprop.com/departamento-en-alquiler-en-recoleta-2-ambientes--20165846,2026-09-03 15:09:26.244026+00:00,https://www.argenprop.com/departamentos/alquiler/capital-federal,1,200,1,modo_listado_sin_ficha_detallada,HERMOSO 2 AMB CON BALCÓN PROXIMO AL SHOPPING ALTO PALERMO- BAJAS EXPENSAS,,alquiler,departamento,,,,,ARS,820000.0,$ 820.000 + $125.000 expensas,,,,20500.0,Billinghurst 1400,Billinghurst,1400.0,,,,,,,,,,,2.0,1.0,,,,40.0,,,,,,,,,,,,,,,,,,,,,,,,,,,,,,,,,,,,,,,,,,,,,,9,https://www.argenprop.com/static-content/64856102/acb2e7e1-e8fd-44d0-88f6-29880d90dcbf_u_small.jpg,,,1,"{""texto_tarjeta"": ""+ 17 Ver más fotos 1 /25 Visto 4.314 $ 820.000 &plus; $125.000 expensas Billinghurst 1400 Departamento en Alquiler en Recoleta, CABA 40 m² cubie. 1 dorm. 35 años HERMOSO 2 AMB CON BALCÓN PROXIMO AL SHOPPING ALTO PALERMO- BAJAS EXPENSAS Alquiler de departamento 2 ambientes con balcon en recoleta, capital federal hermoso departamento 2 ambientes con balcón corrido al frente y balcón francés interno, frente, luminoso, amplio living/comedor, placard en pasillo, baño completo, amplia cocina con lavadero, piso 5. Edificio ubicado entre mansilla y paraguay, a 1 cuadra de av. Coronel diaz, a 4 cuadras del alto palermo shopping y a metros de innumerables líneas de colectivo.- Aclaración: el propietario no acepta perros. Contrato tradicional 2 años - requisitos: 1) contar con garantía propietaria o seguro de caución (argenprop); 2) contar con ingresos demostrables; 3) contrato 2 años; 4) actualización trimestral ipc; 5) deposito, 6) un mes de adelanto y 7) contratar seguro contra incendios aviso legal las descripciones arquitectónicas y funcionales, valores de expensas, impuestos y servicios, fotos y medidas de este inmueble son aproximados. Los datos fueron proporcionados por el propietario y pueden no estar actualizados a la hora de la visualización de este aviso por lo cual puede arrojar inexactitudes y discordancias con las que surgen de las facturas, títulos y planos legales del inmueble. El interesado debe realizar las verificaciones respectivas previamente a la realización de cualquier operación, requiriendo por si o sus profesionales las copias necesarias de la documentación que corresponda. 2) se encuentra prohibido cobrar comisiones inmobiliarias y gastos de gestoría de informes a los inquilinos que sean personas físicas. Para los casos de alquiler de vivienda, el monto máximo de comisión que se le puede requerir a los propietarios será el equivalente al cuatro con quince centésimos por cientos (4,15%) del valor total del respectivo contrato. Corredores inmobiliarios responsables en caba: juan carlos sardi cucicba 2174 luciano lance cucicba 2173 corredor inmobiliario responsable en provincia de buenos aires: luciano lance 4032 tª ix fª 4032 cmcpdjme WhatsApp Contactar""}",,data\raw\argenprop\propiedades_argenprop.csv,argenprop,alquiler,billinghurst,ARS,20500.0,301acf8916f5f7a840a6,40.0,2.0,,1.0,2026-09-03 15:09:26.244026+00:00,1,1,1,1,1,1,1,1,0,0,1,1,1,1,1,1,1,1,1,1,0,0,1,1,1,0,1,1,1,1,1,1,1,1,1,1,1,1,1,1,1,1,1,1,1,1,1,1,1,1,1,1,1,1,1,1,1,1,1,1,1,1,1,1,1,1,1,1,1,1,1,1,1,1,0,0,0,1,0
7e20df4d5f681c878d40,Argenprop,https://www.argenprop.com/departamento-en-alquiler-en-recoleta-2-ambientes--20172118,2026-09-03 15:09:29.546546+00:00,https://www.argenprop.com/departamentos/alquiler/capital-federal,2,200,1,modo_listado_sin_ficha_detallada,AMOBLADO. ALQUILER: $ 680.000 ó U$S 480. Expensas: $ 130.000.,,alquiler,departamento,,,,,ARS,680000.0,$ 680.000 + $130.000 expensas,,,,17894.74,"Charcas 4000, Piso 3",Charcas,4000.0,3,,,,,,,,,,,1.0,,,,38.0,,,,,,,,,,,,,,,,,,,,,,,,,,,,,,,,,,,,,,,,,,,,,,6,https://www.argenprop.com/static-content/80127102/e705136d-a309-4764-ba65-631bafb37266_u_small.jpg,,,1,"{""texto_tarjeta"": ""1 /5 Visto 4.312 $ 680.000 &plus; $130.000 expensas Charcas 4000, Piso 3 Departamento en Alquiler en Recoleta, CABA 38 m² cubie. 1 dorm. 35 años AMOBLADO. ALQUILER: $ 680.000 ó U$S 480. Expensas: $ 130.000. Alquiler: $ 680.000 ó u$s 480. Expensas: $ 130.000. Amoblado, piso 3, muy luminoso. Cocina americana, baño completo. Seguinos por instagram arguellesasociadosinmobiliaria visita nuestra pagina web WhatsApp Contactar""}",,data\raw\argenprop\propiedades_argenprop.csv,argenprop,alquiler,charcas,ARS,17894.74,7e20df4d5f681c878d40,38.0,,,1.0,2026-09-03 15:09:29.546546+00:00,1,1,1,1,1,1,1,1,0,0,0,1,1,1,1,1,1,1,1,1,1,0,1,1,1,0,1,1,1,1,1,1,1,1,1,1,1,1,1,1,1,1,1,1,1,1,1,1,1,1,1,1,1,1,1,1,1,1,1,1,1,1,1,1,1,1,1,1,1,1,1,1,1,1,0,0,1,1,0
ff0fe9ffc06c2b349794,Argenprop,https://www.argenprop.com/departamento-en-alquiler-en-caballito-2-ambientes--19968691,2026-09-03 15:09:29.554978+00:00,https://www.argenprop.com/departamentos/alquiler/capital-federal,2,200,1,modo_listado_sin_ficha_detallada,DEPARTAMENTO EN ALQUILER - 2 AMBIENTES - CABALLITO en excelente estado con Cochera optativa,,alquiler,departamento,,,,,ARS,750000.0,$ 750.000 + $213.800 expensas,,,,18292.68,"Rojas 1000, Piso 5",Rojas,1000.0,5,,,,,,,,,,2.0,1.0,,,,41.0,,,,,,,,,,,,,,,,,,,,,,,,,,,,,,,,,,,,,,,,,,,,,,8,https://www.argenprop.com/static-content/19686991/a2be08af-2e81-4f76-90d8-923fd07b7b3a_u_small.jpg,,,1,"{""texto_tarjeta"": ""+ 1 Ver más fotos 1 /9 Visto 4.234 $ 750.000 &plus; $213.800 expensas Rojas 1000, Piso 5 Departamento en Alquiler en Caballito, CABA 41 m² cubie. 3 m² Semicubierta 1 dorm. DEPARTAMENTO EN ALQUILER - 2 AMBIENTES - CABALLITO en excelente estado con Cochera optativa Te invitamos a descubrir este departamento de 2 ambientes, una joya por su estado y ubicación estratégica. Si buscas un hogar donde la luminosidad sea la protagonista y la calidad de vida sea prioridad, esta es tu oportunidad. Ubicación de privilegio: a metros del monumento al cid campeador. Disfruta de la comodidad de estar a solo una cuadra del espectacular parque lineal de honorio pueyrredón, un corredor verde de 9 cuadras ideal para caminar, entrenar o simplemente desconectar al aire libre. Transporte cercano: colectivos: 2, 5, 8, 25, 26, 36, 42, 49, 53, 55, 84, 85, 86, 88, 92, 96, 103, 104, 132, 135, 136, 141, 163, 172, 180, 181 subtes: estación acoyte - línea a tren: estación caballito - línea sarmiento eco-bici: estación 272 - plaza giordano bruno descripción de la unidad: • living-comedor: espacioso, recién pintado, con pisos de parquet pulidos y plastificados a nuevo con amplios ventanales. • Balcón: vista abierta. • Dormitorios: dormitorio, ambos con placard empotrado de gran capacidad con baulera. • Cocina lavadero: independiente, equipada con mobiliario completo, ventilación natural al exterior con espacio. Conexiones y espacio para lavarropas. Gas natural. • Baño: completo, con revestimientos cerámicos • climatización: equipado con dos calefactores de tiro balanceado (gas natural). • Cochera optativa: disponibilidad de cochera cubierta fija dentro del edificio ($145.000) . Condiciones comerciales: • alquiler: $750.000 mensuales. • Expensas: $213.800 (agosto 2026, las expensas incluyen servicio de aysa). • Abl agosto 2026:$16.570 • plazo contractual: 24 meses. • Actualización cuatrimestral por índice de precios al consumidor (ipc). Cochera optativa $145.000 requisitos de contratación: 1. Garantía propietaria (preferentemente de familiar) o seguro de caución. 2. Demostración de ingresos de los locatarios mediante los últimos 3 recibos de sueldo o certificación de ingresos realizada por contador público. 3. Fotocopias de documentos de identidad (dni) de locatarios y garante, copia escritura propiedad entregada en garantia. 4. Ingreso: 1 mes de adelanto, 1 mes de depósito en garantía. Para coordinar una visita o solicitar mayor información, por favor comuníquese a nuestra línea de contacto: WhatsApp Contactar""}",,data\raw\argenprop\propiedades_argenprop.csv,argenprop,alquiler,rojas,ARS,18292.68,ff0fe9ffc06c2b349794,41.0,2.0,,1.0,2026-09-03 15:09:29.554978+00:00,1,1,1,1,1,1,1,1,0,0,0,1,1,1,1,1,1,1,1,1,0,0,1,1,1,0,1,1,1,1,1,1,1,1,1,1,1,1,1,1,1,1,1,1,1,1,1,1,1,1,1,1,1,1,1,1,1,1,1,1,1,1,1,1,1,1,1,1,1,1,1,1,1,1,0,0,0,1,0
a3547787b16b3e7a635e,Argenprop,https://www.argenprop.com/departamento-en-alquiler-en-belgrano-2-ambientes--20293743,2026-09-03 15:09:29.564174+00:00,https://www.argenprop.com/departamentos/alquiler/capital-federal,2,200,1,modo_listado_sin_ficha_detallada,"2 amb c/patio en PB a la calle VALOR PAQUETE (incluye: Alquiler, expensas, Aysa y ABL)",,alquiler,departamento,,,,,ARS,850000.0,$ 850.000,,,,21250.0,Echeverria 1900,Echeverria,1900.0,,,,,,,,,,,2.0,1.0,90.0,,,40.0,,,,,,,,,,,,,,,,,,,,,,,,,,,,,,,,,,,,,,,,,,,,,,9,https://www.argenprop.com/static-content/34739202/09cf06c6-1d26-4cb4-90a8-fd38f8c51d5c_u_small.jpg,,,1,"{""texto_tarjeta"": ""+ 7 Ver más fotos 1 /15 Visto 4.217 $ 850.000 Echeverria 1900 Departamento en Alquiler en Belgrano, CABA 40 m² cubie. 1 dorm. A Estrenar 2 amb c/patio en PB a la calle VALOR PAQUETE (incluye: Alquiler, expensas, Aysa y ABL) Lindo 2 ambientes en belgrano con patio en pb a la calle valor paquete (alquiler, expensas, aysa, abl) = $ 850.000.- Todo incluido - amplio y luminoso 2 amb c/patio propia - excelente zona de 55m2 totales medidas aproximadas: habitación 3,20 x 2,90 baño: 2,10 x 1,80 living: 3,60 x 3,20 cocina: 3 x 1,60 lavadero: 1,60 x 1,25 patio: 4 x 4 planta baja a la calle, a mts de avenida juramento - a pocas cuadras de av del libertador, y del subte \""d\"" living comedor - baño completo - cocina completa, lavadero separado - luminosa habitación - recién pintado - impecable requisitos y condiciones: contrato de 24 meses c/ ajuste trimestral por ipc 1 mes de deposito - 1 mes de adelanto garantía: seguro de caución de premium group - demostrar ingresos - apto mascota pequeña. Matias zavala propiedades empresa lides en la comercialización de inmuebles industriales y comerciales en caba (cucicba 2577) comunícate: . Contactar""}",,data\raw\argenprop\propiedades_argenprop.csv,argenprop,alquiler,echeverria,ARS,21250.0,a3547787b16b3e7a635e,40.0,2.0,90.0,1.0,2026-09-03 15:09:29.564174+00:00,1,1,1,1,1,1,1,1,0,0,1,1,1,1,1,1,1,1,1,1,0,0,0,1,1,0,1,1,1,1,1,1,1,1,1,1,1,1,1,1,1,1,1,1,1,1,1,1,1,1,1,1,1,1,1,1,1,1,1,1,1,1,1,1,1,1,1,1,1,1,1,1,1,1,0,0,0,0,0
30ce3baf2c4fce91b7cb,Argenprop,https://www.argenprop.com/departamento-en-alquiler-en-belgrano-2-ambientes--6068439,2026-09-03 15:09:29.576702+00:00,https://www.argenprop.com/departamentos/alquiler/capital-federal,2,200,1,modo_listado_sin_ficha_detallada,"Balcón, Vigilancia, Lavadero. Aire Acondicionado, Pileta, Gym",,alquiler,departamento,,,,,ARS,830000.0,$ 830.000 + $317.000 expensas,,,,18444.44,"Congreso 2300, Piso 2",Congreso,2300.0,2,,,,,,,,,,,1.0,,,,45.0,,,,,,,,,,,,,,,,,,,,,,,,,,,,,,,,,,,,,,,,,,,,,,9,https://www.argenprop.com/static-content/9348606/f784664a-5ad5-46e4-9d1a-4716624734af_u_small.jpg,,,1,"{""texto_tarjeta"": ""1 /8 Visto 4.216 $ 830.000 &plus; $317.000 expensas Congreso 2300, Piso 2 Departamento en Alquiler en Belgrano, CABA 45 m² cubie. 1 dorm. 25 años Balcón, Vigilancia, Lavadero. Aire Acondicionado, Pileta, Gym Piscina, sauna, gimnasio, s.U.M., Vigilancia. Piso 2 contrafrente, muy luminoso, balcón, recién pintado. Expensas: $ 317.000 seguinos por instagram: arguellesasociadosinmobiliaria WhatsApp Contactar""}",,data\raw\argenprop\propiedades_argenprop.csv,argenprop,alquiler,congreso,ARS,18444.44,30ce3baf2c4fce91b7cb,45.0,,,1.0,2026-09-03 15:09:29.576702+00:00,1,1,1,1,1,1,1,1,0,0,0,1,1,1,1,1,1,1,1,1,1,0,1,1,1,0,1,1,1,1,1,1,1,1,1,1,1,1,1,1,1,1,1,1,1,1,1,1,1,1,1,1,1,1,1,1,1,1,1,1,1,1,1,1,1,1,1,1,1,1,1,1,1,1,0,0,1,1,0
ab80f5f676f719090393,Argenprop,https://www.argenprop.com/departamento-en-alquiler-en-belgrano-3-ambientes--20173929,2026-09-03 15:09:29.583376+00:00,https://www.argenprop.com/departamentos/alquiler/capital-federal,2,200,1,modo_listado_sin_ficha_detallada,3 amb fte. bcon,,alquiler,departamento,,,,,ARS,950000.0,$ 950.000 + $220.000 expensas,,,,,"Moldes 1300, Piso 11",Moldes,1300.0,11,,,,,,,,,,3.0,2.0,1.0,,,,,,,,,,,,,,,,,,,,,,,,,,,,,,,,,,,,,,,,,,,,,,,,,9,https://www.argenprop.com/static-content/92937102/ac4b9df1-a2f3-414a-b720-feb686c43a63_u_small.jpg,,,1,"{""texto_tarjeta"": ""+ 1 Ver más fotos 1 /9 Visto 4.210 $ 950.000 &plus; $220.000 expensas Moldes 1300, Piso 11 Departamento en Alquiler en Belgrano, CABA 2 dorm. 1 baño 3 ambientes 3 amb fte. bcon Este departamento tiene vista abierta hacia una plaza, por lo cual tiene muy buena luz natural. Consta de dos dormitorios con placar (uno con salida al balcón), living comedor, un baño completo y cocina con lavadero separado. Para más información, recibir fotos o concertar una visita, comuníquese por whatsapp al . WhatsApp Contactar""}",,data\raw\argenprop\propiedades_argenprop.csv,argenprop,alquiler,moldes,ARS,,ab80f5f676f719090393,,3.0,1.0,2.0,2026-09-03 15:09:29.583376+00:00,1,1,1,1,1,1,1,1,1,0,0,1,1,1,1,1,1,1,1,1,0,0,0,1,1,1,1,1,1,1,1,1,1,1,1,1,1,1,1,1,1,1,1,1,1,1,1,1,1,1,1,1,1,1,1,1,1,1,1,1,1,1,1,1,1,1,1,1,1,1,1,1,1,1,1,1,0,0,0
88e0a9c5d03eb1b0e516,Argenprop,https://www.argenprop.com/departamento-en-alquiler-en-belgrano-c-5-ambientes--20033257,2026-09-03 15:09:29.590411+00:00,https://www.argenprop.com/departamentos/alquiler/capital-federal,2,200,1,modo_listado_sin_ficha_detallada,"5 AMBIENTES, TERRAZA, COCHERA CAMIONETA 4 X 4, todo al frente, Subte D, baulera, parrilla, apto mascotas",,alquiler,departamento,,,,,ARS,3500000.0,$ 3.500.000 + $600.000 expensas,,,,25000.0,"Amenábar 1600, Piso 1",Amenábar,1600.0,1,,,,,,,,,,5.0,3.0,,,,140.0,,,,,,,,,,,,,,,,,,,,,,,,,,,,,,,,,,,,,,,,,,,,,,9,https://www.argenprop.com/static-content/75233002/5499be83-1a7b-468e-b2ab-49114655f2ea_u_small.jpg,,,1,"{""texto_tarjeta"": ""+ 36 Ver más fotos 1 /44 Visto 4.202 $ 3.500.000 &plus; $600.000 expensas Amenábar 1600, Piso 1 Departamento en Alquiler en Belgrano C, Belgrano 140 m² cubie. 3 dorm. 50 años 5 AMBIENTES, TERRAZA, COCHERA CAMIONETA 4 X 4, todo al frente, Subte D, baulera, parrilla, apto mascotas Departamento con balcón corrido y terraza, living + comedor apaisado, dormitorios frente 100% luminosos. Posee parrilla en terraza (108 m2) y baulera ubicado en un 1er. Piso al frente, 5 ambientes, cocina con alacenas y bajo mesada, lavadero separado, dormitorios todos con placard y aa, segundo baño completo. Apto profesional - con cochera fija y cubierta apta para camioneta amarok, hylux o ram contrato 24 meses gran ubicación: en el barrio de belgrano c, a dos cuadras de av. Cabildo, subte d y metrobus, a cargo del inquilino: - expensas junio 2026: $ 600.000, (solo las ordinarias, a cargo del inquilino) - los consumos de gas, luz y wi fi a cargo del inqulino - tasa de abl $ - aysa $ requisitos para este alquiler: - ingresos comprobables por recibo de haberes o certificación por contador público del inquilino/s y garante/s - garantía en caba. Ó seguro - un mes de depósito - un mes adelantado de alquiler - certificación notarial de firmas de locatario y garante en el contrato - contrato por 24 meses - honorarios de inmobiliaria a cargo del propietario terrazas & balcones propiedades - atención: lun a vie de 11 a 19 hs. - Sab 10 a 20 hs. - Por whats app agradecemos su visita. - Tasaciones sin cargo. Terrazas y balcones propiedades asegura la absoluta reserva y confidencialidad de toda la información que le es suministrada por los involucrados en todas sus operaciones en cumplimiento de la ley de protección de datos personales. Terrazas & balcones es nuestra marca registrada carlos campagnoli - martillero público - cucicba 5209 ley 5859 - art. 5 se encuentra prohibido cobrar comisiones inmobiliarias y gastos de gestoría de informes a los inquilinos que sean personas físicas. Para los casos de alquiler de vivienda, el monto máximo de comisión que se le puede requerir a los propietarios será el equivalente al cuatro con quince centésimos por ciento (4,15%) del valor total del respectivo contrato. WhatsApp Contactar""}",,data\raw\argenprop\propiedades_argenprop.csv,argenprop,alquiler,amenabar,ARS,25000.0,88e0a9c5d03eb1b0e516,140.0,5.0,,3.0,2026-09-03 15:09:29.590411+00:00,1,1,1,1,1,1,1,1,0,0,0,1,1,1,1,1,1,1,1,1,0,0,1,1,1,0,1,1,1,1,1,1,1,1,1,1,1,1,1,1,1,1,1,1,1,1,1,1,1,1,1,1,1,1,1,1,1,1,1,1,1,1,1,1,1,1,1,1,1,1,1,1,1,1,0,0,0,1,0
0deeb75dbbacaa58f8f8,Argenprop,https://www.argenprop.com/departamento-en-alquiler-en-belgrano-c-5-ambientes--16769340,2026-09-03 15:09:29.597298+00:00,https://www.argenprop.com/departamentos/alquiler/capital-federal,2,200,1,modo_listado_sin_ficha_detallada,"5 AMBIENTES, TERRAZA, COCHERA CAMIONETA 4 X 4, todo al frente, Subte D, baulera, parrilla, apto mascotas",,alquiler,departamento,,,,,USD,2300.0,USD 2.300 + $600.000 expensas,,,,16.43,"Amenábar 1600, Piso 1",Amenábar,1600.0,1,,,,,,,,,,5.0,3.0,,,,140.0,,,,,,,,,,,,,,,,,,,,,,,,,,,,,,,,,,,,,,,,,,,,,,9,https://www.argenprop.com/static-content/04396761/43aca7fa-1957-4b77-8759-59a0cb53659b_u_small.jpg,,,1,"{""texto_tarjeta"": ""+ 36 Ver más fotos 1 /44 Visto 4.201 USD 2.300 &plus; $600.000 expensas Amenábar 1600, Piso 1 Departamento en Alquiler en Belgrano C, Belgrano 140 m² cubie. 3 dorm. 50 años 5 AMBIENTES, TERRAZA, COCHERA CAMIONETA 4 X 4, todo al frente, Subte D, baulera, parrilla, apto mascotas Departamento con balcón corrido y terraza, living + comedor apaisado, dormitorios frente 100% luminosos. Posee parrilla en terraza (108 m2) y baulera ubicado en un 1er. Piso al frente, 5 ambientes, cocina con alacenas y bajo mesada, lavadero separado, dormitorios todos con placard y aa, segundo baño completo. Apto profesional - con cochera fija y cubierta apta para camioneta amarok, hylux o ram contrato 24 meses gran ubicación: en el barrio de belgrano c, a dos cuadras de av. Cabildo, subte d y metrobus, a cargo del inquilino: - expensas junio 2026: $ 600.000, (solo las ordinarias, a cargo del inquilino) - los consumos de gas, luz y wi fi a cargo del inqulino - tasa de abl $ - aysa $ requisitos para este alquiler: - ingresos comprobables por recibo de haberes o certificación por contador público del inquilino/s y garante/s - garantía en caba. Ó seguro - un mes de depósito - un mes adelantado de alquiler - certificación notarial de firmas de locatario y garante en el contrato - contrato por 24 meses - honorarios de inmobiliaria a cargo del propietario terrazas & balcones propiedades - atención: lun a vie de 11 a 19 hs. - Sab 10 a 20 hs. - Por whats app agradecemos su visita. - Tasaciones sin cargo. Terrazas y balcones propiedades asegura la absoluta reserva y confidencialidad de toda la información que le es suministrada por los involucrados en todas sus operaciones en cumplimiento de la ley de protección de datos personales. Terrazas & balcones es nuestra marca registrada carlos campagnoli - martillero público - cucicba 5209 ley 5859 - art. 5 se encuentra prohibido cobrar comisiones inmobiliarias y gastos de gestoría de informes a los inquilinos que sean personas físicas. Para los casos de alquiler de vivienda, el monto máximo de comisión que se le puede requerir a los propietarios será el equivalente al cuatro con quince centésimos por ciento (4,15%) del valor total del respectivo contrato. WhatsApp Contactar""}",,data\raw\argenprop\propiedades_argenprop.csv,argenprop,alquiler,amenabar,USD,16.43,0deeb75dbbacaa58f8f8,140.0,5.0,,3.0,2026-09-03 15:09:29.597298+00:00,1,1,1,1,1,1,1,1,0,0,0,1,1,1,1,1,1,1,1,1,0,0,1,1,1,0,1,1,1,1,1,1,1,1,1,1,1,1,1,1,1,1,1,1,1,1,1,1,1,1,1,1,1,1,1,1,1,1,1,1,1,1,1,1,1,1,1,1,1,1,1,1,1,1,0,0,0,1,0
ee1d152e522af7138fc5,Argenprop,https://www.argenprop.com/departamento-en-alquiler-en-villa-urquiza-2-ambientes--19843048,2026-09-03 15:09:29.604864+00:00,https://www.argenprop.com/departamentos/alquiler/capital-federal,2,200,1,modo_listado_sin_ficha_detallada,Excelente Departamento de 2 Ambientes en Alquiler – Villa Urquiza | Muy Luminoso | Piscina y Gym,,alquiler,departamento,,,,,ARS,1000000.0,$ 1.000.000 + $215.000 expensas,,,,25000.0,Pacheco 2900,Pacheco,2900.0,acheco,,,,,,,,,,2.0,1.0,,,,40.0,,,,,,,,,,,,,,,,,,,,,,,,,,,,,,,,,,,,,,,,,,,,,,9,https://www.argenprop.com/static-content/84034891/d75379ed-d720-4bdb-83c5-95a677d98f0b_u_small.jpg,,,1,"{""texto_tarjeta"": ""+ 6 Ver más fotos 1 /14 Visto 4.102 $ 1.000.000 &plus; $215.000 expensas Pacheco 2900 Departamento en Alquiler en Villa Urquiza, CABA 40 m² cubie. 1 dorm. 3 años Excelente Departamento de 2 Ambientes en Alquiler – Villa Urquiza | Muy Luminoso | Piscina y Gym Excelente departamento de 2 ambientes en alquiler villa urquiza | muy luminoso | piscina y gym moderno departamento de 2 ambientes ubicado en un 5 piso al contrafrente, con excelente luminosidad y vistas abiertas. La unidad cuenta con living-comedor, dormitorio con placard, cocina eléctrica integrada, conexión para lavarropas y baño completo. Posee equipos de aire acondicionado frío/calor y puerta blindada, brindando mayor confort y seguridad. El edificio se destaca por sus excelentes terminaciones y amenities de categoría: piscina gimnasio ascensores de última tecnología agua caliente central ubicación estratégica en el corazón de villa urquiza, a tan solo: 1 cuadra de av. Congreso 1 cuadra de av. Álvarez thomas 3 cuadras de av. Triunvirato 4 cuadras de la estación juan manuel de rosas de la línea b de subte excelente conectividad tanto hacia el centro de la ciudad como hacia zona norte a través de av. General paz y acceso norte. Una propuesta ideal para quienes buscan comodidad, luminosidad y una ubicación privilegiada en uno de los barrios con mayor crecimiento de la ciudad. Coordiná tu visita! Medidas aproximadas: living 5,80x3 cocina 2x1,81 dormitorio 3,17x2,80 balcón 3,34x1.50 *gastos a cargo del locatario: abl, aysa, servicio de energía eléctrica, expensas ordinarias, demás servicios, tasas y consumos que correspondan al uso de la unidad durante la vigencia de la locación. Corredores inmobiliarios responsables adrian ridelnik cucicba mat 197. Y mauro ridelnik cucicba mat 6933 y cmcpsi 7060 todas las operaciones en las que participen nuestros asesores comerciales independientes son gestionadas, supervisadas y monitoreadas por un corredor público debidamente matriculado. *Se deja constancia que las medidas y superficies indicados son aproximados y al sólo efecto orientativo. Las medidas reales surgirán del título de propiedad respectivo. Las medidas parciales y/o de los ambientes y el valor consignado de expensas mensuales, servicios y abl está sujeto a verificación y/o ajuste. Art.4 de la ley 5.859 de c.A.B.A \""para los casos de alquiler de vivienda única, el monto máximo de comisión que se le puede requerir a los propietarios será el equivalente al cuatro con quince centésimos por ciento (4,15%) del valor total del respectivo contrato. Se encuentra prohibido cobrar a los inquilinos que sean personas físicas comisiones inmobiliarias cuando el destino sea vivienda única y permanente \"". * Ley 5115 cumplimos en informar que los inmuebles \""no cuenta con acceso especial para personas con discapacidad física a menos que la publicación lo especifique \"" * en cumplimiento de la leyes vigentes que regulan el corretaje inmobiliario, ley 25.028, ley 22.802 de lealtad comercial, ley 24.240 de defensa al consumidor, las normas del código civil y comercial de la nación y constitucionales, los asesores comerciales no ejercen el corretaje inmobiliario. Todas las operaciones inmobiliarias realizadas en guimat propiedades, son objeto de intermediación y conclusión por parte de los martilleros y corredores colegiados, *\""se deja constancia de que algunas de las imágenes publicadas en el presente anuncio han sido creadas y/o editadas mediante herramientas de inteligencia artificial, siendo las mismas meramente ilustrativas y orientativas, por lo que no necesariamente reflejan el estado actual, distribución, mobiliario, dimensiones, terminaciones o condiciones reales de la unidad ofrecida en venta. El estado real del inmueble será el que surja de la visita presencial, documentación correspondiente y constatación directa por parte del interesado. WhatsApp Contactar""}",,data\raw\argenprop\propiedades_argenprop.csv,argenprop,alquiler,pacheco,ARS,25000.0,ee1d152e522af7138fc5,40.0,2.0,,1.0,2026-09-03 15:09:29.604864+00:00,1,1,1,1,1,1,1,1,0,0,0,1,1,1,1,1,1,1,1,1,0,0,1,1,1,0,1,1,1,1,1,1,1,1,1,1,1,1,1,1,1,1,1,1,1,1,1,1,1,1,1,1,1,1,1,1,1,1,1,1,1,1,1,1,1,1,1,1,1,1,1,1,1,1,0,0,0,1,0
18cc5b7fb67666686e8b,Argenprop,https://www.argenprop.com/departamento-en-alquiler-en-villa-urquiza-2-ambientes--20319104,2026-09-03 15:09:29.612120+00:00,https://www.argenprop.com/departamentos/alquiler/capital-federal,2,200,1,modo_listado_sin_ficha_detallada,46m2 - 2 Ambientes a Estrenar al Frente con Balcón y Vista Abierta en Villa Urquiza,,alquiler,departamento,,,,,ARS,1100000.0,$ 1.100.000 + $85.000 expensas,,,,26190.48,Avenida Congreso 4800,Avenida Congreso,4800.0,,,,,,,,,,,2.0,1.0,,,,42.0,,,,,,,,,,,,,,,,,,,,,,,,,,,,,,,,,,,,,,,,,,,,,,9,https://www.argenprop.com/static-content/40191302/0afa2fcc-49be-4746-8aa5-338e1f3d5f6a_u_small.jpg,,,1,"{""texto_tarjeta"": ""+ 23 Ver más fotos 1 /31 Visto 4.100 $ 1.100.000 &plus; $85.000 expensas Avenida Congreso 4800 Departamento en Alquiler en Villa Urquiza, CABA 42 m² cubie. 1 dorm. A Estrenar 46m2 - 2 Ambientes a Estrenar al Frente con Balcón y Vista Abierta en Villa Urquiza Villa urquiza. Excelente departamento de 2 ambientes al frente, ubicado en la esquina de av. Congreso y leguizamón(constinuación de av alvarez thomas), con vista abierta hacia av. Álvarez thomas, dentro de un edificio moderno y funcional en uno de los barrios con mayor crecimiento y demanda de la ciudad de buenos aires. La unidad se destaca por su gran luminosidad, ya que todos los ambientes dan al frente y cuentan con salida a un balcón desde el living, generando espacios amplios, aireados y muy agradables. La cocina completa semi integrada se integra de manera armónica al living, logrando una distribución cómoda, práctica y moderna. Con sector para lavarropas en placard oculto. El departamento cuenta con pisos spc, terminaciones de calidad, preinstalación para aire acondicionado, termotanque, anafe y horno eléctricos, pensados para un estilo de vida contemporáneo y eficiente. Villa urquiza es un barrio consolidado y en constante revalorización, con excelente conectividad, comercios, espacios verdes y servicios, lo que convierte a esta propiedad en una oportunidad ideal tanto para vivir como para invertir, combinando confort, ubicación y resguardo de capital. Consultar condiciones amoblamiento con ia, al solo efecto de ilustracion y sin tener en cuenta superficies exactas características de la unidad: dormitorio con placard baño completo living amplio con salida al balcón cocina semi integrada pisos spc y terminaciones de calidad preinstalación para aire acondicionado conexión para lavarropas termotanque eléctrico sistema electrónico de ingreso a edificio con cámaras corredores inmobiliarios responsables adrian ridelnik cucicba mat 197. Y mauro ridelnik cucicba mat 6933 y cmcpsi 7060 todas las operaciones en las que participen nuestros asesores comerciales independientes son gestionadas, supervisadas y monitoreadas por un corredor público debidamente matriculado. *Se deja constancia que las medidas y superficies indicados son aproximados y al sólo efecto orientativo. Las medidas reales surgirán del título de propiedad respectivo. Las medidas parciales y/o de los ambientes y el valor consignado de expensas mensuales, servicios y abl está sujeto a verificación y/o ajuste. Art.4 de la ley 5.859 de c.A.B.A \""para los casos de alquiler de vivienda única, el monto máximo de comisión que se le puede requerir a los propietarios será el equivalente al cuatro con quince centésimos por ciento (4,15%) del valor total del respectivo contrato. Se encuentra prohibido cobrar a los inquilinos que sean personas físicas comisiones inmobiliarias cuando el destino sea vivienda única y permanente \"". * Ley 5115 cumplimos en informar que los inmuebles \""no cuenta con acceso especial para personas con discapacidad física a menos que la publicación lo especifique \"" * en cumplimiento de la leyes vigentes que regulan el corretaje inmobiliario, ley 25.028, ley 22.802 de lealtad comercial, ley 24.240 de defensa al consumidor, las normas del código civil y comercial de la nación y constitucionales, los asesores comerciales no ejercen el corretaje inmobiliario. Todas las operaciones inmobiliarias realizadas en guimat propiedades, son objeto de intermediación y conclusión por parte de los martilleros y corredores colegiados, *\""se deja constancia de que algunas de las imágenes publicadas en el presente anuncio han sido creadas y/o editadas mediante herramientas de inteligencia artificial, siendo las mismas meramente ilustrativas y orientativas, por lo que no necesariamente reflejan el estado actual, distribución, mobiliario, dimensiones, terminaciones o condiciones reales de la unidad ofrecida en venta. El estado real del inmueble será el que surja de la visita presencial, documentación correspondiente y constatación directa por parte del interesado. WhatsApp Contactar""}",,data\raw\argenprop\propiedades_argenprop.csv,argenprop,alquiler,avenida congreso,ARS,26190.48,18cc5b7fb67666686e8b,42.0,2.0,,1.0,2026-09-03 15:09:29.612120+00:00,1,1,1,1,1,1,1,1,0,0,1,1,1,1,1,1,1,1,1,1,0,0,1,1,1,0,1,1,1,1,1,1,1,1,1,1,1,1,1,1,1,1,1,1,1,1,1,1,1,1,1,1,1,1,1,1,1,1,1,1,1,1,1,1,1,1,1,1,1,1,1,1,1,1,0,0,0,1,0
ef5bf983f5d69dc131f3,Argenprop,https://www.argenprop.com/departamento-en-alquiler-en-palermo-hollywood-2-ambientes--20135582,2026-09-03 15:09:29.619329+00:00,https://www.argenprop.com/departamentos/alquiler/capital-federal,2,200,1,modo_listado_sin_ficha_detallada,Maravilloso Dos Ambientes con Balcón Aterrazado en Palermo,,alquiler,departamento,,,,,USD,1100.0,USD 1.100 + $298.000 expensas,,,,16.92,"Fitz Roy 1400, Piso 7",Fitz Roy,1400.0,7,,,,,,,,,,,1.0,,,,65.0,,,,,,,,,,,,,,,,,,,,,,,,,,,,,,,,,,,,,,,,,,,,,,9,https://www.argenprop.com/static-content/28553102/3a6673c3-28d0-47db-930c-cd7a12f70f07_u_small.jpg,,,1,"{""texto_tarjeta"": ""+ 15 Ver más fotos 1 /23 Visto 3.750 USD 1.100 &plus; $298.000 expensas Fitz Roy 1400, Piso 7 Departamento en Alquiler en Palermo Hollywood, Palermo 65 m² cubie. 1 dorm. 14 años Maravilloso Dos Ambientes con Balcón Aterrazado en Palermo Requisitos - ingresos comprobables propios. - Garantía caba o un seguro de caución . - Un mes de alquiler por adelantado. - Depósito. Condiciones - contrato por 24 meses. Hermoso dos ambientes tipo dúplex, con balcón aterrazado, cocina integrada, baño completo, toilette y cochera cubierta. Ubicado en una de las mejores zonas de la ciudad, en un punto neurálgico rodeado de bares, cafés, negocios de todo tipo, espacios verdes y fácil acceso desde todos los puntos de la ciudad. WhatsApp Contactar""}",,data\raw\argenprop\propiedades_argenprop.csv,argenprop,alquiler,fitz roy,USD,16.92,ef5bf983f5d69dc131f3,65.0,,,1.0,2026-09-03 15:09:29.619329+00:00,1,1,1,1,1,1,1,1,0,0,0,1,1,1,1,1,1,1,1,1,1,0,1,1,1,0,1,1,1,1,1,1,1,1,1,1,1,1,1,1,1,1,1,1,1,1,1,1,1,1,1,1,1,1,1,1,1,1,1,1,1,1,1,1,1,1,1,1,1,1,1,1,1,1,0,0,1,1,0
4ff5fd85d75802c2892e,Argenprop,https://www.argenprop.com/departamento-en-alquiler-en-caballito-1-ambiente--20172532,2026-09-03 15:09:29.627242+00:00,https://www.argenprop.com/departamentos/alquiler/capital-federal,2,200,1,modo_listado_sin_ficha_detallada,Pumacahua 300 Departamento Monoambiente ALQUILER con Balcón y amenities,,alquiler,departamento,,,,,ARS,600000.0,$ 600.000 + $160.000 expensas,,,,14634.15,Pumacahua 300 Departamento Monoambiente en ALQUILER,Pumacahua,300.0,umacahua,,,,,,,,,,,,1.0,,,41.0,,,,,,,,,,,,,,,,,,,,,,,,,,,,,,,,,,,,,,,,,,,,,,9,https://www.argenprop.com/static-content/23527102/43ff2771-d760-4a7e-870c-7a132eb4de24_u_small.jpg,,,1,"{""texto_tarjeta"": ""+ 17 Ver más fotos 1 /25 Visto 3.621 $ 600.000 &plus; $160.000 expensas Pumacahua 300 Departamento Monoambiente en ALQUILER Departamento en Alquiler en Caballito, CABA 41 m² cubie. 10 años 1 baño Pumacahua 300 Departamento Monoambiente ALQUILER con Balcón y amenities Departamento monoambiente en alquiler con balcón. A metros de av. Directorio. En excelente estado, con amenities (sum con parrilla, pileta y laundry) edificio de categoría en la zona. Ambiente amplio de (8.20 x 4.05) con balcón al contrafrente de (4.05 x 1.80) con orientación oeste. Luminoso, baño completo de (1.60 x 2.40) todo eléctrico. Sin mascotas. Contrato por 2 años, ajuste trimestral por ipc, seguro de caución. Todas las operaciones inmobiliarias se encuentran a cargo del profesional matriculado de la oficina corredor inmobiliario omar porta, matricula 541. La intermediación y la conclusión de las mismas serán llevadas exclusivamente por él. Cada oficina vremont es de propiedad y de gestión independiente. En el cumplimiento de la ley nacional 25.028, ley 22.802 de lealtad comercial. Ley 24.240 de defensa al consumidor, las normas del código civil y comercial de la nación y constitucionales. Ley 5115 art. 1: el inmueble publicado no es accesible para personas con capacidades físicas reducidas. Vremont omar porta | av. La plata 542 - c.A.B.A WhatsApp Contactar""}",,data\raw\argenprop\propiedades_argenprop.csv,argenprop,alquiler,pumacahua,ARS,14634.15,4ff5fd85d75802c2892e,41.0,,1.0,,2026-09-03 15:09:29.627242+00:00,1,1,1,1,1,1,1,1,0,0,0,1,1,1,1,1,1,1,1,1,1,1,0,1,1,0,1,1,1,1,1,1,1,1,1,1,1,1,1,1,1,1,1,1,1,1,1,1,1,1,1,1,1,1,1,1,1,1,1,1,1,1,1,1,1,1,1,1,1,1,1,1,1,1,0,0,1,0,1
66066fcce488049ded91,Argenprop,https://www.argenprop.com/departamento-en-alquiler-en-las-canitas-2-ambientes--15689689,2026-09-03 15:09:29.634751+00:00,https://www.argenprop.com/departamentos/alquiler/capital-federal,2,200,1,modo_listado_sin_ficha_detallada,Departamento Amueblado en alquiler en Las Cañitas,,alquiler,departamento,,,,,ARS,850000.0,$ 850.000,,,,25000.0,"Santos Dumont 2400, Piso 10",Santos Dumont,2400.0,10,,,,,,,,,,2.0,1.0,1.0,,,34.0,,,,,,,,,,,,,,,,,,,,,,,,,,,,,,,,,,,,,,,,,,,,,,8,https://www.argenprop.com/static-content/98698651/30505d78-bb1d-44ff-b572-c012872868fc_u_small.jpg,,,1,"{""texto_tarjeta"": ""+ 11 Ver más fotos 1 /19 Visto 3.620 $ 850.000 Santos Dumont 2400, Piso 10 Departamento en Alquiler en Las Cañitas, Palermo 34 m² cubie. 1 dorm. 1 baño Departamento Amueblado en alquiler en Las Cañitas Dueño alquila excelente departamento amoblado de 2 ambientes en inmejorable ubicacion - piso alto - contrafrente muy luminoso - living comedor c/ aire acondicionado. Cocina independiente c/ alacenas en alto y bajo mesada . Dormitorio c/ amplio placard y espacio de guardado - balcón - losa radiante - totalmente equipado (lavarropa, heladera, tv). A mts de subte d, fc mitre y metrobus av cabildo expensas: $327.000 (incluyen aysa y calefaccion por losa radiante) condiciones: - contrato entre 6 a 12 meses (negociable) - actualización a los 3 meses. - Garantía: seguro de caución - recibo de sueldo con 1 año de antigüedad - el alquiler no supere el 30% de los ingresos del inquilino - 1 mes de depósito WhatsApp Contactar""}",,data\raw\argenprop\propiedades_argenprop.csv,argenprop,alquiler,santos dumont,ARS,25000.0,66066fcce488049ded91,34.0,2.0,1.0,1.0,2026-09-03 15:09:29.634751+00:00,1,1,1,1,1,1,1,1,0,0,0,1,1,1,1,1,1,1,1,1,0,0,0,1,1,0,1,1,1,1,1,1,1,1,1,1,1,1,1,1,1,1,1,1,1,1,1,1,1,1,1,1,1,1,1,1,1,1,1,1,1,1,1,1,1,1,1,1,1,1,1,1,1,1,0,0,0,0,0
2082599ee69c9decb47b,Argenprop,https://www.argenprop.com/departamento-en-alquiler-en-recoleta-3-ambientes--20308183,2026-09-03 15:09:29.643137+00:00,https://www.argenprop.com/departamentos/alquiler/capital-federal,2,200,1,modo_listado_sin_ficha_detallada,Tres ambientes con dependencia de 120 metros. Cochera fija,,alquiler,departamento,,,,,ARS,1900000.0,$ 1.900.000 + $600.000 expensas,,,,,Agüero 2000,Agüero,2000.0,,,,,,,,,,,,2.0,2.0,,,,,,,,,,,,,,,,,,,,,,,,,,,,,,,,,,,,,,,,,,,,,,,,,9,https://www.argenprop.com/static-content/38180302/f9348f4d-8bee-4eaa-9648-9d77b5822bca_u_small.jpg,,,1,"{""texto_tarjeta"": ""+ 13 Ver más fotos 1 /21 Visto 3.599 $ 1.900.000 &plus; $600.000 expensas Agüero 2000 Departamento en Alquiler en Recoleta, CABA 2 dorm. 24 años 2 baños Tres ambientes con dependencia de 120 metros. Cochera fija La propiedad cuenta con palier privado y doble circulación, ofreciendo comodidad, privacidad y una excelente distribución. Amplio living comedor con salida a balcón corrido. Dormitorio principal con baño en suite. Dos dormitorios con amplios placards. Segundo baño completo. Cómoda cocina comedor. Lavadero independiente. Dependencia de servicio. Cochera cubierta y fija. Edificio con seguridad. Una propiedad amplia, luminosa y de categoría, ideal para quienes buscan confort, excelentes espacios y una ubicación privilegiada. Condiciones para ingresar. Garantia proppietaria y acreditación de ingresos de inquilo y garante. Un mes de adelanto un mes por deposito. Informes de dominio e inhibicion de la garantia. Para los casos de alquiler de vivienda, el monto máximo de comisión que se le puede requerir a los propietarios será el equivalente al cuatro con quince centésimos por ciento (4,15%) del valor total del respectivo contrato. Se encuentra prohibido cobrar a los inquilinos que sean personas físicas comisiones inmobiliarias y gastos de gestoría de informes. WhatsApp Contactar""}",,data\raw\argenprop\propiedades_argenprop.csv,argenprop,alquiler,aguero,ARS,,2082599ee69c9decb47b,,,2.0,2.0,2026-09-03 15:09:29.643137+00:00,1,1,1,1,1,1,1,1,1,0,1,1,1,1,1,1,1,1,1,1,1,0,0,1,1,1,1,1,1,1,1,1,1,1,1,1,1,1,1,1,1,1,1,1,1,1,1,1,1,1,1,1,1,1,1,1,1,1,1,1,1,1,1,1,1,1,1,1,1,1,1,1,1,1,1,1,1,0,0
b0a410d8ab5210864dad,Argenprop,https://www.argenprop.com/departamento-en-alquiler-en-palermo-soho-1-ambiente--20361781,2026-09-03 15:09:29.651061+00:00,https://www.argenprop.com/departamentos/alquiler/capital-federal,2,200,1,modo_listado_sin_ficha_detallada,Departamento de categoría en alquiler en Palermo Soho con amenities,,alquiler,departamento,,,,,ARS,850000.0,$ 850.000 + $175.000 expensas,,,,18478.26,"Aráoz 1300, Piso 2",Aráoz,1300.0,2,,,,,,,,,,,1.0,,,,46.0,,,,,,,,,,,,,,,,,,,,,,,,,,,,,,,,,,,,,,,,,,,,,,8,https://www.argenprop.com/static-content/18716302/2a1fec76-9f6f-46fd-988a-6715d03a213b_u_small.jpg,,,1,"{""texto_tarjeta"": ""+ 22 Ver más fotos 1 /30 Visto 3.383 $ 850.000 &plus; $175.000 expensas Aráoz 1300, Piso 2 Departamento en Alquiler en Palermo Soho, Palermo 46 m² cubie. 5 m² Semicubierta 1 dorm. Departamento de categoría en alquiler en Palermo Soho con amenities Espectacular monoambiente divisible a estrenar. Cuenta con balcón terraza , espacio para instalación de lavarropas. Equipado con aires acondicionados split frío/calor, caldera dual, calefacción invidividual, black outs y artefactos de luz instalados. Aceptamos seguro de caución WhatsApp Contactar""}",,data\raw\argenprop\propiedades_argenprop.csv,argenprop,alquiler,araoz,ARS,18478.26,b0a410d8ab5210864dad,46.0,,,1.0,2026-09-03 15:09:29.651061+00:00,1,1,1,1,1,1,1,1,0,0,0,1,1,1,1,1,1,1,1,1,1,0,1,1,1,0,1,1,1,1,1,1,1,1,1,1,1,1,1,1,1,1,1,1,1,1,1,1,1,1,1,1,1,1,1,1,1,1,1,1,1,1,1,1,1,1,1,1,1,1,1,1,1,1,0,0,1,1,0
fa1ddd71ff70f103e018,Argenprop,https://www.argenprop.com/departamento-en-alquiler-en-recoleta-4-ambientes--20124440,2026-09-03 15:09:29.659630+00:00,https://www.argenprop.com/departamentos/alquiler/capital-federal,2,200,1,modo_listado_sin_ficha_detallada,DUEÑO ALQUILA -4 AMBIENTES CON DEPENDENCIA Y COCHERA-RECOLETA,,alquiler,departamento,,,,,ARS,1800000.0,$ 1.800.000 + $800.000 expensas,,,,13333.33,Larrea 1000,Larrea,1000.0,,,,,,,,,,,4.0,3.0,2.0,,,135.0,,,,,,,,,,,,,,,,,,,,,,,,,,,,,,,,,,,,,,,,,,,,,,8,https://www.argenprop.com/static-content/04442102/9524078b-2916-4698-9ab8-e10230a6f3b6_u_small.jpg,,,1,"{""texto_tarjeta"": ""+ 17 Ver más fotos 1 /25 Visto 3.341 $ 1.800.000 &plus; $800.000 expensas Larrea 1000 Departamento en Alquiler en Recoleta, CABA 135 m² cubie. 3 dorm. 2 baños DUEÑO ALQUILA -4 AMBIENTES CON DEPENDENCIA Y COCHERA-RECOLETA Luminoso semipiso al frente. 4 amb. Con dependencia, balcón, cochera y baulera. Orientación noroeste. Se ingresa por palier privado, puerta blindada y placard de recepción. Living- comedor apaisado, balcón corrido, persiana eléctrica y aire acondicionado. 3 dormitorios, uno de ellos en suite y al frente con salida al balcón. Todos cuentan con placares. Baño completo. Cocina con espacio para comedor diario pisos de parquet. Dependencia con baño, lavadero independiente. Entrada principal y de servicio, losa radiante, agua caliente central, dos ascensores. Amplio espacio de guardado en todos los ambientes. Excelente estado. WhatsApp Contactar""}",,data\raw\argenprop\propiedades_argenprop.csv,argenprop,alquiler,larrea,ARS,13333.33,fa1ddd71ff70f103e018,135.0,4.0,2.0,3.0,2026-09-03 15:09:29.659630+00:00,1,1,1,1,1,1,1,1,0,0,1,1,1,1,1,1,1,1,1,1,0,0,0,1,1,0,1,1,1,1,1,1,1,1,1,1,1,1,1,1,1,1,1,1,1,1,1,1,1,1,1,1,1,1,1,1,1,1,1,1,1,1,1,1,1,1,1,1,1,1,1,1,1,1,0,0,0,0,0
9ec1d3404a9c74f39a0d,Argenprop,https://www.argenprop.com/departamento-en-alquiler-en-palermo-hollywood-1-ambiente--20364808,2026-09-03 15:09:29.668099+00:00,https://www.argenprop.com/departamentos/alquiler/capital-federal,2,200,1,modo_listado_sin_ficha_detallada,Lindo departamento de un ambiente y medio dividido en planta baja / Espacio cómodo y excelente ubicación,,alquiler,departamento,,,,,ARS,650000.0,$ 650.000 + $111.000 expensas,,,,18571.43,"Charcas 5200, Piso PB",Charcas,5200.0,PB,,,,,,,,,,,1.0,,,,35.0,,,,,,,,,,,,,,,,,,,,,,,,,,,,,,,,,,,,,,,,,,,,,,8,https://www.argenprop.com/static-content/80846302/b10bc9b8-5ad7-4df4-ac14-a00c39304348_u_small.jpg,,,1,"{""texto_tarjeta"": ""+ 15 Ver más fotos 1 /23 Visto 3.271 $ 650.000 &plus; $111.000 expensas Charcas 5200, Piso PB Departamento en Alquiler en Palermo Hollywood, Palermo 35 m² cubie. 1 dorm. 40 años Lindo departamento de un ambiente y medio dividido en planta baja / Espacio cómodo y excelente ubicación Departamento reciclado a nuevo en palermo hollywood se alquila por 24 meses apto vivienda, oficina, consultorio profesional o showroom. Ubicacion estrategica direccion: charcas (entre bonpland y carranza). En el corazon de palermo hollywood, zona de altisimo movimiento comercial. Acceso: planta baja segura con rejas en las aberturas y puerta con triple cerradura. Habitacion al frente (a la calle). Conectividad: a una cuadra de av. Santa fe. Subte d (carranza), trenes y metrobus cerca. Caracteristicas del espacio ambiente dividido: division funcional mediante un gran placard de 2,5 m de alto por 2,5 m de ancho y una puerta corrediza lateral, brindando mayor privacidad e independencia a la habitacion. Entrada de luz: la habitacion al frente (con sol durante la manana) y el lavadero son los espacios que reciben luz natural. Lavadero y comedor diario: espacio muy amplio y versatil con techo de policarbonato corredizo (ideal para ventilacion) y conexion para lavarropas. Reformas recientes (impecable) departamento totalmente reciclado con detalles de calidad: cocina: equipada con cocina a gas con un ano de antiguedad y practicamente sin uso. Bano: totalmente reciclado, con inodoro y juego de ducha nuevos. Servicios: termotanque a gas nuevo instalado. Expensas que incluyen el servicio de agua. Detalles: pisos de porcelanato moderno en comedor, cocina, bano y lavadero. Ceramica en la habitacion. Equipamiento se entrega sin muebles. Se incluye ventilador de techo en la habitacion, espejo y todas las luminarias. Condiciones y requisitos garantia: garantia propietaria de familiar directo en caba (con comprobacion de ingresos), o seguro de caucion (con un recibo de sueldo para lo que no cubra el seguro). Ingreso: 1 mes de adelanto + 1 mes de deposito. WhatsApp Contactar""}",,data\raw\argenprop\propiedades_argenprop.csv,argenprop,alquiler,charcas,ARS,18571.43,9ec1d3404a9c74f39a0d,35.0,,,1.0,2026-09-03 15:09:29.668099+00:00,1,1,1,1,1,1,1,1,0,0,0,1,1,1,1,1,1,1,1,1,1,0,1,1,1,0,1,1,1,1,1,1,1,1,1,1,1,1,1,1,1,1,1,1,1,1,1,1,1,1,1,1,1,1,1,1,1,1,1,1,1,1,1,1,1,1,1,1,1,1,1,1,1,1,0,0,1,1,0
f60915c7fbd83c7ac005,Argenprop,https://www.argenprop.com/departamento-en-alquiler-en-parque-centenario-6-ambientes--6540797,2026-09-03 15:09:29.676217+00:00,https://www.argenprop.com/departamentos/alquiler/capital-federal,2,200,1,modo_listado_sin_ficha_detallada,Departamento Sarmiento 4600 piso 7,,alquiler,departamento,,,,,ARS,2100000.0,$ 2.100.000 + $400.000 expensas,,400.0,expensas 400,15000.0,"Domingo F Sarmiento 4600, Piso 7",Domingo F Sarmiento,4600.0,7,,,,,,,,,,,3.0,,,,140.0,,,,,,,,,,,,,,,,,,,,,,,,,,,,,,,,,,,,,,,,,,,,,,8,https://www.argenprop.com/static-content/7970456/9e105d26-6465-4e5f-8994-3f0096d4f0de_u_small.jpg,,,1,"{""texto_tarjeta"": ""+ 17 Ver más fotos 1 /25 Visto 3.236 $ 2.100.000 &plus; $400.000 expensas Domingo F Sarmiento 4600, Piso 7 Departamento en Alquiler en Parque Centenario, CABA 140 m² cubie. 3 dorm. 50 años Departamento Sarmiento 4600 piso 7 Departamento en alquiler, dueño directo piso muy luminoso y muy amplio 140mts2 remodelado, pintado y puesto a cero hace 1 mes. 3 aires frio calor nuevos instalados 2 entradas, 3 habitaciones + dependencia de servicio lavadero living muy grande cocina con comedor, con entrada independiente (cocina nueva) baño completo mas toilette cochera calefacción expensas 400mil pesos Contactar""}",,data\raw\argenprop\propiedades_argenprop.csv,argenprop,alquiler,domingo f sarmiento,ARS,15000.0,f60915c7fbd83c7ac005,140.0,,,3.0,2026-09-03 15:09:29.676217+00:00,1,1,1,1,1,1,0,0,0,0,0,1,1,1,1,1,1,1,1,1,1,0,1,1,1,0,1,1,1,1,1,1,1,1,1,1,1,1,1,1,1,1,1,1,1,1,1,1,1,1,1,1,1,1,1,1,1,1,1,1,1,1,1,1,1,1,1,1,1,1,1,1,1,1,0,0,1,1,0
3160af1a96f047820dd2,Argenprop,https://www.argenprop.com/departamento-en-alquiler-en-palermo-soho-2-ambientes--20238757,2026-09-03 15:09:29.684758+00:00,https://www.argenprop.com/departamentos/alquiler/capital-federal,2,200,1,modo_listado_sin_ficha_detallada,Av Santa Fe 3800 - Departamento de 2 ambientes en Palermo,,alquiler,departamento,,,,,ARS,650000.0,$ 650.000 + $115.000 expensas,,,,17105.26,Avenida Santa Fe 3800,Avenida Santa Fe,3800.0,,,,,,,,,,,2.0,1.0,,,,38.0,,,,,,,,,,,,,,,,,,,,,,,,,,,,,,,,,,,,,,,,,,,,,,9,https://www.argenprop.com/static-content/75783202/58f46233-e69a-4622-8cf9-e237cf974fa1_u_small.jpg,,,1,"{""texto_tarjeta"": ""+ 18 Ver más fotos 1 /26 Visto 3.110 $ 650.000 &plus; $115.000 expensas Avenida Santa Fe 3800 Departamento en Alquiler en Palermo Soho, Palermo 38 m² cubie. 1 dorm. 56 años Av Santa Fe 3800 - Departamento de 2 ambientes en Palermo Edificio ubicado sobre av. Santa fe al 3800, frente al jardín botánico, en una de las zonas más buscadas de palermo. El entorno ofrece una amplia variedad de comercios, servicios y propuestas gastronómicas, además de excelente conectividad mediante numerosas líneas de colectivos y la estación scalabrini ortiz de la línea d del subte. Departamento de 2 ambientes interno, ubicado en un primer piso. La unidad cuenta con living comedor con pisos de parquet, cocina independiente equipada con artefacto de cocina eléctrico y un patio propio semicubierto que funciona como espacio de expansión. El dormitorio dispone de placard empotrado y el baño es completo. La propiedad presenta un estado general que requiere algunas mejoras de mantenimiento, principalmente en determinados sectores de los pisos y en el vanitory del baño. Una opción con gran potencial, especialmente valorada por su patio propio y su ubicación privilegiada frente al jardín botánico. Condiciones: - justificación de ingresos acordes - depósito de garantía: u$s 500.- - Garantía propietaria en caba o seguro de caución (respaldar / / garantía ya) - contrato a dos años con ajustes trimestrales por ipc vremont guzmán - corredor inmobiliario eduardo guzmán - matrícula n 805 cucicba sr. Inquilino: para los casos de alquiler de vivienda, el monto máximo de comisión que se le puede requerir a los propietarios será el equivalente al cuatro con quince centésimos por ciento (4,15%) del valor total del respectivo contrato. Se encuentra prohibido cobrar a los inquilinos que sean personas físicas comisiones inmobiliarias y gastos de gestoría de informes. Se deja constancia que las medidas, superficies y m2 consignados son aproximados, sujetos a verificación y/o ajuste. El precio del inmueble puede ser modificado sin previo aviso. Ley 5115: excepto que en la descripción de la propiedad se indique lo contrario, el edificio puede no contar con rampa para personas con movilidad reducida, y no ser accesible para personas con discapacidades físicas.- WhatsApp Contactar""}",,data\raw\argenprop\propiedades_argenprop.csv,argenprop,alquiler,avenida santa fe,ARS,17105.26,3160af1a96f047820dd2,38.0,2.0,,1.0,2026-09-03 15:09:29.684758+00:00,1,1,1,1,1,1,1,1,0,0,1,1,1,1,1,1,1,1,1,1,0,0,1,1,1,0,1,1,1,1,1,1,1,1,1,1,1,1,1,1,1,1,1,1,1,1,1,1,1,1,1,1,1,1,1,1,1,1,1,1,1,1,1,1,1,1,1,1,1,1,1,1,1,1,0,0,0,1,0
864ab73aa78c9874fdab,Argenprop,https://www.argenprop.com/departamento-en-alquiler-en-palermo-4-ambientes--16825589,2026-09-03 15:09:29.693162+00:00,https://www.argenprop.com/departamentos/alquiler/capital-federal,2,200,1,modo_listado_sin_ficha_detallada,- Departamento en alquiler en Palermo,,alquiler,departamento,,,,,ARS,1500000.0,$ 1.500.000 + $406.000 expensas,,,,15000.0,"Billinghurst 1600, Piso 6",Billinghurst,1600.0,6,,,,,,,,,,,3.0,1.0,,,100.0,,,,,,,,,,,,,,,,,,,,,,,,,,,,,,,,,,,,,,,,,,,,,,8,https://www.argenprop.com/static-content/98552861/6bbe77e0-909f-46ff-bb24-df5a2cac2112_u_small.jpg,,,1,"{""texto_tarjeta"": ""+ 14 Ver más fotos 1 /22 Visto 3.056 $ 1.500.000 &plus; $406.000 expensas Billinghurst 1600, Piso 6 Departamento en Alquiler en Palermo, CABA 100 m² cubie. 3 dorm. 1 baño - Departamento en alquiler en Palermo Departamento en palermo a tres cuadras shopping alto palermo, a una cuadra de av cnl diaz y una cuadra de av santa fé. Lugar excelente ubicación. Tres dormitorios, gran cocina/comedor. Al frente, muy luminoso. Dos entradas. Amplio living con balcón. Un baño principal, un toilette y uno de servicio. Lavadero independiente. Servicios centrales de agua y calefacción por losa radiante. Espacio guarda oche en edificio. Dos ascensores, edificio tranquilo. No es apto profesional. Recién pintado y pisos plastificados. Indexación trimestral alquiler tradicional digno de ver! WhatsApp Contactar""}",,data\raw\argenprop\propiedades_argenprop.csv,argenprop,alquiler,billinghurst,ARS,15000.0,864ab73aa78c9874fdab,100.0,,1.0,3.0,2026-09-03 15:09:29.693162+00:00,1,1,1,1,1,1,1,1,0,0,0,1,1,1,1,1,1,1,1,1,1,0,0,1,1,0,1,1,1,1,1,1,1,1,1,1,1,1,1,1,1,1,1,1,1,1,1,1,1,1,1,1,1,1,1,1,1,1,1,1,1,1,1,1,1,1,1,1,1,1,1,1,1,1,0,0,1,0,0
2ebc2b76d6de198e9886,Argenprop,https://www.argenprop.com/departamento-en-alquiler-en-caballito-2-ambientes--20263502,2026-09-03 15:09:29.702666+00:00,https://www.argenprop.com/departamentos/alquiler/capital-federal,2,200,1,modo_listado_sin_ficha_detallada,"Departamento en alquiler en Caballito, Av. Rivadavia 5600 Primera Junta",,alquiler,departamento,,,,,ARS,550000.0,$ 550.000 + $125.000 expensas,,,,15714.29,"General Martín De Gainza 100, Piso 7",General Martín De Gainza,100.0,7,,,,,,,,,,2.0,1.0,,,,35.0,,,,,,,,,,,,,,,,,,,,,,,,,,,,,,,,,,,,,,,,,,,,,,8,https://www.argenprop.com/static-content/20536202/9331c70f-7846-4345-979a-2c4b07631a77_u_small.jpg,,,1,"{""texto_tarjeta"": ""+ 7 Ver más fotos 1 /15 Visto 3.040 $ 550.000 &plus; $125.000 expensas General Martín De Gainza 100, Piso 7 Departamento en Alquiler en Caballito, CABA 35 m² cubie. 1 dorm. 40 años Departamento en alquiler en Caballito, Av. Rivadavia 5600 Primera Junta Se alquila departamento de 2 ambientes 42 m² en caballito calle martín de gainza y av. Rivadavia altura 5600 a 200 mts del subte línea \""a\"" estación primera junta. Hall distribuidor, living comedor y dormitorio con pisos de parquet plastificado, placard con interiores y estantes, baño completo con lavatorio, bidet, bañera e inodoro con grifería estandar, piso y paredes revestidos en cerámica, cocina con mesada de granito rosa de salto con bacha de acero inoxidable línea johnson, bajo mesada de 2 puertas y cajoneras de madera enchapada color blanco y alacena de 2 puertas en juego a estrenar; artefacto de cocina a gas natural marca escorial de 4 hornallas y horno visor, calefón a gas natural marca volcán, espacio para heladera grande, estantes, revestido en azulejos y pisos de mosaico granítico, lavadero con cerramiento de aluminio y vidrio con pileta de lavar, alacena de 2 puertas de metal y conexión para lavarropas. Pintado al látex de colores claros. Excelente estado. Requisitos excluyentes recibo de sueldo y garantía capital o seguro de caución por póliza. No abona comisión inmobiliaria. Consulte gastos. Desocupado, amplio horario de visita WhatsApp Contactar""}",,data\raw\argenprop\propiedades_argenprop.csv,argenprop,alquiler,general martin de gainza,ARS,15714.29,2ebc2b76d6de198e9886,35.0,2.0,,1.0,2026-09-03 15:09:29.702666+00:00,1,1,1,1,1,1,1,1,0,0,0,1,1,1,1,1,1,1,1,1,0,0,1,1,1,0,1,1,1,1,1,1,1,1,1,1,1,1,1,1,1,1,1,1,1,1,1,1,1,1,1,1,1,1,1,1,1,1,1,1,1,1,1,1,1,1,1,1,1,1,1,1,1,1,0,0,0,1,0
d11ce20bdb04efe2e297,Argenprop,https://www.argenprop.com/departamento-en-alquiler-en-las-canitas-1-ambiente--20215692,2026-09-03 15:09:33.552865+00:00,https://www.argenprop.com/departamentos/alquiler/capital-federal,3,200,1,modo_listado_sin_ficha_detallada,Departamento - Las Cañitas,,alquiler,departamento,,,,,ARS,590000.0,$ 590.000 + $125.000 expensas,,,,20344.83,Arce 500,Arce,500.0,,,,,,,,,,,,,1.0,,,29.0,,,,,,,,,,,,,,,,,,,,,,,,,,,,,,,,,,,,,,,,,,,,,,9,https://www.argenprop.com/static-content/29651202/f32bbdc3-7ae3-4702-b5e4-ae1bae19c4ad_u_small.jpg,,,1,"{""texto_tarjeta"": ""+ 8 Ver más fotos 1 /16 Visto 3.026 $ 590.000 &plus; $125.000 expensas Arce 500 Departamento en Alquiler en Las Cañitas, Palermo 29 m² cubie. 9 años 1 baño Departamento - Las Cañitas Pileta maravillosa hermoso depto en excelente edificio aire acondicionado frio / calor losa radiante eléctrica independiente en baño (se puede poner el aire acondicionado y tener el piso caliente en el baño) sum totalmente equipado, parrillas, terraza solarium condiciones para alquilar 1 mes de depósito 1 mes de gastos y honorarios pago mensual por mes adelantado garantía propietaria o https: / contrato a 2 años actualización trimestral abl $ 12.237,25 WhatsApp Contactar""}",,data\raw\argenprop\propiedades_argenprop.csv,argenprop,alquiler,arce,ARS,20344.83,d11ce20bdb04efe2e297,29.0,,1.0,,2026-09-03 15:09:33.552865+00:00,1,1,1,1,1,1,1,1,0,0,1,1,1,1,1,1,1,1,1,1,1,1,0,1,1,0,1,1,1,1,1,1,1,1,1,1,1,1,1,1,1,1,1,1,1,1,1,1,1,1,1,1,1,1,1,1,1,1,1,1,1,1,1,1,1,1,1,1,1,1,1,1,1,1,0,0,1,0,1
c8ac2dfa7eeb9f1a6590,Argenprop,https://www.argenprop.com/departamento-en-alquiler-en-las-canitas-2-ambientes--19214568,2026-09-03 15:09:33.559388+00:00,https://www.argenprop.com/departamentos/alquiler/capital-federal,3,200,1,modo_listado_sin_ficha_detallada,SAN BENITO DE PALERMO AL 1600 - COCHERA IMPECABLE BALCON V/ABIERTA TODO SOL AMENITIES,,alquiler,departamento,,,,,ARS,1000000.0,$ 1.000.000 + $307.571 expensas,,,,30303.03,San Benito De Palermo 1600,San Benito De Palermo,1600.0,alermo,,,,,,,,,,2.0,1.0,,,,33.0,,,,,,,,,,,,,,,,,,,,,,,,,,,,,,,,,,,,,,,,,,,,,,9,https://www.argenprop.com/static-content/86541291/00b7d6d3-cc3a-484a-a0c6-1905cad62a25_u_small.jpg,,,1,"{""texto_tarjeta"": ""+ 10 Ver más fotos 1 /18 Visto 3.025 $ 1.000.000 &plus; $307.571 expensas San Benito De Palermo 1600 Departamento en Alquiler en Las Cañitas, Palermo 33 m² cubie. 1 dorm. 23 años SAN BENITO DE PALERMO AL 1600 - COCHERA IMPECABLE BALCON V/ABIERTA TODO SOL AMENITIES 2 ambientes. Contrafrente. 33 m2 + cochera fija en planta baja. Impecable. Balcon. Vista abierta. Todo sol. Baño completo. Cocina con desayunador. 2 placards. Servicios individuales. Lavadero independiente. Pisos de parquet. Edificio con piscina, sum, 10 pisos, 3 por piso, 2 ascensores. Expensas: $ 307.571.- Incluye aysa entre soldado de la independencia y migueletes (a 1 cuadra de av. Del libertador y del hipodromo de palermo - a 2 del club hipico militar - a 3 de av. Luis maria campos - a 5 del campo argentino de polo) las cañitas para los casos de alquiler de vivienda, el monto máximo de comisión que se le puede requerir a los propietarios será el equivalente al cuatro con quince centésimos por ciento (4,15%) del valor total del respectivo contrato. Se encuentra prohibido cobrar a los inquilinos que sean personas físicas comisiones inmobiliarias y gastos de gestoría de informes. Alejandro ibañez - cucicba 1534 *fichabrick=1038768* WhatsApp Contactar""}",,data\raw\argenprop\propiedades_argenprop.csv,argenprop,alquiler,san benito de palermo,ARS,30303.03,c8ac2dfa7eeb9f1a6590,33.0,2.0,,1.0,2026-09-03 15:09:33.559388+00:00,1,1,1,1,1,1,1,1,0,0,0,1,1,1,1,1,1,1,1,1,0,0,1,1,1,0,1,1,1,1,1,1,1,1,1,1,1,1,1,1,1,1,1,1,1,1,1,1,1,1,1,1,1,1,1,1,1,1,1,1,1,1,1,1,1,1,1,1,1,1,1,1,1,1,0,0,0,1,0
e1553ebb94f26e7e0174,Argenprop,https://www.argenprop.com/departamento-en-alquiler-en-caballito-norte-2-ambientes--20046192,2026-09-03 15:09:33.565901+00:00,https://www.argenprop.com/departamentos/alquiler/capital-federal,3,200,1,modo_listado_sin_ficha_detallada,DUEÑO ALQUILA LUMINOSO DEPARTAMENTO 2 AMBIENTES CABALLITO,,alquiler,departamento,,,,,ARS,620000.0,$ 620.000 + $139.000 expensas,,,,,"Avenida Manuel Ricardo Trelles 1100, Piso 6",Avenida Manuel Ricardo Trelles,1100.0,6,,,,,,,,,,2.0,1.0,1.0,,,,,,,,,,,,,,,,,,,,,,,,,,,,,,,,,,,,,,,,,,,,,,,,,8,https://www.argenprop.com/static-content/29164002/89261023-844a-4d87-9887-fc587798a170_u_small.jpg,,,1,"{""texto_tarjeta"": ""+ 3 Ver más fotos 1 /11 Visto 3.019 $ 620.000 &plus; $139.000 expensas Avenida Manuel Ricardo Trelles 1100, Piso 6 Departamento en Alquiler en Caballito Norte, Caballito 1 dorm. 40 años 1 baño DUEÑO ALQUILA LUMINOSO DEPARTAMENTO 2 AMBIENTES CABALLITO Luminoso departamento 2 ambientes con placard en cada ambiente. Cocina con muebles sobre y bajo mesada , lavadero y baño completo. Vista abierta lateral, recien pintado, a 1 cuadra de plaza irlanda y/ av.Donato alvarez, a media cuadra de av. Gaona . Bajas expensas. 4 departamentos por piso, con dos ascensores. Expensas, abl y aysa a cargo del locatario , aumento trimestral ajustado por ipc, 1 mes adelantado , 1 mes de depósito requerimos : 1- garantía propietaria de familiar directo o seguro de caución bancario, 2- ingresos acordes . WhatsApp Contactar""}",,data\raw\argenprop\propiedades_argenprop.csv,argenprop,alquiler,avenida manuel ricardo trelles,ARS,,e1553ebb94f26e7e0174,,2.0,1.0,1.0,2026-09-03 15:09:33.565901+00:00,1,1,1,1,1,1,1,1,1,0,0,1,1,1,1,1,1,1,1,1,0,0,0,1,1,1,1,1,1,1,1,1,1,1,1,1,1,1,1,1,1,1,1,1,1,1,1,1,1,1,1,1,1,1,1,1,1,1,1,1,1,1,1,1,1,1,1,1,1,1,1,1,1,1,1,1,0,0,0
73a4f2c1f2786d6c8c92,Argenprop,https://www.argenprop.com/departamento-en-alquiler-en-belgrano-5-ambientes--20073270,2026-09-03 15:09:33.572339+00:00,https://www.argenprop.com/departamentos/alquiler/capital-federal,3,200,1,modo_listado_sin_ficha_detallada,IDEAL DIPLOMATICOS O EJECUTIVO EXTRANJERO,,alquiler,departamento,,,,,USD,2400.0,USD 2.400 + $1.100.000 expensas,,3.0,expensas 3,13.48,3 De Febrero 1900,3 De Febrero,1900.0,,,,,,,,,,,,3.0,3.0,,,178.0,,,,,,,,,,,,,,,,,,,,,,,,,,,,,,,,,,,,,,,,,,,,,,9,https://www.argenprop.com/static-content/07237002/0e35b308-0199-4b7c-b9e9-d52335fcb99c_u_small.jpg,,,1,"{""texto_tarjeta"": ""+ 23 Ver más fotos 1 /31 Visto 3.000 USD 2.400 &plus; $1.100.000 expensas 3 De Febrero 1900 Departamento en Alquiler en Belgrano, CABA 178 m² cubie. 3 dorm. 3 baños IDEAL DIPLOMATICOS O EJECUTIVO EXTRANJERO 3 de febrero 1900 y mcal sucre a una cuadra de barrancas de belgrano con inmenso verde y vistas únicas! En lo mejor de belgrano excelente ubicación a metros trena a retiro y subte línea \""d\"" fácil acceso a supermercados - comercios - paseo de compras. Edificios emblemáticos. Colegios nacionales e internacionales - universidades etc.. 178 m2 palier privado con 2 ascensores principales y 2 de servicio (1 montacarga) living comedor y escritorio toilette de recepción. 3 dormitorios - 1 suite. Baño completo cocina office. Lavadero separado. Dependencia de servicio con baño. Cochera fija edificio con piscina - parrilla - amenities - vigilancia 24 hs servicios centrales. U$s 2400 - expensas $1.100.000 sanchez naon propiedades WhatsApp Contactar""}",,data\raw\argenprop\propiedades_argenprop.csv,argenprop,alquiler,3 de febrero,USD,13.48,73a4f2c1f2786d6c8c92,178.0,,3.0,3.0,2026-09-03 15:09:33.572339+00:00,1,1,1,1,1,1,0,0,0,0,1,1,1,1,1,1,1,1,1,1,1,0,0,1,1,0,1,1,1,1,1,1,1,1,1,1,1,1,1,1,1,1,1,1,1,1,1,1,1,1,1,1,1,1,1,1,1,1,1,1,1,1,1,1,1,1,1,1,1,1,1,1,1,1,0,0,1,0,0
9c587e724bb810f52fb0,Argenprop,https://www.argenprop.com/departamento-en-alquiler-en-belgrano-3-ambientes--20073315,2026-09-03 15:09:33.579003+00:00,https://www.argenprop.com/departamentos/alquiler/capital-federal,3,200,1,modo_listado_sin_ficha_detallada,Ideal Diplomatico o Ejecutivo Extranjero,,alquiler,departamento,,,,,USD,2500.0,USD 2.500,,,,,CUBA Y MCAL SUCRE,CUBA Y MCAL SUCRE,,,,,,,,,,,,3.0,2.0,2.0,,,,,,,,,,,,,,,,,,,,,,,,,,,,,,,,,,,,,,,,,,,,,,,,,9,https://www.argenprop.com/static-content/51337002/5059b114-3af7-4336-9f50-bfc48daa77d9_u_small.jpg,,,1,"{""texto_tarjeta"": ""+ 10 Ver más fotos 1 /18 Visto 3.000 USD 2.500 CUBA Y MCAL SUCRE Departamento en Alquiler en Belgrano, CABA 2 dorm. 2 baños 3 ambientes Ideal Diplomatico o Ejecutivo Extranjero Cuba y mcal sucre reciclado y amoblado con muy buen gusto piso alto palier privado living comedor a balcón corrido toilette de recepción. 2 dormitorios (1 en suite ) muy linda cocina edificion con piscina tenis sum gym parrilla voley juegos para niños servicios centrales a metros de todo facil acceso cochera fija - vigilancia 24 hs u$s 2500 - expensas incluidas - sanchez naon propiedades WhatsApp Contactar""}",,data\raw\argenprop\propiedades_argenprop.csv,argenprop,alquiler,cuba y mcal sucre,USD,,9c587e724bb810f52fb0,,3.0,2.0,2.0,2026-09-03 15:09:33.579003+00:00,1,1,1,1,1,1,1,1,1,1,1,1,1,1,1,1,1,1,1,1,0,0,0,1,1,1,1,1,1,1,1,1,1,1,1,1,1,1,1,1,1,1,1,1,1,1,1,1,1,1,1,1,1,1,1,1,1,1,1,1,1,1,1,1,1,1,1,1,1,1,1,1,1,1,1,1,0,0,0
9c366b1a156a5ca13b02,Argenprop,https://www.argenprop.com/departamento-en-alquiler-en-caballito-3-ambientes--8489073,2026-09-03 15:09:33.586522+00:00,https://www.argenprop.com/departamentos/alquiler/capital-federal,3,200,1,modo_listado_sin_ficha_detallada,3 AMBIENTES en lo mejor de CABALLITO - LUZ y SILENCIO,,alquiler,departamento,,,,,ARS,1090000.0,$ 1.090.000 + $228.000 expensas,,,,,"Avenida Rivadavia 4600, Piso 11",Avenida Rivadavia,4600.0,11,,,,,,,,,,3.0,2.0,1.0,,,,,,,,,,,,,,,,,,,,,,,,,,,,,,,,,,,,,,,,,,,,,,,,,8,https://www.argenprop.com/static-content/3709848/4f9b1507-f0aa-40dc-8fa6-0d4c732443e5_u_small.jpg,,,1,"{""texto_tarjeta"": ""+ 4 Ver más fotos 1 /12 Visto 3.000 $ 1.090.000 &plus; $228.000 expensas Avenida Rivadavia 4600, Piso 11 Departamento en Alquiler en Caballito, CABA 2 dorm. 60 años 1 baño 3 AMBIENTES en lo mejor de CABALLITO - LUZ y SILENCIO Alquiler de amplio departamento de 3 ambientes. Muy silencioso y luminoso! Amplio departamento con muy buena circulación y luz. Cuenta con un amplio living comedor con pisos de parquet. Cocina con buen equipamiento mobiliario. Dos dormitorios con pisos de parquet y ambos con buenos placards. Baño completo y lavadero independiente. La mejor ubicacion : a 1 cuadra del parque rivadavia y a metros de innumerables medios de transporte que conecta con toda la ciudad. (Colectivos 15, 26, 65, 88, 132 entre otros, estación rio de janeiro de la línea a de subte). - Todo el departamento en muy buen estado. - Se entrega recién pintado y en perfecto estado, listo para mudarse. En el mismo edificio hay cocheras en alquiler por si les interesa y también cocheras por hora. Condiciones: - 1.5 meses de depósito en garantía - plazo del contrato: 2 años. - Actualización trimestral de acuerdo a la variación del ipc - dueño alquila. - Garantía de propiedad de familiar directo idealmente de caba a ser aprobada por el propietario o vínculo comprobable, también puede ser de provincia o del interior. - Este estudio no cobra ningún tipo de comisión. - El estudio jurídico que asesora a los propietarios de este inmueble, se cobra el 5% del valor del contrato en concepto del estudio de títulos, evaluación del perfil y antecedentes comerciales y la redacción del contrato. Abonando el 2.5% el propietario y el 2.5% el inquilino. WhatsApp Contactar""}",,data\raw\argenprop\propiedades_argenprop.csv,argenprop,alquiler,avenida rivadavia,ARS,,9c366b1a156a5ca13b02,,3.0,1.0,2.0,2026-09-03 15:09:33.586522+00:00,1,1,1,1,1,1,1,1,1,0,0,1,1,1,1,1,1,1,1,1,0,0,0,1,1,1,1,1,1,1,1,1,1,1,1,1,1,1,1,1,1,1,1,1,1,1,1,1,1,1,1,1,1,1,1,1,1,1,1,1,1,1,1,1,1,1,1,1,1,1,1,1,1,1,1,1,0,0,0
1a7aab92126630531689,Argenprop,https://www.argenprop.com/departamento-en-alquiler-en-palermo-chico-1-ambiente--20353465,2026-09-03 15:09:33.593706+00:00,https://www.argenprop.com/departamentos/alquiler/capital-federal,3,200,1,modo_listado_sin_ficha_detallada,MONOAMBIENTE CON BALCÓN Y AMENITIES EN PALERMO NUEVO,,alquiler,departamento,,,,,ARS,690900.0,$ 690.900 + $249.000 expensas,,,,23030.0,Avenida Raúl Scalabrini Ortiz 3000,Avenida Raúl Scalabrini Ortiz,3000.0,,,,,,,,,,,,1.0,,,,30.0,,,,,,,,,,,,,,,,,,,,,,,,,,,,,,,,,,,,,,,,,,,,,,8,https://www.argenprop.com/static-content/56435302/1b44aa34-0641-42fb-9bcf-b82f88fa710d_u_small.jpg,,,1,"{""texto_tarjeta"": ""+ 6 Ver más fotos 1 /14 Visto 2.955 $ 690.900 &plus; $249.000 expensas Avenida Raúl Scalabrini Ortiz 3000 Departamento en Alquiler en Palermo Chico, Palermo 30 m² cubie. 4 m² Semicubierta 1 dorm. MONOAMBIENTE CON BALCÓN Y AMENITIES EN PALERMO NUEVO ¡Excelente oportunidad en una de las zonas más buscadas de palermo! Monoambiente muy luminoso, con balcón al frente sobre cabello y cocina integrada. Un departamento moderno, funcional y con todo lo necesario para disfrutar de una ubicación privilegiada. Disponible el 1 de septiembre el departamento amplio ambiente con excelente luminosidad. Balcón sobre cabello. Cocina integrada. Baño completo. Acepta mascota pequeña. Edificio con amenities: pileta 4*4 solarium, ducha, gym y sum pequeño. Seguridad 24 horas, incluida en las expensas. Ubicación premium en la esquina de scalabrini ortiz y cabello, en palermo nuevo, una ubicación estratégica: a 3 cuadras de av. Del libertador. A 4 cuadras de av. Santa fe. Cercano al subte d. A pocas cuadras de paseo alcorta y alto palermo shopping. Rodeado de excelentes cafés, restaurantes, supermercados y todo tipo de servicios. Una ubicación ideal para quienes buscan comodidad, excelente conectividad y disfrutar de lo mejor de palermo. Requisitos ingresos comprobables. Garantía de propiedad, preferentemente de capital federal. Condiciones de ingreso mes de alquiler por adelantado. Depósito: 1 mes. ¡Consultanos para coordinar una visita y conocerlo! Se muestra este fin de semana 29/ 30 agosto. (*)Las medidas de lla superficie son aproximadas. WhatsApp Contactar""}",,data\raw\argenprop\propiedades_argenprop.csv,argenprop,alquiler,avenida raul scalabrini ortiz,ARS,23030.0,1a7aab92126630531689,30.0,,,1.0,2026-09-03 15:09:33.593706+00:00,1,1,1,1,1,1,1,1,0,0,1,1,1,1,1,1,1,1,1,1,1,0,1,1,1,0,1,1,1,1,1,1,1,1,1,1,1,1,1,1,1,1,1,1,1,1,1,1,1,1,1,1,1,1,1,1,1,1,1,1,1,1,1,1,1,1,1,1,1,1,1,1,1,1,0,0,1,1,0
6e9fbf1adebdd0fdef5d,Argenprop,https://www.argenprop.com/departamento-en-alquiler-en-palermo-soho-3-ambientes--20341443,2026-09-03 15:09:33.600701+00:00,https://www.argenprop.com/departamentos/alquiler/capital-federal,3,200,1,modo_listado_sin_ficha_detallada,Departamento en alquiler en Palermo Soho,,alquiler,departamento,,,,,USD,1500.0,USD 1.500 + $350.000 expensas,,,,23.08,"Gurruchaga 2200, Piso 18",Gurruchaga,2200.0,18,,,,,,,,,,3.0,2.0,2.0,,,65.0,,,,,,,,,,,,,,,,,,,,,,,,,,,,,,,,,,,,,,,,,,,,,,8,https://www.argenprop.com/static-content/34414302/e9987d7f-436f-4b8b-b3dc-3cf383aced0c_u_small.jpg,,,1,"{""texto_tarjeta"": ""+ 29 Ver más fotos 1 /37 Visto 2.951 USD 1.500 &plus; $350.000 expensas Gurruchaga 2200, Piso 18 Departamento en Alquiler en Palermo Soho, Palermo 65 m² cubie. 2 dorm. 20 años Departamento en alquiler en Palermo Soho Palermo soho, con o sin muebles. Torre exclusiva, parque, piscina, sum, cochera seg. 24 hs., Vista panorámica: 3 ambientes living-comedor 2 dormitorios, el principal en suite, 2 baños completos, amplios placards cocina independiente con lavadero integrado, wifi de alta velocidad (300 mbps). Plaza con juegos para niños, playón polideportivo y zona de lectura con bancos y césped. Salón de fiestas con baños guardarropa, heladera y cocina equipada. ¡Súper apto niños y familias! Recepción de envíos. Un oasis en palermo soho. Inmejorable ubicación, muy cerca de subtes y lineas de colectivos, vibrante gastronomía y vida nocturna. Departamento muy silencioso por su cuadra y altura cochera fija cómoda dentro del edificio. Zona segura. Jardines de infantes cerca jardín de la plaza (charcas 4446) — jardín integral n°1 dr. Alfredo palacios (uriarte 2237) — kindergarten amapola (j. L. Borges 1791) — ~600 m, 8 a 17 h. Jardín de los cerezos (niceto vega 4950) — colegios: amapola jardín / primaria — nicaragua 4739 centro educativo san francisco javier a-136 — jorge luis borges 1883 escuela república de cuba — costa rica 4942 — colegio guadalupe — paraguay 3925 — línea d estación plaza italia a ~350-400 m (4 cuadras) y scalabrini ortiz a ~600 m. La d corre por santa fe hasta catedral/plaza de mayo: al centro en unos 20 min. A solo 150 m de parrilla don julio a 300 m de plaza armenia. WhatsApp Contactar""}",,data\raw\argenprop\propiedades_argenprop.csv,argenprop,alquiler,gurruchaga,USD,23.08,6e9fbf1adebdd0fdef5d,65.0,3.0,2.0,2.0,2026-09-03 15:09:33.600701+00:00,1,1,1,1,1,1,1,1,0,0,0,1,1,1,1,1,1,1,1,1,0,0,0,1,1,0,1,1,1,1,1,1,1,1,1,1,1,1,1,1,1,1,1,1,1,1,1,1,1,1,1,1,1,1,1,1,1,1,1,1,1,1,1,1,1,1,1,1,1,1,1,1,1,1,0,0,0,0,0
3509cfc4918f810b9df7,Argenprop,https://www.argenprop.com/departamento-en-alquiler-en-san-telmo-2-ambientes--20317410,2026-09-03 15:09:33.612541+00:00,https://www.argenprop.com/departamentos/alquiler/capital-federal,3,200,1,modo_listado_sin_ficha_detallada,"2 ambientes con sol pleno, balcón y amenities",,alquiler,departamento,,,,,ARS,950000.0,$ 950.000 + $180.000 expensas,,,,19000.0,"Mexico 800, Piso 3",Mexico,800.0,3,,,,,,,,,,2.0,1.0,,,,50.0,,,,,,,,,,,,,,,,,,,,,,,,,,,,,,,,,,,,,,,,,,,,,,9,https://www.argenprop.com/static-content/01471302/f12cae0e-1c36-4543-b8ac-f4ee1ac837ae_u_small.jpg,,,1,"{""texto_tarjeta"": ""+ 18 Ver más fotos 1 /26 Visto 2.900 $ 950.000 &plus; $180.000 expensas Mexico 800, Piso 3 Departamento en Alquiler en San Telmo, CABA 50 m² cubie. 1 dorm. 7 años 2 ambientes con sol pleno, balcón y amenities Alquiler de departamento 2 ambientes en san telmo, capital federal todo el sol, todo el confort y un balcón para disfrutarlo en un edificio moderno de sólo 7 años de antigüedad, este 2 ambientes de 50 m² reúne varios de esos diferenciales que hacen más cómoda la vida cotidiana: orientación norte, sol durante todo el día, balcón corrido, dos baños, excelente capacidad de guardado y amenities. Ubicado en un 3º piso al frente, el departamento recibe abundante luz natural tanto en el living comedor como en el dormitorio, ambos vinculados al balcón. El departamento el living comedor es cómodo y luminoso, con gran ventanal de salida al balcón corrido y equipo de aire acondicionado split frío/calor. La cocina integrada se incorpora naturalmente al ambiente mediante una barra tipo isla con mesada de granito negro, generando un espacio práctico tanto para cocinar como para desayunar o comer. Cuenta con: mesada de granito negro. Bacha johnson con grifería monocomando. Cocina y horno eléctricos. Extractor. Alacenas y muebles bajo mesada. Espacios adicionales de guardado debajo de la barra. Sector preparado con conexión y desagote para lavarropas. El dormitorio cuenta con piso flotante, placard empotrado, aire acondicionado split frío/calor y ventana hacia el balcón al frente. Además, en el pasillo distribuidor encontramos otro placard, sumando un espacio de guardado muy útil. La unidad dispone de baño completo con bañera, mampara y extractor, más un toilette de generosas dimensiones, un diferencial especialmente cómodo en un departamento de dos ambientes. El agua caliente es provista mediante caldera central. La propiedad es apta profesional. Se alquila sin muebles el edificio edificio moderno, de aproximadamente 7 años de antigüedad, con: dos ascensores de última generación. Cámaras de seguridad en espacios comunes. Portero eléctrico. Empresa de limpieza, sin encargado permanente. Terraza común con solárium, ducha y parrilla. Baulera individual de gran tamaño tipo jaula en subsuelo, perteneciente a la unidad. Un 2 ambientes pensado para disfrutar la luz y el sol, con balcón, excelentes espacios de guardado y las comodidades de un edificio moderno. Requisitos y condiciones de alquiler: contrato por 24 meses garante propietario o fianza , garantía ya, premium group o similar a satisfacción del propietario. Ingresos acordes demostrables. Máximo 2 personas. Para ingresar: mes de alquiler + mes de depósito + gastos de informes. Sin mascotas alquiler: $950.000.- Expensas: $180.000.- Aprox. (Aysa incluido en expensas) agip: $22.000.- Contactanos para coordinar una visita y conocelo en persona. Gustavo luongo consultora inmobiliaria matrícula profesional cucicba (cpi) nº 6676 WhatsApp Contactar""}",,data\raw\argenprop\propiedades_argenprop.csv,argenprop,alquiler,mexico,ARS,19000.0,3509cfc4918f810b9df7,50.0,2.0,,1.0,2026-09-03 15:09:33.612541+00:00,1,1,1,1,1,1,1,1,0,0,0,1,1,1,1,1,1,1,1,1,0,0,1,1,1,0,1,1,1,1,1,1,1,1,1,1,1,1,1,1,1,1,1,1,1,1,1,1,1,1,1,1,1,1,1,1,1,1,1,1,1,1,1,1,1,1,1,1,1,1,1,1,1,1,0,0,0,1,0
2e287c6ce3edaeab2a94,Argenprop,https://www.argenprop.com/departamento-en-alquiler-en-palermo-4-ambientes--15085502,2026-09-03 15:09:33.619922+00:00,https://www.argenprop.com/departamentos/alquiler/capital-federal,3,200,1,modo_listado_sin_ficha_detallada,Hermoso semipiso de 4 ambientes con 2 baños en Palermo -A pasos de La Rural y el Rosedal - Excelente zona - Listo para habitar,,alquiler,departamento,,,,,ARS,1550000.0,$ 1.550.000 + $450.000 expensas,,,,19375.0,Fray Justo Santa María De Oro 2700,Fray Justo Santa María De Oro,2700.0,,,,,,,,,,,4.0,3.0,1.0,,,80.0,,,,,,,,,,,,,,,,,,,,,,,,,,,,,,,,,,,,,,,,,,,,,,8,https://www.argenprop.com/static-content/20558051/c6cf099d-f18e-40bd-b2ac-8bb721e598f4_u_small.jpg,,,1,"{""texto_tarjeta"": ""+ 19 Ver más fotos 1 /27 Visto 2.853 $ 1.550.000 &plus; $450.000 expensas Fray Justo Santa María De Oro 2700 Departamento en Alquiler en Palermo, CABA 80 m² cubie. 3 dorm. 1 baño Hermoso semipiso de 4 ambientes con 2 baños en Palermo -A pasos de La Rural y el Rosedal - Excelente zona - Listo para habitar Excelente semipiso en alquiler, pleno palermo nuevo, en una de las mejores zonas de capital federal. Amplios medios de transporte (subte d, metrobus, tren, acceso au), zonas recreativas y gastronómicas. Ubicación: oro esquina juncal. Zona de la rural. Disposición: frente. Consta de: cocina comedor completa. Lavadero. Toilette (baño de servicio). Living comedor muy amplio. Balcón. Tres dormitorios con generosos placards y piso parquet. Baño completo con espacio de guardado. Muebles: aire acondicionado frio-calor. Heladera. Cocina con horno y anáfes. Microondas. Purificador. Estanteria. Escritorio. Mesa comedor con cuatro sillas. Todo en excelente estado y listo para habitar de forma inmediata. ............................................................................................ Comunicarse exclusivamente por whatsapp. Intermediarios abstenerse. WhatsApp Contactar""}",,data\raw\argenprop\propiedades_argenprop.csv,argenprop,alquiler,fray justo santa maria de oro,ARS,19375.0,2e287c6ce3edaeab2a94,80.0,4.0,1.0,3.0,2026-09-03 15:09:33.619922+00:00,1,1,1,1,1,1,1,1,0,0,1,1,1,1,1,1,1,1,1,1,0,0,0,1,1,0,1,1,1,1,1,1,1,1,1,1,1,1,1,1,1,1,1,1,1,1,1,1,1,1,1,1,1,1,1,1,1,1,1,1,1,1,1,1,1,1,1,1,1,1,1,1,1,1,0,0,0,0,0
65cd48358b3ea31d60de,Argenprop,https://www.argenprop.com/departamento-en-alquiler-en-palermo-soho-4-ambientes--19671762,2026-09-03 15:09:33.627364+00:00,https://www.argenprop.com/departamentos/alquiler/capital-federal,3,200,1,modo_listado_sin_ficha_detallada,Departamento 4 ambientes con cochera fija - Super Luminoso,,alquiler,departamento,,,,,ARS,1300000.0,$ 1.300.000 + $380.000 expensas,,,,15294.12,"General Lucio Norberto Mansilla 3700, Piso 3",General Lucio Norberto Mansilla,3700.0,3,,,,,,,,,,4.0,3.0,1.0,,,85.0,,,,,,,,,,,,,,,,,,,,,,,,,,,,,,,,,,,,,,,,,,,,,,8,https://www.argenprop.com/static-content/26717691/234b7e21-8667-4be7-ba6d-a5c5b6c148a6_u_small.jpg,,,1,"{""texto_tarjeta"": ""+ 13 Ver más fotos 1 /21 Visto 2.840 $ 1.300.000 &plus; $380.000 expensas General Lucio Norberto Mansilla 3700, Piso 3 Departamento en Alquiler en Palermo Soho, Palermo 85 m² cubie. 3 dorm. 35 años Departamento 4 ambientes con cochera fija - Super Luminoso Departamento 4 ambientes en alquiler con cochera, baulera y palier privado – excelente ubicación en palermo amplio y luminoso departamento de 4 ambientes, ideal para quienes buscan comodidad, privacidad y excelente distribución de los espacios. Ubicado en una de las mejores zonas de palermo, a solo cinco cuadras del alto palermo y a media cuadra de plaza güemes, con cercanía a medios de transporte, comercios y espacios verdes. La propiedad cuenta con orientación noroeste, lo que le brinda gran luminosidad natural durante gran parte del día. Dispone de palier privado y doble ingreso, con entrada principal y de servicio. El departamento posee un amplio living comedor independiente con salida al balcón, cocina independiente y excelente ventilación. Cuenta con dos dormitorios grandes y un tercer dormitorio más chico, ideal como habitación adicional, escritorio o espacio de trabajo. Características principales: * 4 ambientes * orientación noroeste * muy luminoso * balcón * living comedor independiente * cocina independiente * 2 dormitorios grandes * 1 dormitorio adicional / escritorio * 1 toilet * 1 baño completo * palier privado * doble entrada (principal y de servicio) * cochera fija * baulera una excelente opción para quienes buscan amplitud, funcionalidad y ubicación privilegiada en palermo. Consultanos para más información o coordinar una visita WhatsApp Contactar""}",,data\raw\argenprop\propiedades_argenprop.csv,argenprop,alquiler,general lucio norberto mansilla,ARS,15294.12,65cd48358b3ea31d60de,85.0,4.0,1.0,3.0,2026-09-03 15:09:33.627364+00:00,1,1,1,1,1,1,1,1,0,0,0,1,1,1,1,1,1,1,1,1,0,0,0,1,1,0,1,1,1,1,1,1,1,1,1,1,1,1,1,1,1,1,1,1,1,1,1,1,1,1,1,1,1,1,1,1,1,1,1,1,1,1,1,1,1,1,1,1,1,1,1,1,1,1,0,0,0,0,0
24fd269e1ec958c01149,Argenprop,https://www.argenprop.com/departamento-en-alquiler-en-floresta-3-ambientes--20352332,2026-09-03 15:09:33.634655+00:00,https://www.argenprop.com/departamentos/alquiler/capital-federal,3,200,1,modo_listado_sin_ficha_detallada,DUEÑO DIRECTO 3 AMBIENTES PISO ALTO SEMIPISO OPCIONAL COCHERA,,alquiler,departamento,,,,,ARS,1200000.0,$ 1.200.000 + $200.000 expensas,,,,,Gualeguaychú 900,Gualeguaychú,900.0,,,,,,,,,,,3.0,2.0,1.0,,,,,,,,,,,,,,,,,,,,,,,,,,,,,,,,,,,,,,,,,,,,,,,,,8,https://www.argenprop.com/static-content/23325302/049a98be-94da-4040-b4a7-3f85827aada6_u_small.jpg,,,1,"{""texto_tarjeta"": ""+ 7 Ver más fotos 1 /15 Visto 2.817 $ 1.200.000 &plus; $200.000 expensas Gualeguaychú 900 Departamento en Alquiler en Floresta, CABA 2 dorm. 10 años 1 baño DUEÑO DIRECTO 3 AMBIENTES PISO ALTO SEMIPISO OPCIONAL COCHERA Semipiso excelente altura porcelanato 2 baños opcional cochera muy luminoso seguro de caución o gtia caba (excluyente) Contactar""}",,data\raw\argenprop\propiedades_argenprop.csv,argenprop,alquiler,gualeguaychu,ARS,,24fd269e1ec958c01149,,3.0,1.0,2.0,2026-09-03 15:09:33.634655+00:00,1,1,1,1,1,1,1,1,1,0,1,1,1,1,1,1,1,1,1,1,0,0,0,1,1,1,1,1,1,1,1,1,1,1,1,1,1,1,1,1,1,1,1,1,1,1,1,1,1,1,1,1,1,1,1,1,1,1,1,1,1,1,1,1,1,1,1,1,1,1,1,1,1,1,1,1,0,0,0
542c6fae482161fdd715,Argenprop,https://www.argenprop.com/departamento-en-alquiler-en-palermo-hollywood-4-ambientes--20213151,2026-09-03 15:09:33.734941+00:00,https://www.argenprop.com/departamentos/alquiler/capital-federal,3,200,1,modo_listado_sin_ficha_detallada,"Amplio departamento en alquiler totalmente amueblado con gran terraza propia y cochera, Palermo.",,alquiler,departamento,,,,,USD,3500.0,USD 3.500 + $170.000 expensas,,,,29.17,Concepción Arenal 3600,Concepción Arenal,3600.0,,,,,,,,,,,,2.0,,,,120.0,,,,,,,,,,,,,,,,,,,,,,,,,,,,,,,,,,,,,,,,,,,,,,9,https://www.argenprop.com/static-content/15131202/ad05b383-d7e2-498e-bd6e-5ab7877511e0_u_small.jpg,,,1,"{""texto_tarjeta"": ""+ 18 Ver más fotos 1 /26 Visto 2.800 USD 3.500 &plus; $170.000 expensas Concepción Arenal 3600 Departamento en Alquiler en Palermo Hollywood, Palermo 120 m² cubie. 2 dorm. 20 años Amplio departamento en alquiler totalmente amueblado con gran terraza propia y cochera, Palermo. Se entrega completamente amoblado y equipado. Impecable refaccionado en el año 2020, este espectacular departamento se encuentra a metros de palermo hollywood, a sólo una cuadra y media de la av. Córdoba, tiene todo cerca podés ir caminando a infinidad de barcitos, restaurants y con todos los medios de transporte a mano. Cuenta con cochera. El departamento es muy silencioso por ser contrafrente con aberturas doble vidrio, luminoso, tiene tres amplias plantas y el edificio es súper tranquilo, porque son sólo cuatro unidades, con ascensor y bajísimas expensas. Ingresamos a través de puerta blindada a un gran living comedor apaisado con salida a un estupendo balcón corrido con vista abierta hacia el contrafrente. Toilette de recepción. La cocina se encuentra semi integrada hacia el living comedor con una cómoda barra y espacio desayunador. La recepción tiene doble altura con un gran ventanal logrando que este espacio sea muy luminoso. En la planta alta encontramos un escritorio o family abierto que balconea hacia el living comedor. Luego tenemos dos amplios dormitorios con placard que utilizan un baño completo, siendo el principal en suite ya que el baño tiene doble acceso y es compartimentado. El segundo dormitorio tiene integrado un cómodo escritorio. Finalmente llegamos a la terraza, un verdadero oasis en la ciudad, es enorme y súper soleada (mira al oeste) con quincho y parrilla. La vista es bárbara, muy abierta a pulmón de manzana. En esta planta también se encuentra el lavadero. La calefacción es por estufas a gas y el aire acondicionado es por splits. Las aberturas son de doble vidrio hermético (dvh). WhatsApp Contactar""}",,data\raw\argenprop\propiedades_argenprop.csv,argenprop,alquiler,concepcion arenal,USD,29.17,542c6fae482161fdd715,120.0,,,2.0,2026-09-03 15:09:33.734941+00:00,1,1,1,1,1,1,1,1,0,0,1,1,1,1,1,1,1,1,1,1,1,0,1,1,1,0,1,1,1,1,1,1,1,1,1,1,1,1,1,1,1,1,1,1,1,1,1,1,1,1,1,1,1,1,1,1,1,1,1,1,1,1,1,1,1,1,1,1,1,1,1,1,1,1,0,0,1,1,0
1d75465af928bc342ea6,Argenprop,https://www.argenprop.com/departamento-en-alquiler-en-palermo-3-ambientes--19781089,2026-09-03 15:09:33.742574+00:00,https://www.argenprop.com/departamentos/alquiler/capital-federal,3,200,1,modo_listado_sin_ficha_detallada,3 amb en Palermo,,alquiler,departamento,,,,,ARS,950000.0,$ 950.000 + $230.000 expensas,,,,21111.11,"Charcas 3300, Piso 1",Charcas,3300.0,1,,,,,,,,,,3.0,2.0,1.0,,,45.0,,,,,,,,,,,,,,,,,,,,,,,,,,,,,,,,,,,,,,,,,,,,,,8,https://www.argenprop.com/static-content/98018791/ddabc9b8-6d4f-4240-8ce7-1c7cf56b343c_u_small.jpg,,,1,"{""texto_tarjeta"": ""+ 5 Ver más fotos 1 /13 Visto 2.746 $ 950.000 &plus; $230.000 expensas Charcas 3300, Piso 1 Departamento en Alquiler en Palermo, CABA 45 m² cubie. 2 dorm. 1 baño 3 amb en Palermo Hermoso 3 ambientes en palermo, calle charcas entre guise y coronel diaz. Primer piso, con comedor, cocina amplia con posibilidades de tener heladera y lavarropas, baño y 2 dormitorios con placard. Pequeño patio comunicado al comedor. Muy buen estado en general. Contactar""}",,data\raw\argenprop\propiedades_argenprop.csv,argenprop,alquiler,charcas,ARS,21111.11,1d75465af928bc342ea6,45.0,3.0,1.0,2.0,2026-09-03 15:09:33.742574+00:00,1,1,1,1,1,1,1,1,0,0,0,1,1,1,1,1,1,1,1,1,0,0,0,1,1,0,1,1,1,1,1,1,1,1,1,1,1,1,1,1,1,1,1,1,1,1,1,1,1,1,1,1,1,1,1,1,1,1,1,1,1,1,1,1,1,1,1,1,1,1,1,1,1,1,0,0,0,0,0
6cc44ad1712694c3d281,Argenprop,https://www.argenprop.com/departamento-en-alquiler-en-caballito-3-ambientes--20314296,2026-09-03 15:09:33.750646+00:00,https://www.argenprop.com/departamentos/alquiler/capital-federal,3,200,1,modo_listado_sin_ficha_detallada,Yerbal 0 Departamento de 3 ambientes con dependencia y balcón Caballito,,alquiler,departamento,,,,,ARS,1270000.0,$ 1.270.000 + $190.000 expensas,,,,19242.42,"Yerbal 0, piso 7",Yerbal,0.0,7,,,,,,,,,,3.0,2.0,,,,66.0,,,,,,,,,,,,,,,,,,,,,,,,,,,,,,,,,,,,,,,,,,,,,,9,https://www.argenprop.com/static-content/69241302/9b336a08-1531-46ae-a99b-78bbc5e3f419_u_small.jpg,,,1,"{""texto_tarjeta"": ""+ 31 Ver más fotos 1 /39 Visto 2.734 $ 1.270.000 &plus; $190.000 expensas Yerbal 0, piso 7 Departamento en Alquiler en Caballito, CABA 66 m² cubie. 2 dorm. 49 años Yerbal 0 Departamento de 3 ambientes con dependencia y balcón Caballito Departamento ubicado a una cuadra de av. Rivadavia y del subte a. Múltiples medios de transporte. Cercanía al parque rivadavia y al parque centenario. Se trata de un piso (una unidad por planta) con living-comedor, dos dormitorios con placares, baño completo, cocina, dependencia y baño de servicio. Balcón corrido al frente con orientación norte. Muy luminoso. El alquiler incluye aysa y abl. No apto mascotas. Condiciones: - contrato a dos años con ajustes trimestrales por ipc. - Depósito de garantía: u$s 850. - Demostración de ingresos acordes. - Garantía propietaria de caba o seguro de cuación. Vremont guzmán - corredor inmobiliario eduardo guzmán - matrícula n 805 cucicba sr. Inquilino: para los casos de alquiler de vivienda, el monto máximo de comisión que se le puede requerir a los propietarios será el equivalente al cuatro con quince centésimos por ciento (4,15%) del valor total del respectivo contrato. Se encuentra prohibido cobrar a los inquilinos que sean personas físicas comisiones inmobiliarias y gastos de gestoría de informes. Se deja constancia que las medidas, superficies y m2 consignados son aproximados, sujetos a verificación y/o ajuste. El precio del inmueble puede ser modificado sin previo aviso. Ley 5115: excepto que en la descripción de la propiedad se indique lo contrario, el edificio puede no contar con rampa para personas con movilidad reducida, y no ser accesible para personas con discapacidades físicas.- WhatsApp Contactar""}",,data\raw\argenprop\propiedades_argenprop.csv,argenprop,alquiler,yerbal,ARS,19242.42,6cc44ad1712694c3d281,66.0,3.0,,2.0,2026-09-03 15:09:33.750646+00:00,1,1,1,1,1,1,1,1,0,0,0,1,1,1,1,1,1,1,1,1,0,0,1,1,1,0,1,1,1,1,1,1,1,1,1,1,1,1,1,1,1,1,1,1,1,1,1,1,1,1,1,1,1,1,1,1,1,1,1,1,1,1,1,1,1,1,1,1,1,1,1,1,1,1,0,0,0,1,0
efab3195a467706d5741,Argenprop,https://www.argenprop.com/departamento-en-alquiler-en-caballito-2-ambientes--19772812,2026-09-03 15:09:33.758901+00:00,https://www.argenprop.com/departamentos/alquiler/capital-federal,3,200,1,modo_listado_sin_ficha_detallada,Muñiz al 300 - Departamento 2 ambientes con balcón y cochera fija cubierta,,alquiler,departamento,,,,,ARS,950000.0,$ 950.000 + $305.000 expensas,,,,22093.02,"Muñiz 379, piso 12° al frente",Muñiz,379.0,12,,,,,,,,,,2.0,1.0,,,,43.0,,,,,,,,,,,,,,,,,,,,,,,,,,,,,,,,,,,,,,,,,,,,,,9,https://www.argenprop.com/static-content/21827791/69f72172-8b48-47c4-a454-a06b33561557_u_small.jpg,,,1,"{""texto_tarjeta"": ""+ 18 Ver más fotos 1 /26 Visto 2.733 $ 950.000 &plus; $305.000 expensas Muñiz 379, piso 12° al frente Departamento en Alquiler en Caballito, CABA 43 m² cubie. 1 dorm. 30 años Muñiz al 300 - Departamento 2 ambientes con balcón y cochera fija cubierta Edificio con amenities, piscina y solárium, ubicado en el límite entre caballito y almagro, a una cuadra de av. La plata y a dos cuadras de av. Rivadavia, en una zona con excelente conectividad, cercanía a medios de transporte, comercios y servicios. El edificio cuenta además con seguridad 24 horas. La unidad corresponde a un departamento de dos ambientes y medio, destacándose por su luminosidad y vista panorámica abierta. El living comedor posee una distribución en l, generando la posibilidad de incorporar un espacio de escritorio, comedor adicional o sector de estar. Cuenta con salida a balcón al frente y orientación este, lo que aporta muy buena luz natural durante gran parte del día. La cocina es independiente y dispone de espacio para lavarropas. El dormitorio cuenta con placard empotrado y la unidad posee baño completo. La propiedad incluye cochera fija cubierta. Departamento funcional, luminoso y con excelente ubicación, ideal tanto para vivienda como inversión. Las expensas incluyen cochera y aysa condiciones: - justificación de ingresos acordes - contrato a 2 años con ajustes trimestrales por icl - garantía propietaria o seguro de caución (respaldar, garantía ya o ). - Depósito de garantía u$s 800 vremont guzmán - corredor inmobiliario eduardo guzmán - matrícula n 805 cucicba sr. Inquilino: para los casos de alquiler de vivienda, el monto máximo de comisión que se le puede requerir a los propietarios será el equivalente al cuatro con quince centésimos por ciento (4,15%) del valor total del respectivo contrato. Se encuentra prohibido cobrar a los inquilinos que sean personas físicas comisiones inmobiliarias y gastos de gestoría de informes. Se deja constancia que las medidas, superficies y m2 consignados son aproximados, sujetos a verificación y/o ajuste. El precio del inmueble puede ser modificado sin previo aviso. Ley 5115: excepto que en la descripción de la propiedad se indique lo contrario, el edificio puede no contar con rampa para personas con movilidad reducida, y no ser accesible para personas con discapacidades físicas.- WhatsApp Contactar""}",,data\raw\argenprop\propiedades_argenprop.csv,argenprop,alquiler,muniz,ARS,22093.02,efab3195a467706d5741,43.0,2.0,,1.0,2026-09-03 15:09:33.758901+00:00,1,1,1,1,1,1,1,1,0,0,0,1,1,1,1,1,1,1,1,1,0,0,1,1,1,0,1,1,1,1,1,1,1,1,1,1,1,1,1,1,1,1,1,1,1,1,1,1,1,1,1,1,1,1,1,1,1,1,1,1,1,1,1,1,1,1,1,1,1,1,1,1,1,1,0,0,0,1,0
5ec7f542719c22c62c89,Argenprop,https://www.argenprop.com/departamento-en-alquiler-en-caballito-sur-1-ambiente--20012500,2026-09-03 15:09:33.767164+00:00,https://www.argenprop.com/departamentos/alquiler/capital-federal,3,200,1,modo_listado_sin_ficha_detallada,Av. La Plata 200 - Monoambiente con cocina independiente y baño completo - Caballito,,alquiler,departamento,,,,,ARS,650000.0,$ 650.000 + $99.000 expensas,,,,21666.67,Avenida La Plata 200,Avenida La Plata,200.0,lata,,,,,,,,,,,,1.0,,,30.0,,,,,,,,,,,,,,,,,,,,,,,,,,,,,,,,,,,,,,,,,,,,,,9,https://www.argenprop.com/static-content/00521002/46ce0c87-9747-4fa4-8dd1-827a65f1b2e9_u_small.jpg,,,1,"{""texto_tarjeta"": ""+ 3 Ver más fotos 1 /11 Visto 2.733 $ 650.000 &plus; $99.000 expensas Avenida La Plata 200 Departamento en Alquiler en Caballito Sur, Caballito 30 m² cubie. 40 años 1 baño Av. La Plata 200 - Monoambiente con cocina independiente y baño completo - Caballito Edificio ubicado a 200 metros de avenida rivadavia. Zona comercial que posee múltiples medios de comunicación (subte a, líneas de colectivos, etc.), Colegios, lugares de esparcimiento (parque rivadavia, cines, etc.). El departamento está ubicado en un quinto piso, es interno. Monoambiente con baño completo y cocina independiente. Apto uso profesional. Condiciones: - duración del contrato: 2 años. - Ajustes: trimestrales por ipc. - Depósito de garantía: u$s 450-. - Justificación de ingresos acordes. - Garantía propietaria o seguro de caución (respaldar, o garantía ya). Vremont guzmán - corredor inmobiliario eduardo guzmán - matrícula n 805 cucicba sr. Inquilino: para los casos de alquiler de vivienda, el monto máximo de comisión que se le puede requerir a los propietarios será el equivalente al cuatro con quince centésimos por ciento (4,15%) del valor total del respectivo contrato. Se encuentra prohibido cobrar a los inquilinos que sean personas físicas comisiones inmobiliarias y gastos de gestoría de informes. Se deja constancia que las medidas, superficies y m2 consignados son aproximados, sujetos a verificación y/o ajuste. El precio del inmueble puede ser modificado sin previo aviso. Ley 5115: excepto que en la descripción de la propiedad se indique lo contrario, el edificio puede no contar con rampa para personas con movilidad reducida, y no ser accesible para personas con discapacidades físicas.- WhatsApp Contactar""}",,data\raw\argenprop\propiedades_argenprop.csv,argenprop,alquiler,avenida la plata,ARS,21666.67,5ec7f542719c22c62c89,30.0,,1.0,,2026-09-03 15:09:33.767164+00:00,1,1,1,1,1,1,1,1,0,0,0,1,1,1,1,1,1,1,1,1,1,1,0,1,1,0,1,1,1,1,1,1,1,1,1,1,1,1,1,1,1,1,1,1,1,1,1,1,1,1,1,1,1,1,1,1,1,1,1,1,1,1,1,1,1,1,1,1,1,1,1,1,1,1,0,0,1,0,1
7f8ae75af08dd3bd0253,Argenprop,https://www.argenprop.com/departamento-en-alquiler-en-recoleta--20085956,2026-09-03 15:09:33.775817+00:00,https://www.argenprop.com/departamentos/alquiler/capital-federal,3,200,1,modo_listado_sin_ficha_detallada,Departamento en alquiler en Recoleta. Av. Córdoba y Junin. Al frente. Super Luminoso Apto profesional,,alquiler,departamento,,,,,ARS,700000.0,$ 700.000 + $250.000 expensas,,,,14893.62,"Avenida Córdoba 2000, Piso 7",Avenida Córdoba,2000.0,7,,,,,,,,,,2.0,1.0,,,,47.0,,,,,,,,,,,,,,,,,,,,,,,,,,,,,,,,,,,,,,,,,,,,,,8,https://www.argenprop.com/static-content/65958002/c9a1609c-ea7c-47e3-a54b-ae5ae71ddf98_u_small.jpg,,,1,"{""texto_tarjeta"": ""+ 3 Ver más fotos 1 /11 Visto 2.726 $ 700.000 &plus; $250.000 expensas Avenida Córdoba 2000, Piso 7 Departamento en Alquiler en Recoleta, CABA 47 m² cubie. 3 m² Semicubierta 1 dorm. Departamento en alquiler en Recoleta. Av. Córdoba y Junin. Al frente. Super Luminoso Apto profesional Un departamento luminoso, funcional y versátil, ideal tanto para vivienda como para estudio/consultorio profesional. Ubicado sobre una de las avenidas más conectadas de la ciudad, en una zona de altísima demanda y vida urbana. 2 ambientes distribuidos de forma eficiente. 7º piso al frente: excelente luminosidad natural y vista despejada a la avenida. Puerta blindada para total seguridad. Apto profesional: ideal para médicos, abogados, contadores, diseñadores o work from home. Ambientes bien ventilados y aprovechables. Ubicación insuperable y conectividad la propiedad se encuentra en un punto clave de la ciudad de buenos aires, rodeada de todo lo necesario para la vida cotidiana y laboral: polo educativo universitario: a pasos de la facultad de medicina, odontología y económicas de la uba, así como de sedes de la usal y diversos institutos de posgrado. Polo sanitario y de salud: a minutos del hospital de clínicas, el instituto roffo, sanatorio otamendi y múltiples centros médicos de primer nivel. Conectividad total: subte línea d (estación facultad de medicina) y línea h (estación córdoba) a solo un par de cuadras. Innumerables líneas de colectivo (metrobús / av. Córdoba, av. Callao y av. Pueyrredón) para trasladarte rápidamente a cualquier punto de caba. Entorno urbano y servicios: zona comercial consolidada con gran oferta gastronómica, cafés de especialidad, supermercados, bancos, gimnasios y áreas verdes cercanas como la plaza houssay. Requisitos: demostración de ingresos garantía propietaria/ seguro de caución 1 mes de depósito ajuste trimestral WhatsApp Contactar""}",,data\raw\argenprop\propiedades_argenprop.csv,argenprop,alquiler,avenida cordoba,ARS,14893.62,7f8ae75af08dd3bd0253,47.0,2.0,,1.0,2026-09-03 15:09:33.775817+00:00,1,1,1,1,1,1,1,1,0,0,0,1,1,1,1,1,1,1,1,1,0,0,1,1,1,0,1,1,1,1,1,1,1,1,1,1,1,1,1,1,1,1,1,1,1,1,1,1,1,1,1,1,1,1,1,1,1,1,1,1,1,1,1,1,1,1,1,1,1,1,1,1,1,1,0,0,0,1,0
6c6ac62f1c2efe50bdd7,Argenprop,https://www.argenprop.com/departamento-en-alquiler-en-caballito-sur-2-ambientes--20371112,2026-09-03 15:09:33.784762+00:00,https://www.argenprop.com/departamentos/alquiler/capital-federal,3,200,1,modo_listado_sin_ficha_detallada,Beauchef al 800 - Departamento de 2 ambientes con patio y balcón más amenities en alquiler,,alquiler,departamento,,,,,ARS,1000000.0,$ 1.000.000 + $270.000 expensas,,,,23809.52,Beauchef 800,Beauchef,800.0,,,,,,,,,,,2.0,1.0,,,,42.0,,,,,,,,,,,,,,,,,,,,,,,,,,,,,,,,,,,,,,,,,,,,,,9,https://www.argenprop.com/static-content/21117302/c13fa773-df43-4788-9e0d-51cfdcb47b2e_u_small.jpg,,,1,"{""texto_tarjeta"": ""+ 25 Ver más fotos 1 /33 Visto 2.701 $ 1.000.000 &plus; $270.000 expensas Beauchef 800 Departamento en Alquiler en Caballito Sur, Caballito 42 m² cubie. 1 dorm. 8 años Beauchef al 800 - Departamento de 2 ambientes con patio y balcón más amenities en alquiler Departamento de 2 ambientes en alquiler ubicado sobre beauchef al 800, en una zona con muy buena conectividad, cercanía a av. Directorio, múltiples líneas de colectivos y próximo a la estación josé maría moreno de la línea e del subte. La unidad se encuentra en un primer piso al contrafrente y, a pesar de su ubicación, se destaca por ser muy luminosa. Se encuentra en excelente estado general, recientemente pintada y con pisos plastificados. Al ingresar se accede a un pasillo de recepción con placard, que aporta un cómodo espacio de guardado. El living comedor posee salida directa al balcón propio y se conecta con la cocina independiente, equipada con artefacto de cocina a gas. El dormitorio cuenta con placard empotrado e interior de placard en excelente estado. El baño es completo y posee bañera. Además, desde el pasillo de entrada se accede a un patio propio orientado al pulmón del edificio, sumando un segundo espacio exterior y favoreciendo la ventilación natural. El edificio dispone de amenities en el último piso: piscina descubierta, deck con sector de solárium, parrilla y sum. Una propiedad cómoda, luminosa y funcional, con balcón, patio propio y amenities, ideal para quienes buscan confort y buena conectividad dentro de la ciudad. No se aceptan mascotas condiciones: - justificación de ingresos acordes - depósito de garantía: u$s 700.- - Contrato a dos años con ajustes trimestrales por ipc - seguro de caución (respaldar, o garantía ya) excluyente. - Contratación de seguro contra incendio y responsabilidad civil a satisfacción del locador. Vremont guzmán - corredor inmobiliario eduardo guzmán - matrícula n 805 cucicba sr. Inquilino: para los casos de alquiler de vivienda, el monto máximo de comisión que se le puede requerir a los propietarios será el equivalente al cuatro con quince centésimos por ciento (4,15%) del valor total del respectivo contrato. Se encuentra prohibido cobrar a los inquilinos que sean personas físicas comisiones inmobiliarias y gastos de gestoría de informes. Se deja constancia que las medidas, superficies y m2 consignados son aproximados, sujetos a verificación y/o ajuste. El precio del inmueble puede ser modificado sin previo aviso. Ley 5115: excepto que en la descripción de la propiedad se indique lo contrario, el edificio puede no contar con rampa para personas con movilidad reducida, y no ser accesible para personas con discapacidades físicas.- WhatsApp Contactar""}",,data\raw\argenprop\propiedades_argenprop.csv,argenprop,alquiler,beauchef,ARS,23809.52,6c6ac62f1c2efe50bdd7,42.0,2.0,,1.0,2026-09-03 15:09:33.784762+00:00,1,1,1,1,1,1,1,1,0,0,1,1,1,1,1,1,1,1,1,1,0,0,1,1,1,0,1,1,1,1,1,1,1,1,1,1,1,1,1,1,1,1,1,1,1,1,1,1,1,1,1,1,1,1,1,1,1,1,1,1,1,1,1,1,1,1,1,1,1,1,1,1,1,1,0,0,0,1,0
6f3311be375338d9d477,Argenprop,https://www.argenprop.com/departamento-en-alquiler-en-plaza-san-martin-3-ambientes--20022902,2026-09-03 15:09:33.792949+00:00,https://www.argenprop.com/departamentos/alquiler/capital-federal,3,200,1,modo_listado_sin_ficha_detallada,Departamento de tres ambientes en alquiler,,alquiler,departamento,,,,,ARS,880000.0,$ 880.000 + $280.000 expensas,,,,,"Suipacha 900, Piso 12",Suipacha,900.0,12,,,,,,,,,,3.0,2.0,1.0,,,,,,,,,,,,,,,,,,,,,,,,,,,,,,,,,,,,,,,,,,,,,,,,,9,https://www.argenprop.com/static-content/20922002/23408689-d768-4bcb-a218-3a1c912cb7f4_u_small.jpg,,,1,"{""texto_tarjeta"": ""+ 19 Ver más fotos 1 /27 Visto 2.700 $ 880.000 &plus; $280.000 expensas Suipacha 900, Piso 12 Departamento en Alquiler en Plaza San Martín, Barrio Norte 2 dorm. 1 baño 3 ambientes Departamento de tres ambientes en alquiler Departamento en alquiler de tres ambientes, super luminoso ubicado en un piso 12 WhatsApp Contactar""}",,data\raw\argenprop\propiedades_argenprop.csv,argenprop,alquiler,suipacha,ARS,,6f3311be375338d9d477,,3.0,1.0,2.0,2026-09-03 15:09:33.792949+00:00,1,1,1,1,1,1,1,1,1,0,0,1,1,1,1,1,1,1,1,1,0,0,0,1,1,1,1,1,1,1,1,1,1,1,1,1,1,1,1,1,1,1,1,1,1,1,1,1,1,1,1,1,1,1,1,1,1,1,1,1,1,1,1,1,1,1,1,1,1,1,1,1,1,1,1,1,0,0,0
1308436d30d8ed9a0713,Argenprop,https://www.argenprop.com/departamento-en-alquiler-en-belgrano-r-2-ambientes--20068369,2026-09-03 15:09:36.212875+00:00,https://www.argenprop.com/departamentos/alquiler/capital-federal,4,200,1,modo_listado_sin_ficha_detallada,Departamento en alquiler en Belgrano R,,alquiler,departamento,,,,,ARS,1000000.0,$ 1.000.000 + $450.000 expensas,,,,18181.82,Capitán General Ramón Freire 2400,Capitán General Ramón Freire,2400.0,,,,,,,,,,,2.0,1.0,2.0,,,55.0,,,,,,,,,,,,,,,,,,,,,,,,,,,,,,,,,,,,,,,,,,,,,,8,https://www.argenprop.com/static-content/96386002/96586254-c9ae-4245-b79a-5de9ba83b7f7_u_small.jpg,,,1,"{""texto_tarjeta"": ""+ 10 Ver más fotos 1 /18 Visto 2.664 $ 1.000.000 &plus; $450.000 expensas Capitán General Ramón Freire 2400 Departamento en Alquiler en Belgrano R, Belgrano 55 m² cubie. 10 m² Semicubierta 1 dorm. Departamento en alquiler en Belgrano R Dueño alquila: (sin comisiones) 2 ambientes con 2 baños (habitacion en suite + toilette) cocina integrada balcon corrido con vista al jardin y a la piscina 3er piso placard en habitacion y placard en hall de recepcion. Edificio erre full amenities gran piscina jacuzzi solarium jardin gym completo sauna sum cocina parrillas seguridad 24 hs posibilidad de alquilar cochera en el edificio (sujeto a disponibilidad). Contrato a 2 años con ajuste trimestral. No se aceptan mascotas. Las medidas son aproximadas. WhatsApp Contactar""}",,data\raw\argenprop\propiedades_argenprop.csv,argenprop,alquiler,capitan general ramon freire,ARS,18181.82,1308436d30d8ed9a0713,55.0,2.0,2.0,1.0,2026-09-03 15:09:36.212875+00:00,1,1,1,1,1,1,1,1,0,0,1,1,1,1,1,1,1,1,1,1,0,0,0,1,1,0,1,1,1,1,1,1,1,1,1,1,1,1,1,1,1,1,1,1,1,1,1,1,1,1,1,1,1,1,1,1,1,1,1,1,1,1,1,1,1,1,1,1,1,1,1,1,1,1,0,0,0,0,0
d49068d8224a03a394b0,Argenprop,https://www.argenprop.com/departamento-en-alquiler-en-caballito-2-ambientes--20262646,2026-09-03 15:09:36.219765+00:00,https://www.argenprop.com/departamentos/alquiler/capital-federal,4,200,1,modo_listado_sin_ficha_detallada,Departamento en alquiler en Primera Junta,,alquiler,departamento,,,,,ARS,700000.0,$ 700.000 + $280.000 expensas,,,,16666.67,"Avenida Juan Bautista Alberdi 2300, Piso 6",Avenida Juan Bautista Alberdi,2300.0,6,,,,,,,,,,2.0,1.0,,,,42.0,,,,,,,,,,,,,,,,,,,,,,,,,,,,,,,,,,,,,,,,,,,,,,8,https://www.argenprop.com/static-content/64626202/3620890e-8d0f-4065-8f38-6732b9afc8e6_u_small.jpg,,,1,"{""texto_tarjeta"": ""+ 8 Ver más fotos 1 /16 Visto 2.657 $ 700.000 &plus; $280.000 expensas Avenida Juan Bautista Alberdi 2300, Piso 6 Departamento en Alquiler en Caballito, CABA 42 m² cubie. 1 dorm. 10 años Departamento en alquiler en Primera Junta Alquilo 2 ambientes con balcón vista contrafrente muy luminoso, living comedor, desayunador, cocina instalada con artefacto ariston, horno visor autolimpiante, tapa de vidrio, luz y piezo eléctrico y campana extractora de acero inoxidable 3 velocidades, bajo mesada 3 cajoneras 2 puertas, madera aglomerada enchapada en melamina clara, mesada de granito gris mara con bacha doble marca johnson con monocomando marca fv línea allegro, caldera individual baxi sistema doble independiente, agua caliente y calefacción apto 4 radiadores (2 instalados) desayunador para 4 personas granito gris mara en juego, alto alacena de 4 puertas con sistema de amortiguadores neumáticos. Dormitorio con placard de 2 cuerpos y 2 puertas corredizas con interiores, cajoneras y barrales, baño completo lavatorio de granito negro caoba con monocomando fv línea swing, espejo, receptáculo con monocomando fv línea swing con duchador, inodoro y bidet marca roca de losa blanco con grifería marca fv línea swing, pisos de cerámica y porcellanato, ventanas y ventanales de aluminio anodizado con cierre hermético y doble vidrio, portero eléctrico y tablero con 3 térmicas y disyuntor con estabilizador de tensión. Requisitos: recibo de sueldo. Garantía propietaria o seguro de caución. Contrato a 2 años. WhatsApp Contactar""}",,data\raw\argenprop\propiedades_argenprop.csv,argenprop,alquiler,avenida juan bautista alberdi,ARS,16666.67,d49068d8224a03a394b0,42.0,2.0,,1.0,2026-09-03 15:09:36.219765+00:00,1,1,1,1,1,1,1,1,0,0,0,1,1,1,1,1,1,1,1,1,0,0,1,1,1,0,1,1,1,1,1,1,1,1,1,1,1,1,1,1,1,1,1,1,1,1,1,1,1,1,1,1,1,1,1,1,1,1,1,1,1,1,1,1,1,1,1,1,1,1,1,1,1,1,0,0,0,1,0
40bc8548f7499b0d7a2c,Argenprop,https://www.argenprop.com/departamento-en-alquiler-en-palermo-1-ambiente--19940320,2026-09-03 15:09:36.226395+00:00,https://www.argenprop.com/departamentos/alquiler/capital-federal,4,200,1,modo_listado_sin_ficha_detallada,ALQUILER Excelente monoambiente en Palermo,,alquiler,departamento,,,,,ARS,650000.0,$ 650.000 + $173.000 expensas,,,,20312.5,Beruti 4400,Beruti,4400.0,,,,,,,,,,,,1.0,,,,32.0,,,,,,,,,,,,,,,,,,,,,,,,,,,,,,,,,,,,,,,,,,,,,,9,https://www.argenprop.com/static-content/02304991/eb2ca210-7d08-439e-af69-0a7a8eda5dc6_u_small.jpg,,,1,"{""texto_tarjeta"": ""+ 11 Ver más fotos 1 /19 Visto 2.650 $ 650.000 &plus; $173.000 expensas Beruti 4400 Departamento en Alquiler en Palermo, CABA 32 m² cubie. 1 dorm. 5 años ALQUILER Excelente monoambiente en Palermo Excelente monoambiente en alquiler con vista abierta, ubicado en un 6o piso. Ambiente principal: amplio living-comedor (7.00 x 3.00 ) con pisos flotantes laqueados. Cuenta con dos plafones de techo con 3 luces led dimerizables balcón: espacio de 1.00 x 2.60 con vista abierta y plafón con 2 luces led dimerizables cocina semi-integrada: 1.50 x s 2.95 ) equipada con amoblamiento completo, cocina eléctrica de 4 placas extractor de aire spar y conexión posterior para lavarropas de carga vertical baño completo: (1.50 x 2.20 ) grifería completa, toallero de acero inoxidable, espejo vertical con iluminación led, extractor de aire y bañera con mampara de vidrio templado de 4 hojas. Equipamiento incluido 1 equipo de aire acondicionado frío/calor marca york. Cortina black out instalada. Armario color caoba de generosas dimensiones. Soporte para tv led con brazo móvil negro y 2 estantes. Agua caliente central (suministrada mediante la caldera del edificio). La unidad destaca por ser sumamente luminosa, silenciosa y contar con una excelente ventilación natural. Se entrega recién pintada no acepta mascotas consulta por esta propiedad ahora. Whatsapp: oficina: vende y compra con lexinton, inmobiliaria lider en realizar compra / venta simultanea. Tasaciones profesionales. Las medidas, superficies y valores de esta ficha son aproximadas y a título informativo únicamente. Martillera y corredor responsable: nora levi cmcpsi 6006 y cucicba 5059 todas las propiedades que figuran en el perfil de lexinton se encuentran a cargo del profesional matriculado que corresponda, la intermediación y la conclusión de las operaciones serán llevadas exclusivamente por esta persona. Lexinton propiedades es una marca registrada. Matricula provincia de buenos aires: nora levi cmcpsi 6006 matricula ciudad de buenos aires: cucicba 5059 Contactar""}",,data\raw\argenprop\propiedades_argenprop.csv,argenprop,alquiler,beruti,ARS,20312.5,40bc8548f7499b0d7a2c,32.0,,,1.0,2026-09-03 15:09:36.226395+00:00,1,1,1,1,1,1,1,1,0,0,1,1,1,1,1,1,1,1,1,1,1,0,1,1,1,0,1,1,1,1,1,1,1,1,1,1,1,1,1,1,1,1,1,1,1,1,1,1,1,1,1,1,1,1,1,1,1,1,1,1,1,1,1,1,1,1,1,1,1,1,1,1,1,1,0,0,1,1,0
e5419129353a39babcd0,Argenprop,https://www.argenprop.com/departamento-en-alquiler-en-belgrano-2-ambientes--18396657,2026-09-03 15:09:36.233305+00:00,https://www.argenprop.com/departamentos/alquiler/capital-federal,4,200,1,modo_listado_sin_ficha_detallada,"Belgrano 2 Ambientes fte, Balcón, Piscina, Parrilla, Laundry",,alquiler,departamento,,,,,ARS,950000.0,$ 950.000 + $250.000 expensas,,,,,Blanco Encalada 2700,Blanco Encalada,2700.0,,,,,,,,,,,2.0,1.0,1.0,,,,,,,,,,,,,,,,,,,,,,,,,,,,,,,,,,,,,,,,,,,,,,,,,9,https://www.argenprop.com/static-content/75669381/a67d254d-db8d-4778-aed2-c46a12e5b7ae_u_small.jpg,,,1,"{""texto_tarjeta"": ""+ 6 Ver más fotos 1 /14 Visto 2.650 $ 950.000 &plus; $250.000 expensas Blanco Encalada 2700 Departamento en Alquiler en Belgrano, CABA 1 dorm. 1 baño 2 ambientes Belgrano 2 Ambientes fte, Balcón, Piscina, Parrilla, Laundry Hermoso 2 ambientes al frente con balcón corrido, en impecable estado. El edificio cuenta con pileta, gym, laundry y parrilla. Inmejorable ubicación a 2 cuadras de av cramer y 3 de av cabildo. No se aceptan mascotas WhatsApp Contactar""}",,data\raw\argenprop\propiedades_argenprop.csv,argenprop,alquiler,blanco encalada,ARS,,e5419129353a39babcd0,,2.0,1.0,1.0,2026-09-03 15:09:36.233305+00:00,1,1,1,1,1,1,1,1,1,0,1,1,1,1,1,1,1,1,1,1,0,0,0,1,1,1,1,1,1,1,1,1,1,1,1,1,1,1,1,1,1,1,1,1,1,1,1,1,1,1,1,1,1,1,1,1,1,1,1,1,1,1,1,1,1,1,1,1,1,1,1,1,1,1,1,1,0,0,0
c717f8304b0ef74d67b1,Argenprop,https://www.argenprop.com/departamento-en-alquiler-en-belgrano-3-ambientes--20256177,2026-09-03 15:09:36.239931+00:00,https://www.argenprop.com/departamentos/alquiler/capital-federal,4,200,1,modo_listado_sin_ficha_detallada,¡Imperdible! 3 Ambientes con Balcón Aterrazado en Alquiler,,alquiler,departamento,,,,,ARS,1500000.0,$ 1.500.000 + $220.000 expensas,,,,31914.89,"Roque Pérez 2500, Piso 8",Roque Pérez,2500.0,8,,,,,,,,,,3.0,2.0,1.0,,,47.0,,,,,,,,,,,,,,,,,,,,,,,,,,,,,,,,,,,,,,,,,,,,,,9,https://www.argenprop.com/static-content/17165202/f63cc168-36a4-469e-9a18-a858fc779d0b_u_small.jpg,,,1,"{""texto_tarjeta"": ""+ 4 Ver más fotos 1 /12 Visto 2.610 $ 1.500.000 &plus; $220.000 expensas Roque Pérez 2500, Piso 8 Departamento en Alquiler en Belgrano, CABA 47 m² cubie. 2 dorm. 2 años ¡Imperdible! 3 Ambientes con Balcón Aterrazado en Alquiler Requisitos ingresos comprobables propios. Garantía caba o un seguro de caución . Un mes de alquiler por adelantado. Un mes de depósito en dólares. Condiciones contrato por 24 meses. Aumentos trimestrales por ipc. Acepta mascotas (en ese caso, consultar valor del depósito) excelente propiedad muy luminosa y bien distribuida, ideal para quienes buscan comodidad, espacio al aire libre y una gran ubicación. Características principales: ambientes: 3 ambientes (living comedor + 2 dormitorios). Dormitorios: 2 habitaciones con placard integrado. Baño: 1 baño completo. Cocina: integrada al living comedor, optimizando el espacio social. Balcón: balcón aterrazado de 16 m², ideal para disfrutar al aire libre, armar un sector de descanso o colocar una parrilla portátil. WhatsApp Contactar""}",,data\raw\argenprop\propiedades_argenprop.csv,argenprop,alquiler,roque perez,ARS,31914.89,c717f8304b0ef74d67b1,47.0,3.0,1.0,2.0,2026-09-03 15:09:36.239931+00:00,1,1,1,1,1,1,1,1,0,0,0,1,1,1,1,1,1,1,1,1,0,0,0,1,1,0,1,1,1,1,1,1,1,1,1,1,1,1,1,1,1,1,1,1,1,1,1,1,1,1,1,1,1,1,1,1,1,1,1,1,1,1,1,1,1,1,1,1,1,1,1,1,1,1,0,0,0,0,0
6f3b630fc632a5dbe7d6,Argenprop,https://www.argenprop.com/departamento-en-alquiler-en-belgrano-r-1-ambiente--20255043,2026-09-03 15:09:36.246687+00:00,https://www.argenprop.com/departamentos/alquiler/capital-federal,4,200,1,modo_listado_sin_ficha_detallada,MONOAMBIENTE C/BALCÓN EN BELGRANO,,alquiler,departamento,,,,,ARS,650000.0,$ 650.000,,,,24074.07,Doctor Rómulo Naón 2300,Doctor Rómulo Naón,2300.0,,,,,,,,,,,,,1.0,,,27.0,,,,,,,,,,,,,,,,,,,,,,,,,,,,,,,,,,,,,,,,,,,,,,9,https://www.argenprop.com/static-content/34055202/00676e33-7906-4dc7-b050-4c63eca5bae0_u_small.jpg,,,1,"{""texto_tarjeta"": ""+ 3 Ver más fotos 1 /11 Visto 2.604 $ 650.000 Doctor Rómulo Naón 2300 Departamento en Alquiler en Belgrano R, Belgrano 27 m² cubie. 10 años 1 baño MONOAMBIENTE C/BALCÓN EN BELGRANO Monoambiente en alquiler con balcón y amenities en belgrano r excelente monoambiente en belgrano r, ubicado en un edificio moderno con amenities. La unidad cuenta con 33 m² totales, de los cuales 27 m² son cubiertos y 6 m² corresponden al balcón. El ambiente es cómodo y luminoso, con salida a un amplio balcón al contrafrente. Dispone de cocina tipo office con barra desayunadora, baño completo con ducha y un práctico placard de pared ubicado en el ingreso, con cajonera y espacio de baulera. La propiedad se encuentra en muy buen estado y recientemente pintada. El edificio cuenta con: sum laundry terraza con parrilla servicios centrales excelente ubicación en belgrano r, a metros de av. Olazábal y a una cuadra de av. Monroe, con muy buenos accesos y cercanía a comercios, medios de transporte y servicios. Otros servicios: sum, terraza del edificio WhatsApp Contactar""}",,data\raw\argenprop\propiedades_argenprop.csv,argenprop,alquiler,doctor romulo naon,ARS,24074.07,6f3b630fc632a5dbe7d6,27.0,,1.0,,2026-09-03 15:09:36.246687+00:00,1,1,1,1,1,1,1,1,0,0,1,1,1,1,1,1,1,1,1,1,1,1,0,1,1,0,1,1,1,1,1,1,1,1,1,1,1,1,1,1,1,1,1,1,1,1,1,1,1,1,1,1,1,1,1,1,1,1,1,1,1,1,1,1,1,1,1,1,1,1,1,1,1,1,0,0,1,0,1
ff8713f10e4360379a58,Argenprop,https://www.argenprop.com/departamento-en-alquiler-en-belgrano-2-ambientes--19970048,2026-09-03 15:09:36.253898+00:00,https://www.argenprop.com/departamentos/alquiler/capital-federal,4,200,1,modo_listado_sin_ficha_detallada,DEPTO 2 AMBIENTES CON COCHERA - BELGRANO,,alquiler,departamento,,,,,ARS,890000.0,$ 890.000,,,,19347.83,Avenida Olazábal 2700,Avenida Olazábal,2700.0,,,,,,,,,,,2.0,1.0,,,,46.0,,,,,,,,,,,,,,,,,,,,,,,,,,,,,,,,,,,,,,,,,,,,,,9,https://www.argenprop.com/static-content/84007991/1d5ba753-d4a3-4f65-a197-0b4fa43d33f2_u_small.jpg,,,1,"{""texto_tarjeta"": ""+ 4 Ver más fotos 1 /12 Visto 2.604 $ 890.000 Avenida Olazábal 2700 Departamento en Alquiler en Belgrano, CABA 46 m² cubie. 1 dorm. 45 años DEPTO 2 AMBIENTES CON COCHERA - BELGRANO Excelente departamento de 2 ambientes con cochera, en el corazón de belgrano, una zona residencial con excelente conectividad, amplia oferta gastronómica, comercios y medios de transporte. La unidad es lateral con orientación oeste, lo que garantiza una muy buena luminosidad durante la tarde. Además, cuenta con doble ingreso (entrada principal y de servicio), un diferencial que aporta mayor comodidad y funcionalidad. El living-comedor es amplio y luminoso, con salida a balcón francés y equipado con aire acondicionado, brindando un ambiente confortable durante todo el año. La calefacción es por losa radiante, lo que asegura una temperatura homogénea en todos los ambientes. La cocina es independiente, con amplias mesadas de granito, muebles bajo mesada y alacenas, excelente espacio de guardado, espacio para lavarropas y muy buena ventilación natural. El dormitorio cuenta con pisos de madera, placares empotrados de piso a techo y salida al balcón francés, ofreciendo un ambiente cálido y muy luminoso. Características * living-comedor con aire acondicionado. * Cocina independiente. * Dormitorio con pisos de madera y amplios placares. * Baño completo. * Calefacción por losa radiante. * Dos ingresos: principal y de servicio. * Balcon franceses. * Cochera fija. El edificio ofrece * vigilancia las 24 horas. * Grupo electrógeno. * Excelente estado de mantenimiento. Una excelente oportunidad para quienes buscan un departamento cómodo, seguro y con cochera en una de las zonas más buscadas de belgrano. Condiciones de ingreso: ingresos comprobables. 1 mes de adelanto. 1 mes de depósito. Seguro de caución o garantía propietaria de caba. Contrato a 2 años con actualización trimestral según ipc. Esta unidad cumple con la ley 5115. Matrícula cucicba n.º 5634 matrícula csi n.º 5957 WhatsApp Contactar""}",,data\raw\argenprop\propiedades_argenprop.csv,argenprop,alquiler,avenida olazabal,ARS,19347.83,ff8713f10e4360379a58,46.0,2.0,,1.0,2026-09-03 15:09:36.253898+00:00,1,1,1,1,1,1,1,1,0,0,1,1,1,1,1,1,1,1,1,1,0,0,1,1,1,0,1,1,1,1,1,1,1,1,1,1,1,1,1,1,1,1,1,1,1,1,1,1,1,1,1,1,1,1,1,1,1,1,1,1,1,1,1,1,1,1,1,1,1,1,1,1,1,1,0,0,0,1,0
32ea39487ab79c2bd4d2,Argenprop,https://www.argenprop.com/departamento-en-alquiler-en-belgrano-1-ambiente--20100233,2026-09-03 15:09:36.260890+00:00,https://www.argenprop.com/departamentos/alquiler/capital-federal,4,200,1,modo_listado_sin_ficha_detallada,MONOAMBIENTE con GYM y PILETA – BELGRANO,,alquiler,departamento,,,,,ARS,700000.0,$ 700.000 + $190.000 expensas,,,,23333.33,Avenida Olazábal 2600,Avenida Olazábal,2600.0,,,,,,,,,,,,,1.0,,,30.0,,,,,,,,,,,,,,,,,,,,,,,,,,,,,,,,,,,,,,,,,,,,,,9,https://www.argenprop.com/static-content/33200102/bae6dced-aa4e-4229-8b3f-9e823f563163_u_small.jpg,,,1,"{""texto_tarjeta"": ""+ 4 Ver más fotos 1 /12 Visto 2.603 $ 700.000 &plus; $190.000 expensas Avenida Olazábal 2600 Departamento en Alquiler en Belgrano, CABA 30 m² cubie. A Estrenar 1 baño MONOAMBIENTE con GYM y PILETA – BELGRANO Roman cifre propiedades presenta este excelente monoambiente a estrenar ubicado sobre olazábal al 2600, en una de las zonas más buscadas de belgrano. La unidad ofrece un diseño moderno y funcional, con un amplio ambiente, cocina integrada totalmente equipada, placard de piso a techo con puertas espejadas y baño completo con terminaciones de primera calidad. Sus amplios ventanales con carpinterías de pvc/aluminio y doble vidriado hermético (dvh) brindan excelente luminosidad y aislación térmica y acústica. La cocina se entrega equipada con: anafe y horno eléctrico. Muebles bajo mesada y alacenas. Mesada de granito. Grifería de primera línea. El baño cuenta con: revestimientos en porcelanato. Vanitory con espejo. Artefactos y griferías de primeras marcas. El edificio se destaca por su excelente calidad constructiva y completos amenities: piscina. Gimnasio totalmente equipado. Sum. Laundry. Seguridad 24 horas. Hall de acceso de diseño. Ascensores de última generación. Agua caliente central. Carpinterías con dvh. Ubicado a pocos metros de av. Cabildo, av. Crámer y av. Monroe, con excelente conectividad mediante subte línea d, metrobus y múltiples líneas de colectivos. Cercano a espacios verdes, centros comerciales, restaurantes y todos los servicios. Ideal para quienes buscan vivir en un edificio de categoría con excelentes prestaciones o realizar una inversión de alta demanda en una de las mejores zonas de belgrano. Consultanos para coordinar una visita. Una excelente oportunidad para quienes buscan un departamento cómodo, seguro en una de las zonas más buscadas de belgrano. Condiciones de ingreso: ingresos comprobables. 1 mes y medio de adelanto. 1 mes de depósito. Seguro de caución o garantía propietaria de caba. Contrato a 2 años con actualización trimestral según ipc. Esta unidad cumple con la ley 5115. Matrícula cucicba n.º 5634 matrícula csi n.º 5957 WhatsApp Contactar""}",,data\raw\argenprop\propiedades_argenprop.csv,argenprop,alquiler,avenida olazabal,ARS,23333.33,32ea39487ab79c2bd4d2,30.0,,1.0,,2026-09-03 15:09:36.260890+00:00,1,1,1,1,1,1,1,1,0,0,1,1,1,1,1,1,1,1,1,1,1,1,0,1,1,0,1,1,1,1,1,1,1,1,1,1,1,1,1,1,1,1,1,1,1,1,1,1,1,1,1,1,1,1,1,1,1,1,1,1,1,1,1,1,1,1,1,1,1,1,1,1,1,1,0,0,1,0,1
8359369f50e7842e4e67,Argenprop,https://www.argenprop.com/departamento-en-alquiler-en-belgrano-2-ambientes--19989168,2026-09-03 15:09:36.268170+00:00,https://www.argenprop.com/departamentos/alquiler/capital-federal,4,200,1,modo_listado_sin_ficha_detallada,ALQUILER 2 AMBIENTES A ESTRENAR CON COCHERA- BELGRANO,,alquiler,departamento,,,,,USD,1100.0,USD 1.100,,,,27.5,Crámer 2300,Crámer,2300.0,,,,,,,,,,,2.0,1.0,,,,40.0,,,,,,,,,,,,,,,,,,,,,,,,,,,,,,,,,,,,,,,,,,,,,,9,https://www.argenprop.com/static-content/86198991/5f285d63-cd81-4905-bb59-1253afa98ce8_u_small.jpg,,,1,"{""texto_tarjeta"": ""+ 15 Ver más fotos 1 /23 Visto 2.602 USD 1.100 Crámer 2300 Departamento en Alquiler en Belgrano, CABA 40 m² cubie. 1 dorm. A Estrenar ALQUILER 2 AMBIENTES A ESTRENAR CON COCHERA- BELGRANO Excelente departamento de 2 ambientes a estrenar, ubicado en el exclusivo grand cramer, un edificio de categoría que combina diseño contemporáneo, calidad constructiva y una completa propuesta de amenities en una de las zonas más buscadas de belgrano. El desarrollo cuenta con más de 15 amenities, entre ellos piscina con vista panorámica, gimnasio, sum, sauna, jacuzzi, parrillas, jardines parquizados, laundry, seguridad y control de acceso. La unidad se destaca por su excelente luminosidad gracias a sus amplios ventanales de piso a techo y su orientación al frente. El living-comedor ofrece un espacio amplio y funcional, con salida a un balcón corrido ideal para disfrutar del aire libre. La cocina se encuentra integrada mediante una moderna barra desayunadora con mesada de granito negro, equipada con horno y anafe eléctricos, muebles bajo mesada y alacenas de excelente calidad, logrando un ambiente moderno y de gran amplitud visual. El dormitorio cuenta con placard de piso a techo con interiores completos y salida directa al balcón, proporcionando una agradable continuidad entre el interior y el exterior. El baño es completo, con bañera, mesada de diseño, bacha de apoyo, espejo retroiluminado y revestimientos de primera calidad. Entre sus características se destacan: amplio living comedor con salida al balcón. Cocina integrada con barra desayunadora. Dormitorio con placard y salida al balcón. Baño completo con bañera. Pisos de porcelanato. Aberturas de aluminio con dvh. Agua caliente central. Calefacción por losa radiante. Instalación prevista para aire acondicionado. Grand cramer ofrece una experiencia de vivienda diferencial, con amenities pensados para disfrutar todos los días: piscina con vista panorámica. Solárium y jacuzzis. Gimnasio totalmente equipado. Sum. Parrillas y quincho. Sauna y spa. Jardines parquizados. Laundry. Seguridad y control de acceso. Portero visor con cámara. Grupo electrógeno para servicios comunes. Ubicado sobre av. Cramer, a pocas cuadras de av. Cabildo, av. Juramento y la estación de subte línea d, rodeado de una amplia oferta gastronómica, comercial, colegios y espacios verdes, con excelentes accesos y múltiples medios de transporte. WhatsApp Contactar""}",,data\raw\argenprop\propiedades_argenprop.csv,argenprop,alquiler,cramer,USD,27.5,8359369f50e7842e4e67,40.0,2.0,,1.0,2026-09-03 15:09:36.268170+00:00,1,1,1,1,1,1,1,1,0,0,1,1,1,1,1,1,1,1,1,1,0,0,1,1,1,0,1,1,1,1,1,1,1,1,1,1,1,1,1,1,1,1,1,1,1,1,1,1,1,1,1,1,1,1,1,1,1,1,1,1,1,1,1,1,1,1,1,1,1,1,1,1,1,1,0,0,0,1,0
0025df58fa309f04b393,Argenprop,https://www.argenprop.com/departamento-en-alquiler-en-belgrano-3-ambientes--12043586,2026-09-03 15:09:36.275154+00:00,https://www.argenprop.com/departamentos/alquiler/capital-federal,4,200,1,modo_listado_sin_ficha_detallada,3 ambientes con cochera,,alquiler,departamento,,,,,USD,1400.0,USD 1.400,,,,18.67,La Pampa 1200,La Pampa,1200.0,ampa,,,,,,,,,,3.0,2.0,,,,75.0,,,,,,,,,,,,,,,,,,,,,,,,,,,,,,,,,,,,,,,,,,,,,,9,https://www.argenprop.com/static-content/68534021/0acdf9f5-6c54-45da-8223-53e1a686caa4_u_small.jpg,,,1,"{""texto_tarjeta"": ""+ 11 Ver más fotos 1 /19 Visto 2.601 USD 1.400 La Pampa 1200 Departamento en Alquiler en Belgrano, CABA 75 m² cubie. 2 dorm. 22 años 3 ambientes con cochera Excelente 3 ambientes con cochera. Broker cecilia +54 9 ingreso a hall, living-comedor con salida a balcón de gran dimensión. Dormitorio principal en suite. Segundo dormitorio con placard. Baño completo. Cocina equipada con comedor diario y lavadero independiente. Cochera cubierta y baulera. Aire acondicionado split f/c, calefacción por losa radiante con caldera individual. Amenities: piscina, jardín parquizado, solárium, parrilla en el último piso, cocheras de cortesía, vigilancia las 24 hs. La torre fue construido por la firma codaro, zona de practico acceso, rodeada de bares, confiterías y restaurantes (muy próximo al nuevo corredor gastronómico, entre las calles la pampa - sucre y av. Del libertador). *)Para mayor información, comunícate con nosotros al o envianos tu teléfono y nos contactaremos a la brevedad. Contactar""}",,data\raw\argenprop\propiedades_argenprop.csv,argenprop,alquiler,la pampa,USD,18.67,0025df58fa309f04b393,75.0,3.0,,2.0,2026-09-03 15:09:36.275154+00:00,1,1,1,1,1,1,1,1,0,0,0,1,1,1,1,1,1,1,1,1,0,0,1,1,1,0,1,1,1,1,1,1,1,1,1,1,1,1,1,1,1,1,1,1,1,1,1,1,1,1,1,1,1,1,1,1,1,1,1,1,1,1,1,1,1,1,1,1,1,1,1,1,1,1,0,0,0,1,0
ec2fceee6a00b28f29d5,Argenprop,https://www.argenprop.com/departamento-en-alquiler-en-barrio-norte-3-ambientes--15818069,2026-09-03 15:09:36.285871+00:00,https://www.argenprop.com/departamentos/alquiler/capital-federal,4,200,1,modo_listado_sin_ficha_detallada,3 dorm. Cochera fija 69m2 piso 10 balcon todo sol contra frente impecable,,alquiler,departamento,,,,,ARS,1000000.0,$ 1.000.000 + $250.000 expensas,,,,16666.67,"Avenida Callao 700, Piso 10",Avenida Callao,700.0,10,,,,,,,,,,,2.0,,,,60.0,,,,,,,,,,,,,,,,,,,,,,,,,,,,,,,,,,,,,,,,,,,,,,9,https://www.argenprop.com/static-content/96081851/1ec24b78-7402-4937-bf28-854f6cd7b2c5_u_small.jpg,,,1,"{""texto_tarjeta"": ""+ 5 Ver más fotos 1 /13 Visto 2.600 $ 1.000.000 &plus; $250.000 expensas Avenida Callao 700, Piso 10 Departamento en Alquiler en Barrio Norte, CABA 60 m² cubie. 2 dorm. 45 años 3 dorm. Cochera fija 69m2 piso 10 balcon todo sol contra frente impecable 3 dormitorios dos de ellos al balcon corrido con placard, tercer dormitorio para niños, no tiene placard, cochera fija, lavadero separado, entrada principal y de servicio, en muy buen estado. Luminoso con sol, pisos de parquet plastificados, recien pintado, living y comedor a balcon , toilette. Baño completo. Cocina con lavadero aparte, super silencioso . El aumento es por icl cada 4 meses. WhatsApp Contactar""}",,data\raw\argenprop\propiedades_argenprop.csv,argenprop,alquiler,avenida callao,ARS,16666.67,ec2fceee6a00b28f29d5,60.0,,,2.0,2026-09-03 15:09:36.285871+00:00,1,1,1,1,1,1,1,1,0,0,0,1,1,1,1,1,1,1,1,1,1,0,1,1,1,0,1,1,1,1,1,1,1,1,1,1,1,1,1,1,1,1,1,1,1,1,1,1,1,1,1,1,1,1,1,1,1,1,1,1,1,1,1,1,1,1,1,1,1,1,1,1,1,1,0,0,1,1,0
294175d529a7893b8f7f,Argenprop,https://www.argenprop.com/departamento-en-alquiler-en-caballito-2-ambientes--19801069,2026-09-03 15:09:36.295220+00:00,https://www.argenprop.com/departamentos/alquiler/capital-federal,4,200,1,modo_listado_sin_ficha_detallada,Colpayo 40 - Departamento de dos ambientes con balcón en dormitorio - Caballito,,alquiler,departamento,,,,,ARS,650000.0,$ 650.000 + $140.000 expensas,,,,18055.56,Colpayo 100,Colpayo,100.0,,,,,,,,,,,,1.0,,,,36.0,,,,,,,,,,,,,,,,,,,,,,,,,,,,,,,,,,,,,,,,,,,,,,9,https://www.argenprop.com/static-content/96010891/aa29b489-5210-4212-9dad-23066a905774_u_small.jpg,,,1,"{""texto_tarjeta"": ""+ 14 Ver más fotos 1 /22 Visto 2.596 $ 650.000 &plus; $140.000 expensas Colpayo 100 Departamento en Alquiler en Caballito, CABA 36 m² cubie. 1 dorm. 35 años Colpayo 40 - Departamento de dos ambientes con balcón en dormitorio - Caballito Departamento de dos ambientes que ofrece una distribución funcional que permite diferenciar claramente los sectores de estar y descanso. Al ingresar a la unidad nos encontramos con un hall de recepción que puede destinarse cómodamente a escritorio o espacio de trabajo, ideal para home office. La cocina es abierta y se integra al living comedor mediante una barra desayunadora, contando además con conexión para lavarropas. El sector destinado al dormitorio se encuentra separado del ambiente principal y posee salida directa al balcón, aportando luminosidad y ventilación natural. El baño es completo y cuenta con ventana al exterior, favoreciendo la ventilación e iluminación natural del ambiente. Una propiedad práctica y versátil, ideal para vivienda. Condiciones: - contrato a dos años con ajustes trimestrales por ipc - depósito: u$d 600 -demostración de ingresos acordes. - Garantía propietaria o seguro de caución. Vremont guzmán - corredor inmobiliario eduardo guzmán - matrícula n 805 cucicba sr. Inquilino: para los casos de alquiler de vivienda, el monto máximo de comisión que se le puede requerir a los propietarios será el equivalente al cuatro con quince centésimos por ciento (4,15%) del valor total del respectivo contrato. Se encuentra prohibido cobrar a los inquilinos que sean personas físicas comisiones inmobiliarias y gastos de gestoría de informes. Se deja constancia que las medidas, superficies y m2 consignados son aproximados, sujetos a verificación y/o ajuste. El precio del inmueble puede ser modificado sin previo aviso. Ley 5115: excepto que en la descripción de la propiedad se indique lo contrario, el edificio puede no contar con rampa para personas con movilidad reducida, y no ser accesible para personas con discapacidades físicas.- WhatsApp Contactar""}",,data\raw\argenprop\propiedades_argenprop.csv,argenprop,alquiler,colpayo,ARS,18055.56,294175d529a7893b8f7f,36.0,,,1.0,2026-09-03 15:09:36.295220+00:00,1,1,1,1,1,1,1,1,0,0,1,1,1,1,1,1,1,1,1,1,1,0,1,1,1,0,1,1,1,1,1,1,1,1,1,1,1,1,1,1,1,1,1,1,1,1,1,1,1,1,1,1,1,1,1,1,1,1,1,1,1,1,1,1,1,1,1,1,1,1,1,1,1,1,0,0,1,1,0
b623bff9bd620c9e8c17,Argenprop,https://www.argenprop.com/departamento-en-alquiler-en-las-canitas-2-ambientes--20239429,2026-09-03 15:09:36.303128+00:00,https://www.argenprop.com/departamentos/alquiler/capital-federal,4,200,1,modo_listado_sin_ficha_detallada,ORTEGA Y GASSET AL 1600 - 33 M2 IMPECABLE,,alquiler,departamento,,,,,ARS,600000.0,$ 600.000 + $177.000 expensas,,,,18181.82,Jose Ortega Y Gasset 1600,Jose Ortega Y Gasset,1600.0,,,,,,,,,,,2.0,1.0,,,,33.0,,,,,,,,,,,,,,,,,,,,,,,,,,,,,,,,,,,,,,,,,,,,,,9,https://www.argenprop.com/static-content/92493202/7aeefecf-5889-4ae2-b4e2-b57cc267cc33_u_small.jpg,,,1,"{""texto_tarjeta"": ""+ 18 Ver más fotos 1 /26 Visto 2.588 $ 600.000 &plus; $177.000 expensas Jose Ortega Y Gasset 1600 Departamento en Alquiler en Las Cañitas, Palermo 33 m² cubie. 1 dorm. 40 años ORTEGA Y GASSET AL 1600 - 33 M2 IMPECABLE 2 ambientes. Interno. 33 m2. Impecable. Baño completo. Cocina a nuevo. 2 placards. Servicios individuales. Lavadero incorporado. Pisos de parquet. Edificio de 10 pisos, 2 ascensores. Expensas: $ 177.000.- Incluye aysa abl: $ 14.000.- Entre migueletes y soldado de la independencia (frente al club hipico militar - campo argentino de polo - a 1 cuadra de av. Del libertador - a 2 cuadras del hipodromo de palermo) las cañitas para los casos de alquiler de vivienda, el monto máximo de comisión que se le puede requerir a los propietarios será el equivalente al cuatro con quince centésimos por ciento (4,15%) del valor total del respectivo contrato. Se encuentra prohibido cobrar a los inquilinos que sean personas físicas comisiones inmobiliarias y gastos de gestoría de informes. Alejandro ibañez - cucicba 1534 *fichabrick=1039696* WhatsApp Contactar""}",,data\raw\argenprop\propiedades_argenprop.csv,argenprop,alquiler,jose ortega y gasset,ARS,18181.82,b623bff9bd620c9e8c17,33.0,2.0,,1.0,2026-09-03 15:09:36.303128+00:00,1,1,1,1,1,1,1,1,0,0,1,1,1,1,1,1,1,1,1,1,0,0,1,1,1,0,1,1,1,1,1,1,1,1,1,1,1,1,1,1,1,1,1,1,1,1,1,1,1,1,1,1,1,1,1,1,1,1,1,1,1,1,1,1,1,1,1,1,1,1,1,1,1,1,0,0,0,1,0
42717617cea4dd9ba691,Argenprop,https://www.argenprop.com/departamento-en-alquiler-en-las-canitas-1-ambiente--20080515,2026-09-03 15:09:36.311350+00:00,https://www.argenprop.com/departamentos/alquiler/capital-federal,4,200,1,modo_listado_sin_ficha_detallada,BENJAMIN MATIENZO AL 1600 - CONTRAFRENTE 32 M2 IMPECABLE BALCON TODO SOL APTO PROFESIONAL,,alquiler,departamento,,,,,ARS,600000.0,$ 600.000 + $210.000 expensas,,,,18750.0,Teniente Benjamín Matienzo 1600,Teniente Benjamín Matienzo,1600.0,,,,,,,,,,,,,1.0,,,32.0,,,,,,,,,,,,,,,,,,,,,,,,,,,,,,,,,,,,,,,,,,,,,,9,https://www.argenprop.com/static-content/51508002/1a9d3477-f5e5-48ec-bd6b-51546abd4ade_u_small.jpg,,,1,"{""texto_tarjeta"": ""+ 7 Ver más fotos 1 /15 Visto 2.565 $ 600.000 &plus; $210.000 expensas Teniente Benjamín Matienzo 1600 Departamento en Alquiler en Las Cañitas, Palermo 32 m² cubie. 40 años 1 baño BENJAMIN MATIENZO AL 1600 - CONTRAFRENTE 32 M2 IMPECABLE BALCON TODO SOL APTO PROFESIONAL Monoambiente. Contrafrente. 32 m2. Impecable. Balcon. Todo sol. Apto profesional. Baño completo. Cocina integrada. Placard chico espejado. Calefaccion individual. Agua caliente central. Pisos de porcelanato. Todo electrico. Edificio con laundry en subsuelo. Expensas: $ 210.000.- Incluye aysa abl: $ 31.142.- Posibilidad de alquilar cochera en el edificio entre soldado de la independencia y migueletes (a 1 cuadra de av. Del libertador e hipodromo de palermo - a 2 del club hipico militar - a 4 de av. Luis maria campos - a 6 del campo argentino de polo) las cañitas para los casos de alquiler de vivienda, el monto máximo de comisión que se le puede requerir a los propietarios será el equivalente al cuatro con quince centésimos por ciento (4,15%) del valor total del respectivo contrato. Se encuentra prohibido cobrar a los inquilinos que sean personas físicas comisiones inmobiliarias y gastos de gestoría de informes. Alejandro ibañez - cucicba 1534 *fichabrick=1039572* WhatsApp Contactar""}",,data\raw\argenprop\propiedades_argenprop.csv,argenprop,alquiler,teniente benjamin matienzo,ARS,18750.0,42717617cea4dd9ba691,32.0,,1.0,,2026-09-03 15:09:36.311350+00:00,1,1,1,1,1,1,1,1,0,0,1,1,1,1,1,1,1,1,1,1,1,1,0,1,1,0,1,1,1,1,1,1,1,1,1,1,1,1,1,1,1,1,1,1,1,1,1,1,1,1,1,1,1,1,1,1,1,1,1,1,1,1,1,1,1,1,1,1,1,1,1,1,1,1,0,0,1,0,1
cb106935fb9a0c945a80,Argenprop,https://www.argenprop.com/departamento-en-alquiler-en-barrio-norte-1-ambiente--20263340,2026-09-03 15:09:36.319303+00:00,https://www.argenprop.com/departamentos/alquiler/capital-federal,4,200,1,modo_listado_sin_ficha_detallada,"Monoambiente a estrenar balcón. Barrio Norte, Amenities Seg.",,alquiler,departamento,,,,,ARS,700000.0,$ 700.000 + $169.000 expensas,,,,23333.33,Gallo 1200,Gallo,1200.0,,,,,,,,,,,,,1.0,,,30.0,,,,,,,,,,,,,,,,,,,,,,,,,,,,,,,,,,,,,,,,,,,,,,9,https://www.argenprop.com/static-content/04336202/f2cc64c2-01fc-45ae-b65a-00d3ffa1956e_u_small.jpg,,,1,"{""texto_tarjeta"": ""+ 7 Ver más fotos 1 /15 Visto 2.565 $ 700.000 &plus; $169.000 expensas Gallo 1200 Departamento en Alquiler en Barrio Norte, CABA 30 m² cubie. A Estrenar 1 baño Monoambiente a estrenar balcón. Barrio Norte, Amenities Seg. ¡Exclusivo monoambiente de categoría superior y diseño a estrenar! Ubicado en un edificio moderno, esta unidad destaca por sus terminaciones de calidad y una distribución inteligente que maximiza la luminosidad y el confort. Un espacio ideal para exigentes. Detalles del departamento ambiente principal: amplio estar-dormitorio dividido, muy luminoso, con salida a un cómodo balcón. Calidad constructiva: pisos y revestimientos en porcellanato de primera marca, cocina integrada: completamente equipada con muebles altos y bajo mesada de diseño, mesada de silestone. Conexión para lavarropas. Baño: completo, moderno y con bañera. Climatización: se entrega con equipo de aire acondicionado frío/calor ya instalado y en funcionamiento. El edificio y sus amenities el emprendimiento ofrece una infraestructura de primer nivel pensada para el relax y el confort. Seguridad inteligente: excelente hall de acceso con tótem de seguridad y monitoreo constante por circuito cerrado de televisión (cctv). Ascensor: automático y de alta velocidad. Relax y sol: piscina con deck solárium y terraza con áreas para disfrutar al aire libre. Zónas comunes: salón de usos múltiples (sum) totalmente equipado con parrilla, ideal para eventos. Sector de laundry en el edificio. Requiere el propietario: garantía de c.A.B.A. O caución e ingresos demostrables. No deje de solicitar su visita. Comercializa davo propiedades. Whatts app tel: web: correo: este inmueble posee accesibilidad para personas con discapacidad física, (ley 5115). Para los casos de alquiler de vivienda, el monto máximo de comisión que se le puede requerir a los propietarios será el equivalente al cuatro con quince centésimos por ciento (4,15%) del valor total del respectivo contrato. Se encuentra prohibido cobrar a los inquilinos que sean personas físicas comisiones inmobiliarias y gastos de gestoría de informes. En davo propiedades, usted podrá encontrar las mejores opciones para alquilar o comprar su departamento a estrenar, con la seriedad y confianza que necesita. Antes de decidir piense en davo propiedades. Confíe en quien más sabe. Recuerde que obras y ventas, avalan nuestra trayectoria. WhatsApp Contactar""}",,data\raw\argenprop\propiedades_argenprop.csv,argenprop,alquiler,gallo,ARS,23333.33,cb106935fb9a0c945a80,30.0,,1.0,,2026-09-03 15:09:36.319303+00:00,1,1,1,1,1,1,1,1,0,0,1,1,1,1,1,1,1,1,1,1,1,1,0,1,1,0,1,1,1,1,1,1,1,1,1,1,1,1,1,1,1,1,1,1,1,1,1,1,1,1,1,1,1,1,1,1,1,1,1,1,1,1,1,1,1,1,1,1,1,1,1,1,1,1,0,0,1,0,1
fd4976d485873bb85fcb,Argenprop,https://www.argenprop.com/departamento-en-alquiler-en-barrio-norte-2-ambientes--20037151,2026-09-03 15:09:36.327398+00:00,https://www.argenprop.com/departamentos/alquiler/capital-federal,4,200,1,modo_listado_sin_ficha_detallada,Charcas al 2600 | Barrio Norte | Departamento de 2 ambientes | Alquiler,,alquiler,departamento,,,,,ARS,680000.0,$ 680.000 + $161.378 expensas,,,,21935.48,Charcas 2600,Charcas,2600.0,,,,,,,,,,,2.0,1.0,,,,31.0,31.47,,,,,,,,,,,,,,,,,,,,,,,,,,,,,,,,,,,,,,,,,,,,,9,https://www.argenprop.com/static-content/15173002/cdfa0b06-36fd-4c02-81ee-5a6f83b5ff23_u_small.jpg,,,1,"{""texto_tarjeta"": ""+ 7 Ver más fotos 1 /15 Visto 2.560 $ 680.000 &plus; $161.378 expensas Charcas 2600 Departamento en Alquiler en Barrio Norte, CABA 31 m² cubie. 1 dorm. 56 años Charcas al 2600 | Barrio Norte | Departamento de 2 ambientes | Alquiler Características de la propiedad: departamento de 2 ambientes (living-comedor + dormitorio), baño completo y cocina, ubicado en un 5o piso. Es interno, con orientación norte, luminoso y silencioso. Tiene placards, piso de parquet en muy estado, calefón y artefacto de cocina a gas y aire acondicionado frio/calor en living. Son 31,47 m2 cubiertos y totales. Expensas: $ 161.378 (julio 2026). Características del edificio: se trata de un edificio de 56 años aprox., Bien mantenido. Son 10 pisos; hay 3 departamentos por piso y 1 ascensor electrónico. En el hall de entrada hay cámaras de seguridad. Características de la zona: el edificio se ubica en el 2600 de la calle charcas, entre ecuador y dr. Norberto quirno costa, en la zona de barrio norte, en el barrio de recoleta. La cuadra donde se halla el edificio es transitada, comercial e iluminada. Se encuentra cerca de las avdas. Santa fe, pueyrredón y córdoba. Es una zona comercial, turística y de centros médicos, con varios medios de transporte (subterráneos líneas d y h y varias líneas de colectivos); en la zona se encuentran el hospital alemán, el sanatorio anchorena, el sanatorio finochietto, el iadt, la clínica y maternidad suizo argentina, etc. Condiciones del alquiler: - valor: $ 680.000 mensuales ajustables c/ 3 meses por ipc; - gastos: expensas ordinarias, abl, aysa y servicios a cargo del inquilino; - depósito de garantía: usd 500; - garantía propietaria c.A.B.A. O seguro de caución; - gastos de informes de antecedentes comerciales, verificación de garantía y certificación de firmas en contrato de locación son a cargo del inquilino. - No es apto profesional. Notas: - se deja constancia de que las medidas, superficies y m2 consignados son aproximados, sujetos a verificación y/o ajuste. El precio del inmueble puede ser modificado sin previo aviso. - El inmueble publicado no es accesible para personas con capacidades físicas reducidas (ley 5.115). - \""Para los casos de alquiler de vivienda, el monto máximo de comisión que se le puede requerir a los propietarios será el equivalente al cuatro con quince centésimos por ciento (4,15%) del valor total del contrato. Se encuentra prohibido cobrar a los inquilinos que sean personas físicas comisiones inmobiliarias y gastos de gestoría de informes\"" (ley 5.854). - Todas las operaciones inmobiliarias se encuentran a cargo del profesional matriculado de la oficina, corredor inmobiliario martín horacio pereira, matrícula 9735 cucicba. La intermediación y la conclusión de las mismas serán llevadas exclusivamente por él. Cada oficina es de propiedad y de gestión independiente. En el cumplimiento de la ley nacional 25.028, ley 22.802 de lealtad comercial, ley 24.240 de defensa al consumidor, las normas del código civil y comercial de la nación y constitucionales. Los agentes no ejercen el corretaje inmobiliario. WhatsApp Contactar""}",,data\raw\argenprop\propiedades_argenprop.csv,argenprop,alquiler,charcas,ARS,21935.48,fd4976d485873bb85fcb,31.0,2.0,,1.0,2026-09-03 15:09:36.327398+00:00,1,1,1,1,1,1,1,1,0,0,1,1,1,1,1,1,1,1,1,1,0,0,1,1,1,0,0,1,1,1,1,1,1,1,1,1,1,1,1,1,1,1,1,1,1,1,1,1,1,1,1,1,1,1,1,1,1,1,1,1,1,1,1,1,1,1,1,1,1,1,1,1,1,1,0,0,0,1,0
fe999a7e45ee28a69df0,Argenprop,https://www.argenprop.com/departamento-en-alquiler-en-recoleta-5-ambientes--19849239,2026-09-03 15:09:36.335904+00:00,https://www.argenprop.com/departamentos/alquiler/capital-federal,4,200,1,modo_listado_sin_ficha_detallada,Semipiso Exclusivo Recoleta Vista al Río,,alquiler,departamento,,,,,USD,6500.0,USD 6.500 + $1.200.000 expensas,,,,30.09,"Riobamba 1200, Piso 15",Riobamba,1200.0,15,,,,,,,,,,5.0,4.0,3.0,,,216.0,,,,,,,,,,,,,,,,,,,,,,,,,,,,,,,,,,,,,,,,,,,,,,8,https://www.argenprop.com/static-content/93294891/4bc9d753-0b4f-4268-b56d-9a3d9786d2d1_u_small.jpg,,,1,"{""texto_tarjeta"": ""+ 28 Ver más fotos 1 /36 Visto 2.540 USD 6.500 &plus; $1.200.000 expensas Riobamba 1200, Piso 15 Departamento en Alquiler en Recoleta, CABA 4 dorm. 3 baños 5 ambientes Semipiso Exclusivo Recoleta Vista al Río Semipiso exclusivo en torre de diseño y categoría en el eje estratégico de recoleta, con una ubicación privilegiada. El edificio cuenta con amenities de primer nivel, único en la zona: piscina climatizada, gimnasio, sauna, jacuzzi, jardín, laundry, espacios verdes, 2 parrillas y sum con capacidad para 60 personas, vajilla completa, cocina equipada y baños. Grupo electrógeno. Seguridad 24 hs, cámaras de seguridad, acceso al edificio con seguridad biométrica (face id) y acceso al estacionamiento con sensores para su automatización. Hall de ingreso de doble altura, ascensores marca thyssen. Semipiso de lujo, alto, muy luminoso con excelente vista al rio, de 216 m2, 3 dormitorios, mas dependencia o cuarto adicional, 4 baños, con estacionamiento y baulera muy amplia con doble altura. Todos los ambientes cuentan con vista al exterior (al rio). A estrenar, totalmente reciclado a nuevo con materiales de primera categoría. La unidad cuenta con calefacción por losa radiante individual, con comandos digitales inteligentes (se pueden programar y comandar desde equipos móviles). Aire acondicionado central frio/calor, y equipos vrv con comandos individuales para cada dormitorio. Todos los equipos marca carrier a estrenar de última generación. Agua caliente central. Pisos de madera. Ventanales de piso a techo. Iluminación smart, rieles magnéticos smart en cocina y living. Baños con ventanales vista al rio y vidrios inteligentes (bloqueo de visión para privacidad), jacuzzis a estrenar de tamaño grande, comandos hans groe para duchas, inodoros inteligentes. Cocina moderna equipada de diseño. Oportunidad. Contactar""}",,data\raw\argenprop\propiedades_argenprop.csv,argenprop,alquiler,riobamba,USD,30.09,fe999a7e45ee28a69df0,216.0,5.0,3.0,4.0,2026-09-03 15:09:36.335904+00:00,1,1,1,1,1,1,1,1,0,0,0,1,1,1,1,1,1,1,1,1,0,0,0,1,1,0,1,1,1,1,1,1,1,1,1,1,1,1,1,1,1,1,1,1,1,1,1,1,1,1,1,1,1,1,1,1,1,1,1,1,1,1,1,1,1,1,1,1,1,1,1,1,1,1,0,0,0,0,0
db72345db397fb8596ff,Argenprop,https://www.argenprop.com/departamento-en-alquiler-en-palermo--19989085,2026-09-03 15:09:36.347877+00:00,https://www.argenprop.com/departamentos/alquiler/capital-federal,4,200,1,modo_listado_sin_ficha_detallada,"Hermoso Monoambiente de categoria A ESTRENAR, Palermo.",,alquiler,departamento,,,,,ARS,850000.0,$ 850.000 + $130.000 expensas,,,,24285.71,"Paraguay 4600, Piso 4",Paraguay,4600.0,araguay,,,,,,,,,,,,,,,35.0,,,,,,,,,,,,,,,,,,,,,,,,,,,,,,,,,,,,,,,,,,,,,,9,https://www.argenprop.com/static-content/58098991/cb52c622-b144-42cf-b2fc-dbd47f8df17f_u_small.jpg,,,1,"{""texto_tarjeta"": ""+ 10 Ver más fotos 1 /18 Visto 2.531 $ 850.000 &plus; $130.000 expensas Paraguay 4600, Piso 4 Departamento en Alquiler en Palermo, CABA 35 m² cubie. A Estrenar Excelente Hermoso Monoambiente de categoria A ESTRENAR, Palermo. En alquiler un hermoso monoambiente a estrenar en paraguay 4668, palermo, posee un amplio ambiente de 35 mts.cubiertos mas 4 mts.de balcón al frente, con cocina equipada con muebles altos y bajos con mesada símil silestone, cocina eléctrica con horno, bacha johnson, espacio para lavarropas y microondas y barra de apoyo. El baño es completo con terminaciones en porcelanato y sanitarios de primera linea. Además cuenta con espacios comunes de solarium, parrilla e hidromasajes. A mts.de plaza italia, zona accesible a todos los medios de transporte, servicios y areas de esparcimiento. WhatsApp Contactar""}",,data\raw\argenprop\propiedades_argenprop.csv,argenprop,alquiler,paraguay,ARS,24285.71,db72345db397fb8596ff,35.0,,,,2026-09-03 15:09:36.347877+00:00,1,1,1,1,1,1,1,1,0,0,0,1,1,1,1,1,1,1,1,1,1,1,1,1,1,0,1,1,1,1,1,1,1,1,1,1,1,1,1,1,1,1,1,1,1,1,1,1,1,1,1,1,1,1,1,1,1,1,1,1,1,1,1,1,1,1,1,1,1,1,1,1,1,1,0,0,1,1,1
a5b5053e42bccc4424bd,Argenprop,https://www.argenprop.com/departamento-en-alquiler-en-recoleta-2-ambientes--20086139,2026-09-03 15:09:36.357415+00:00,https://www.argenprop.com/departamentos/alquiler/capital-federal,4,200,1,modo_listado_sin_ficha_detallada,"Excelente 2 Ambientes, con pileta y solarium en Recoleta",,alquiler,departamento,,,,,ARS,720000.0,$ 720.000 + $280.000 expensas,ARS,280000.0,Expensas $ 280.000.,18947.37,"Avenida Santa Fe 2300, Piso 10",Avenida Santa Fe,2300.0,10,,,,,,,,,,2.0,1.0,1.0,,,38.0,,,,,,,,,,,,,,,,,,,,,,,,,,,,,,,,,,,,,,,,,,,,,,8,https://www.argenprop.com/static-content/93168002/9f05ae88-39fd-4b82-b078-c48dc5f0617c_u_small.jpg,,,1,"{""texto_tarjeta"": ""+ 16 Ver más fotos 1 /24 Visto 2.524 $ 720.000 &plus; $280.000 expensas Avenida Santa Fe 2300, Piso 10 Departamento en Alquiler en Recoleta, CABA 1 dorm. 45 años 1 baño Excelente 2 Ambientes, con pileta y solarium en Recoleta Alquiler departamento de 2 ambientes, en edificio de muy buena categoría, de aproximadamente 45 años de antigüedad, en recoleta, avda. Anta fe entre larrea y azcuénaga.- Apto profesional.- Edificio con amplia recepción, con recepcionista las 24 horas, conmutador con líneas a todos los departamentos, vigilancia 24 horas con personal y cámaras.- Pileta y solarium en el último piso del edificio.- El departamento está en el 10° piso, contrafrente, con vista muy abierta, lleno de luz y sol de mañana, 38 m2 propios, vigilancia permanente.- Consta de hall, estar de 4 x 3 y dormitorio de 3 x 3 con vestidor.- El estar y el dormitorio dan a un balcón de 4,50 x 1,20 con sol del este.- Baño completo con ventilación al exterior.- Tiene kitchinette.- Recién pintado y en muy buen estado general. Aire acondicionado en living y en dormitorio.- Precio $ 720.000.- Mensuales durante el primer trimestre y con ajustes trimestrales de acuerdo al ipc del indec.- Expensas $ 280.000.- (Julio de 2025) abl $ 25.195.- Julio 2026 aysa $ 31.856.- Vto. Agosto 2026 para entrar: un mes adelantado, un mes de depósito.- Se requiere garantía propietaria de capital federal o seguro de caución de determinadas empresas.- Contactar preferentemente por whatsapp o por email.- WhatsApp Contactar""}",,data\raw\argenprop\propiedades_argenprop.csv,argenprop,alquiler,avenida santa fe,ARS,18947.37,a5b5053e42bccc4424bd,38.0,2.0,1.0,1.0,2026-09-03 15:09:36.357415+00:00,1,1,1,1,1,0,0,0,0,0,0,1,1,1,1,1,1,1,1,1,0,0,0,1,1,0,1,1,1,1,1,1,1,1,1,1,1,1,1,1,1,1,1,1,1,1,1,1,1,1,1,1,1,1,1,1,1,1,1,1,1,1,1,1,1,1,1,1,1,1,1,1,1,1,0,0,0,0,0
0f1f87ed221b0da421f4,Argenprop,https://www.argenprop.com/departamento-en-alquiler-en-barrio-norte-2-ambientes--20172100,2026-09-03 15:09:36.365547+00:00,https://www.argenprop.com/departamentos/alquiler/capital-federal,4,200,1,modo_listado_sin_ficha_detallada,AMOBLADO. ALQUILER: $ 680.000 ó U$S 480. Expensas: $ 130.000.,,alquiler,departamento,,,,,ARS,680000.0,$ 680.000 + $130.000 expensas,,,,17894.74,"Charcas 4000, Piso 3",Charcas,4000.0,3,,,,,,,,,,,1.0,,,,38.0,,,,,,,,,,,,,,,,,,,,,,,,,,,,,,,,,,,,,,,,,,,,,,6,https://www.argenprop.com/static-content/0248506/f4253551-4088-4122-986a-e4e352b8e2ef_u_small.jpg,,,1,"{""texto_tarjeta"": ""1 /5 Visto 2.521 $ 680.000 &plus; $130.000 expensas Charcas 4000, Piso 3 Departamento en Alquiler en Barrio Norte, CABA 38 m² cubie. 1 dorm. 35 años AMOBLADO. ALQUILER: $ 680.000 ó U$S 480. Expensas: $ 130.000. Alquiler: $ 680.000 ó u$s 480. Expensas: $ 130.000. Amoblado, piso 3, muy luminoso. Cocina americana, baño completo. Seguinos por instagram arguellesasociadosinmobiliaria visita nuestra pagina web WhatsApp Contactar""}",,data\raw\argenprop\propiedades_argenprop.csv,argenprop,alquiler,charcas,ARS,17894.74,0f1f87ed221b0da421f4,38.0,,,1.0,2026-09-03 15:09:36.365547+00:00,1,1,1,1,1,1,1,1,0,0,0,1,1,1,1,1,1,1,1,1,1,0,1,1,1,0,1,1,1,1,1,1,1,1,1,1,1,1,1,1,1,1,1,1,1,1,1,1,1,1,1,1,1,1,1,1,1,1,1,1,1,1,1,1,1,1,1,1,1,1,1,1,1,1,0,0,1,1,0
