property_id,fuente,url,scraped_at_utc,search_url,pagina_origen,http_status,parse_ok,parse_warnings,titulo,descripcion,tipo_operacion,tipo_propiedad,estado_publicacion,fecha_publicacion,inmobiliaria,seller_id,moneda,precio,precio_texto,expensas_moneda,expensas,expensas_texto,precio_m2_calculado,direccion_completa,calle,altura,piso,unidad,barrio,localidad,partido,provincia,pais,codigo_postal,latitud,longitud,ambientes,dormitorios,banios,toilettes,cocheras,superficie_total_m2,superficie_cubierta_m2,superficie_descubierta_m2,superficie_semicubierta_m2,superficie_terreno_m2,frente_m,fondo_m,antiguedad_anios,estado_inmueble,disposicion,orientacion,luminosidad,cantidad_plantas,cantidad_pisos_edificio,departamentos_por_piso,apto_credito,apto_profesional,permite_mascotas,accesibilidad,amoblado,balcon,terraza,patio,jardin,parrilla,pileta,sum,gimnasio,sauna,laundry,baulera,ascensor,seguridad_24h,vigilancia,aire_acondicionado,calefaccion,losa_radiante,gas_natural,agua_corriente,electricidad,cloaca,internet,vista_rio,vista_abierta,reciclado,a_refaccionar,cantidad_imagenes,imagen_principal,video_url,tour_virtual_url,cantidad_atributos_extra,atributos_extra_json,jsonld_raw
e197e9f1c643db6d77d3,Argenprop,https://www.argenprop.com/departamento-en-venta-en-palermo-chico-5-ambientes--18799423,2026-08-15T23:56:14.395650+00:00,https://www.argenprop.com/departamentos/venta/capital-federal,1,200,1,modo_listado_sin_ficha_detallada,TORRE BELLINI! Piso alto de revista! Balcón con espectacular vista panorámica a la ciudad y al río! Todo a nuevo! Full amenities! 2 Coch! ÚNICO!,,venta,departamento,,,,,USD,2400000.0,USD 2.400.000 + $2.200.000 expensas,,,,8000.0,Jerónimo Salguero 2700,Jerónimo Salguero,2700,,,,,,,,,,,,3,,,2,300.0,,,,,,,,,,,,,,,,,,,,,,,,,,,,,,,,,,,,,,,,,,,,,,9,https://www.argenprop.com/static-content/32499781/e0063af1-49cc-48e2-b1f3-27eb92fa9aaa_u_small.jpg,,,1,"{""texto_tarjeta"": ""+ 38 Ver más fotos 1 /46 Visto 72.002 USD 2.400.000 &plus; $2.200.000 expensas Jerónimo Salguero 2700 Departamento en Venta en Palermo Chico, Palermo 300 m² cubie. 3 dorm. 17 años TORRE BELLINI! Piso alto de revista! Balcón con espectacular vista panorámica a la ciudad y al río! Todo a nuevo! Full amenities! 2 Coch! ÚNICO! “Torre bellini” de revista! Impecable piso muy alto! Balcón con espectacular vista panorámica a la ciudad y al río! Muy luminoso! Todo luz y sol! Excelente distribución! Todo externo! Doble circulación! Todo a nuevo! Palier privado! Hall de entrada! Gran living y comedor! Toilette de recepción! Sala de estar o playroom con habitación de guardado! 1 master suite con 2 vestidores! 1 dormitorio en suite! 1 dormitorio! Baño completo! Muchos placares! Cocina completa! Lavadero independiente! Baño de servicio! Entrada de servicio! Full amenities: piscina climatizada y solárium, jacuzzi y solárium en piso 37, gimnasio con vestuarios, sauna, sala de relax, sum, parrilla, juegos para niños, espacio verde, microcine, jaulas de golf y laundry! Calefacción y aire acondicionado central con regulación individual! Aberturas de aluminio con dvh! 2 cocheras fijas y cubiertas! 2 bauleras! Grupo electrógeno! 3 ascensores! Estacionamiento de cortesía! El edificio cuenta con encargado y 2 ayudantes! Vigilancia 24hs! Apto crédito! Excelente ubicación! La mejor zona de palermo! A metros de av. Libertador y plaza alemania! Único! Oportunidad! * Esta propiedad posee rampa de acceso para personas con movilidad reducida *las descripciones, medidas, superficies y proporciones consignadas en esta ficha son aproximadas, sólo se muestran a modo orientativo. Los montos de expensas, tasas e impuestos deben ser confirmados ya que dependen de la fecha en la que se obtuvo la información. *Matrícula cucicba 2204 WhatsApp Contactar""}",
c6d712804e8920b7c44a,Argenprop,https://www.argenprop.com/departamento-en-venta-en-palermo-chico-2-ambientes--19974218,2026-08-15T23:56:14.405039+00:00,https://www.argenprop.com/departamentos/venta/capital-federal,1,200,1,modo_listado_sin_ficha_detallada,IMPECABLE 2 AMBIENTES! ESPECTACULAR PATIO PROPIO CON JARDÍN! Todo a nuevo! Muy luminoso! ÚNICO! OPORT!,,venta,departamento,,,,,USD,175000.0,USD 175.000 + $250.000 expensas,,,,1944.44,Juan Francisco Seguí 3900,Juan Francisco Seguí,3900,,,,,,,,,,,2,1,,,,90.0,,,,,,,,,,,,,,,,,,,,,,,,,,,,,,,,,,,,,,,,,,,,,,9,https://www.argenprop.com/static-content/81247991/3393d3b7-6920-45d3-82a0-e6c1d83bc828_u_small.jpg,,,1,"{""texto_tarjeta"": ""+ 20 Ver más fotos 1 /28 Visto 72.001 USD 175.000 &plus; $250.000 expensas Juan Francisco Seguí 3900 Departamento en Venta en Palermo Chico, Palermo 90 m² cubie. 1 dorm. 40 años IMPECABLE 2 AMBIENTES! ESPECTACULAR PATIO PROPIO CON JARDÍN! Todo a nuevo! Muy luminoso! ÚNICO! OPORT! Impecable 2 ambientes! Espectacular patio propio con jardin! Muy luminoso! Excelente distribución! Todo a nuevo! Hall de entrada! Living-comedor! Baño completo a nuevo con ventilación natural! Dormitorio! Amplio placard! Cocina completa con barra desayunadora a nueva! Segundo patio con lavadero! Pisos de madera! 2 splits frio-calor! Persianas eléctricas! El edificio cuenta con encargado! Apto crédito! Inmejorable ubicación! Único! Oportunidad! *Esta propiedad no posee acceso para personas con movilidad reducida *las descripciones, medidas, superficies y proporciones consignadas en esta ficha son aproximadas, sólo se muestran a modo orientativo. Los montos de expensas e impuestos deben ser confirmados ya que dependen de la fecha en la que se obtuvo la información. *Matrícula cucicba 2204 WhatsApp Contactar""}",
30c011d5c7b29cc7d1b4,Argenprop,https://www.argenprop.com/departamento-en-venta-en-palermo-chico-4-ambientes--10043598,2026-08-15T23:56:14.413241+00:00,https://www.argenprop.com/departamentos/venta/capital-federal,1,200,1,modo_listado_sin_ficha_detallada,BOHO BOTANICO,,venta,departamento,,,,,USD,800000.0,USD 800.000,,,,4678.36,"República Árabe Siria 3100, Piso 1",República Árabe Siria,3100,1,,,,,,,,,,,3,,,,171.0,,,,,,,,,,,,,,,,,,,,,,,,,,,,,,,,,,,,,,,,,,,,,,9,https://www.argenprop.com/static-content/89534001/abc6b317-36eb-48cc-b317-ad0e7f8f330c_u_small.jpg,,,1,"{""texto_tarjeta"": ""+ 26 Ver más fotos 1 /34 Visto 72.001 USD 800.000 República Árabe Siria 3100, Piso 1 Departamento en Venta en Palermo Chico, Palermo 171 m² cubie. 3 dorm. En pozo BOHO BOTANICO Boho botanico piso 1° espectacular piso de 171 m2. Palier privado. Amplios balcones in/out con parrilla. Barandas de vidrio de seguridad. Imponente master suite con vestidor. 2 dormitorios. Baño en suite con hidromasaje, ducha y doble bacha. Puerta de ingreso con cerradura biométrica. Domótica personalizada + instalación especializada para full wifi. Cocina con isla central. Carpintería de aluminio anodizado con vidrio dvh. Espejos y herrajes de líneas rectas. Revestimiento de porcelanatos en grandes piezas. Mesadas y alzadas de cocina y baños en cuarzo. Alacenas y bajo mesadas en melamina texturada. Herrajes de primera línea. Placares en dormitorios con frentes corredizos. Sanitarios y griferías de primera marca, línea europea. Mamparas de vidrio templado. Instalación para lavarropas y lavavajillas bajo mesada. Cochera fija y cubierta! La zona mas linda de palermo! Único! Oportunidad! *Fecha de entrega estimada abril 2026. WhatsApp Contactar""}",
005063ed8b36c3914daa,Argenprop,https://www.argenprop.com/departamento-en-venta-en-palermo-3-ambientes--19871596,2026-08-15T23:56:14.420875+00:00,https://www.argenprop.com/departamentos/venta/capital-federal,1,200,1,modo_listado_sin_ficha_detallada,VENTA 3 AMBIENTES PALERMO,,venta,departamento,,,,,USD,229000.0,USD 229.000,,,,3693.55,"Jorge Luis Borges 2100, Piso 2",Jorge Luis Borges,2100,2,,,,,,,,,,3,2,,,,62.0,,,,,,,,,,,,,,,,,,,,,,,,,,,,,,,,,,,,,,,,,,,,,,9,https://www.argenprop.com/static-content/69517891/723a95de-b089-495c-94df-b2c233adc643_u_small.jpg,,,1,"{""texto_tarjeta"": ""+ 7 Ver más fotos 1 /15 Visto 72.000 USD 229.000 Jorge Luis Borges 2100, Piso 2 Departamento en Venta en Palermo, CABA 62 m² cubie. 2 dorm. A Estrenar VENTA 3 AMBIENTES PALERMO Venta departamento palermo excelente semipiso de 3 amb al frente de 73 m2 en edificio de gran categoría. El mismo esta ubicado a 300 mts de av. Santa fe y próximo a estación de subte d, plaza serrano y plaza armenia.Excelente oportunidad de inversión. Amenities: gimnasio y terraza con parrilla en piso 10º. La unidad cuenta con habitación principal en suite con frente e interiores de placard ya colocados, baño principal completo para 2da habitación, amplia cocina integrada y living con salida a balcón de grandes dimensiones. Con un total de dos baños completos. Posee conexión para lavarropas, calefacción por losa radiante con caldera individual, cocina a gas y mueble bajo mesada y alacena completa. Se encuentra alquilado hasta 05/3/2027 lepore propiedades lepore propiedades s.A. Cuit : -9 c.U.C.I.C.B.A. Matrícula nº 931 (sucursales caballito - palermo - centro) aviso legal: las descripciones arquitectónicas y funcionales, valores de expensas, impuestos y servicios, fotos y medidas de este inmueble son aproximados. Los datos fueron proporcionados por el propietario y pueden no estar actualizados a la hora de la visualización de este aviso por lo cual pueden arrojar inexactitudes y discordancias con las que surgen de los las facturas, títulos y planos legales del inmueble. El interesado deberá realizar las verificaciones respectivas previamente a la realización de cualquier operación, requiriendo por sí o sus profesionales las copias necesarias de la documentación que corresponda. Venta supeditada al cumplimiento por parte del propietario de los requisitos de la resolución general nº 2371 de la afip (pedido de coti) WhatsApp Contactar""}",
be6b436761c9e7ea7525,Argenprop,https://www.argenprop.com/departamento-en-venta-en-palermo-soho-3-ambientes--19829078,2026-08-15T23:56:14.429637+00:00,https://www.argenprop.com/departamentos/venta/capital-federal,1,200,1,modo_listado_sin_ficha_detallada,"Departamento - Venta - Argentina, Capital Federal - SANTA ROSA 5100",,venta,departamento,,,,,USD,135000.0,USD 135.000 + $124.000 expensas,ARS,124000.0,expensas $124.000,2934.78,Santa Rosa 5100,Santa Rosa,5100,,,,,,,,,,,3,2,,,,46.0,,,,,,,,,,,,,,,,,,,,,,,,,,,,,,,,,,,,,,,,,,,,,,9,https://www.argenprop.com/static-content/87092891/388fe324-b55c-4dac-8723-19b784652e49_u_small.jpg,,,1,"{""texto_tarjeta"": ""+ 15 Ver más fotos 1 /23 Visto 70.003 USD 135.000 &plus; $124.000 expensas Santa Rosa 5100 Departamento en Venta en Palermo Soho, Palermo 46 m² cubie. 2 dorm. 54 años Departamento - Venta - Argentina, Capital Federal - SANTA ROSA 5100 Departamento en venta en palermo soho, capital federal 3 ambientes 46m2 en la zona de palermo soho con hermosa vista 5to piso al frente, luminoso y silencioso. - Apto credito refaccionado a nuevo, living comedor y cocina integrados, mesada de granito negro con cocina a gas industrial, alacenas y bajomesadas con lavadero incorporado y extractor. Pisos de parquet en excelente estado en toda al unidad, hall de entrada. Pasillo de dsitrubucion con amplio placard empotrado, dos dormitorios y un baño completo. Living comedor con estufa a gas y aire acondicionado. Agua caliente individual por medio de calefón que esta en el balcón y calefaccion por estufa que se encuentra en el living. Edificio con 9 pisos, del 1er al 6to piso tenemos 4 uf por piso en 7mo y 8vo piso son solo dos unidades una sola unidad en el 9no 1 ascensor. Precio us$ 135.000 expensas $124.000 apto credito tomas tripputi - mat. Cucicba n 7969 aviso todas las propiedades que figuran en nuestra cartera se encuentran a cargo del profesional matriculado de la oficina, la intermediación y la conclusión de las operaciones serán llevadas exclusivamente por él los precios de expensas e impuestos son en base a los ultimas liquidaciones y pueden variar. WhatsApp Contactar""}",
0ae96622ea5e34dbf889,Argenprop,https://www.argenprop.com/departamento-en-venta-en-palermo-1-ambiente--19548301,2026-08-15T23:56:14.437620+00:00,https://www.argenprop.com/departamentos/venta/capital-federal,1,200,1,modo_listado_sin_ficha_detallada,Monoambiente Apto Profesional con Vista Abierta al Río- A metros de Plaza Italia-,,venta,departamento,,,,,USD,69900.0,USD 69.900 + $165.000 expensas,,,,,Avenida Santa Fe 4400,Avenida Santa Fe,4400,,,,,,,,,,,,,1,,,,,,,,,,,,,,,,,,,,,,,,,,,,,,,,,,,,,,,,,,,,,,,,,9,https://www.argenprop.com/static-content/10384591/93932b9b-67fa-4e76-ba37-b24f3e7923ae_u_small.jpg,,,1,"{""texto_tarjeta"": ""+ 27 Ver más fotos 1 /35 Visto 70.000 USD 69.900 &plus; $165.000 expensas Avenida Santa Fe 4400 Departamento en Venta en Palermo, Capital Federal 50 años 1 baño Monoam. Monoambiente Apto Profesional con Vista Abierta al Río- A metros de Plaza Italia- Departamento monoambiente - apto profesional av. Santa fe 4437 palermo - ubicado en una de las zonas más buscadas de la ciudad, a metros de plaza italia y puente pacífico, con acceso inmediato a múltiples medios de transporte (subte línea d, metrobus y principales avenidas), se presenta este departamento apto profesional, ideal tanto para vivienda como inversión. La unidad se destaca por su excelente luminosidad y vista abierta al río, lo que le aporta amplitud visual y calidad de vida. Cuenta con: -ambiente amplio y funcional, con excelente entrada de luz natural -vista abierta con orientación privilegiada -cocina integrada, práctica y bien resuelta -baño completo -sistema de losa radiante, que garantiza confort térmico -aire acondicionado instalado -su condición de apto profesional lo convierte en una opción versátil: ideal para uso residencial, consultorio u oficina. Apto profesional muy luminoso excelente conectividad ubicación premium servicios profesionales tasaciones judiciales y profesionales – sucesiones – operaciones simultáneas – alquileres – administración – trámites notariales – asesoramiento integral sin costo. Cucicba mat. 7402 emanuel villalba - villalba soluciones inmobiliarias el inmueble publicado no es accesible para personas con capacidades físicas reducidas. El inmueble publicado no es accesible para personas con capacidades físicas reducidas. Las descripciones arquitectónicas y funcionales, así como los valores de expensas, impuestos, servicios, fotografías y medidas de este inmueble, son aproximados. La información ha sido proporcionada por el propietario y puede no estar actualizada al momento de su visualización. El interesado deberá realizar las verificaciones correspondientes antes de concretar cualquier operación. WhatsApp Contactar""}",
4081adc26b2894d7a1bf,Argenprop,https://www.argenprop.com/departamento-en-venta-en-palermo-3-ambientes--19622671,2026-08-15T23:56:14.446256+00:00,https://www.argenprop.com/departamentos/venta/capital-federal,1,200,1,modo_listado_sin_ficha_detallada,DEPARTAMENTO 3 AMBIENTES CON BALCÓN + DEPENDENCIA- EXCELENTE DISTRIBUCIÓN,,venta,departamento,,,,,USD,155000.0,USD 155.000 + $55.000 expensas,,,,2012.99,Nicaragua 4400,Nicaragua,4400,,,,,,,,,,,3,2,2,,,77.0,,,,,,,,,,,,,,,,,,,,,,,,,,,,,,,,,,,,,,,,,,,,,,9,https://www.argenprop.com/static-content/17622691/ef206135-fced-4578-b138-0a79a30800f4_u_small.jpg,,,1,"{""texto_tarjeta"": ""+ 18 Ver más fotos 1 /26 Visto 64.795 USD 155.000 &plus; $55.000 expensas Nicaragua 4400 Departamento en Venta en Palermo, Capital Federal 2 dorm. 2 baños 3 ambientes DEPARTAMENTO 3 AMBIENTES CON BALCÓN + DEPENDENCIA- EXCELENTE DISTRIBUCIÓN Departamento 3 ambientes al frente con balcón corrido, amplios ambientes, dependencia y ubicación estratégica en el corazón de palermo soho. Ideal vivienda o inversión. 2° piso por escalera. Nicaragua 4472 palermo soho excelente departamento de 3 ambientes con dependencia, ubicado en una de las zonas más buscadas de la ciudad, rodeado de propuestas gastronómicas, espacios verdes, medios de transporte y el perfil urbano característico de palermo soho. La propiedad se destaca por su distribución funcional, ambientes amplios y excelente luminosidad natural. Living comedor cómodo y luminoso. 2 dormitorios con placard. Cocina independiente con buen espacio de guardado. Dependencia de servicio / escritorio. Baño completo. Toilette o baño de servicio. Lavadero independiente. Muy buena ventilación en todos los ambientes. Terraza de uso común ficha técnica - living comedor: 5 x 4.10m - cocina: 3.35 x 3.20 m - hall de recepción: 3 x 1.70m - baño completo: 2.10 x 0.70 m - lavadero: 2.10 x 0.70 m - dependencia: 2.50 x 3 m - balcón: 7.70 x 1.20 m - dormitorio: 3 x 3.60 m - dormitorio: 3 x 3.50 m - toilette: 2 x 1 m - superficie cubierta: 77 m2 - sup total: 85 m2 ideal tanto para vivienda permanente como para inversión, por su ubicación estratégica y tipología muy buscada en el barrio. Ubicación: situado en pleno palermo soho, con cercanía a polos gastronómicos, comercios, plazas y múltiples medios de transporte. Una propiedad con metros, distribución y ubicación difícil de encontrar hoy en el barrio. Servicios inmobiliarios profesionales vsi consultá por: sucesiones tasaciones judiciales y profesionales operaciones de compra-venta simultáneas alquileres administración de propiedades trámites notariales asesoramiento integral y gratuito cucicba mat. 7402 emanuel villalba- villalba soluciones inmobiliarias el inmueble publicado no es accesible para personas con capacidades físicas reducidas. Las descripciones arquitectónicas y funcionales, valores de expensas impuestos, servicios, fotos y medidas de este inmueble son aproximados. Los datos fueron proporcionados por el propietario y pueden no estar actualizados a la hora de la visualización. El interesado deberá realizar las verificaciones previamente a realizar cualquier operación. WhatsApp Contactar""}",
517e2fae5c2dbcbf988a,Argenprop,https://www.argenprop.com/departamento-en-venta-en-palermo-hollywood-3-ambientes--20075391,2026-08-15T23:56:14.455503+00:00,https://www.argenprop.com/departamentos/venta/capital-federal,1,200,1,modo_listado_sin_ficha_detallada,Duplex 90m2 Palermo Hollywood C/ Balcón Terraza y Cochera,,venta,departamento,,,,,USD,335000.0,USD 335.000 + $320.000 expensas,ARS,320000.0,expensas $320.000,3722.22,"Arévalo 1900, Piso 7",Arévalo,1900,7,,,,,,,,,,3,2,2,,,90.0,,,,,,,,,,,,,,,,,,,,,,,,,,,,,,,,,,,,,,,,,,,,,,9,https://www.argenprop.com/static-content/19357002/82408874-0400-46a2-bbe6-145a5e90ac4d_u_small.jpg,,,1,"{""texto_tarjeta"": ""+ 26 Ver más fotos 1 /34 Visto 61.709 USD 335.000 &plus; $320.000 expensas Arévalo 1900, Piso 7 Departamento en Venta en Palermo Hollywood, Palermo 90 m² cubie. 2 dorm. 17 años Duplex 90m2 Palermo Hollywood C/ Balcón Terraza y Cochera Departamento 3 ambientes en palermo hollywood, capital federal duplex 3 ambientes 90m2 c/ cochera, 2 baños, balcón aterrizado y vista panorámica en la mejor zona de palermo. 7mo piso, al frente, orientación este. Ubicado en arevalo casi esquina nicaragua - ubicacion premiun superficie total: 90m2 superficie cubierta 71,16m2 superficie descubierta: 18,44m2 apto credito planta baja, compuesta por un living comedor amplio todo ventanal al balcon terraza, cocina independiente y toilette de recepción. Living comedor con pisos de madera recien plastificados y aire acondicionado frio/calor, terraza con pisos de porcelanato. Cocina equipada con caldera maxi dual, mesada de cuarzo blanco con muy buen espacio de alacenas y bajo mesadas con cierre inteligente, conexión para lavarropas con carga frontal toilette de recepción con griferia fv y sanitarios roca monaco, mesada de marmol gris. Planta alta , compuesta por un pasillo amplio que puede ser un escritorio con dos dormitorios que dan al frente, ambos con placares empatados de piso a techo con puertas corredizas y con sus interiores. Dormitorio principal con aire acondicioando ferio/calor. Baño completo con bañera, pisos de porcelana, paredes de venecianas, sanitarios linea monaco de roca, griferia fv, bañera y mesada de mármol. Edificio de 9 pisos, con 1 solo ascensor y solo dos unidades funcionales por piso. Del 1er al 4 piso son dos unidades por piso y del 5 al 7 son duplex. No tiene encargado, portería alquilada que absorbe las expensas. Agua caliente individual y calefacción por losa radiante individual cochera a nivel de vereda - ingresas sin maniobrar. Precio us$ 335.000 (incluye cochera) expensas $320.000 (incluye aysa) - julio 2026 tomas tripputi - mat. Cucicba n 7969 aviso todas las propiedades que figuran en nuestra cartera se encuentran a cargo del profesional matriculado de la oficina, la intermediación y la conclusión de las operaciones serán llevadas exclusivamente por él los precios de expensas e impuestos son en base a los ultimas liquidaciones y pueden variar. WhatsApp Contactar""}",
525444132d09afda30ab,Argenprop,https://www.argenprop.com/departamento-en-venta-en-palermo-4-ambientes--19344625,2026-08-15T23:56:14.464400+00:00,https://www.argenprop.com/departamentos/venta/capital-federal,1,200,1,modo_listado_sin_ficha_detallada,Araoz 1268,,venta,departamento,,,,,USD,330000.0,USD 330.000 + $203.300 expensas,,,,3666.67,"ARAOZ 1200, Piso 8",ARAOZ,1200,8,,,,,,,,,,4,3,,,,90.0,,,,,,,,,,,,,,,,,,,,,,,,,,,,,,,,,,,,,,,,,,,,,,9,https://www.argenprop.com/static-content/52644391/41b2eade-ae28-42b8-bf7c-8d29abd0873a_u_small.jpg,,,1,"{""texto_tarjeta"": ""+ 45 Ver más fotos 1 /53 Visto 54.004 USD 330.000 &plus; $203.300 expensas ARAOZ 1200, Piso 8 Departamento en Venta en Palermo, Capital Federal 90 m² cubie. 3 dorm. A Estrenar Araoz 1268 Venta 4 ambientes con balcón palermo + cochera u$s 30.000 + baulera u$s 10.000 ubicado en el corazón de palermo, a metros de av. Scalabrini ortiz y av. Córdoba, y en cercanía a plaza armenia y plaza serrano. Emplazado en una de las zonas más buscadas de la ciudad, rodeado de propuestas gastronómicas, comerciales y excelentes conexiones de transporte. Semipiso en piso alto con vista abierta, gran luminosidad y excelente distribución. Ideal para quienes buscan confort, ubicación y calidad constructiva. La unidad: piso alto al contra frente. Amplio living comedor con salida a balcón. Cocina independiente con comedor diario. Dormitorio principal en suite con vestidor. Dos dormitorios con frente interior de placard. Segundo baño completo con bañera. Excelente luz natural en todos los ambientes. El edificio: cocheras y bauleras. Bicicleteros. Terraza con parrilla. Solárium y duchas. Sistema de cámaras de seguridad con acceso remoto. Detalles de terminación: pisos de porcellanato en todos los ambientes. Aires acondicionados frio/calor. Artefactos sanitarios ferrum o roca. Grifería fv o similar. Cocina a gas de primera marca. Muebles de cocina completos. Conexión para lavarropas y lava vajilla. Sunscreens en living y blackouts en dormitorios. Lepore palermo lepore propiedades s.A. Cuit : -9 c.U.C.I.C.B.A. Matrícula nº 931 (sucursales caballito - palermo - centro) nota: los materiales y especificaciones del plano están sujetos a modificaciones arquitectónicas y otras a la sola discreción del desarrollador, constructor o arquitecto, o que así se requiera por ley. Los planos de planta pueden no ser a escala. Cualquier mueble, electrodoméstico o artículo de decorado representado aquí se muestra únicamente con fines artísticos e ilustrativos y no está incluido en la compra y venta de la residencia. Las dimensiones indicadas se miden a los límites exteriores de la pared exterior y la línea central de las paredes interiores y, de hecho, varían de las dimensiones que se determinarían mediante el uso de la descripción y definición de la \""unidad\"" que se establece en la declaración (que generalmente sólo incluye el espacio aéreo interno entre las paredes perimetrales y excluye los componentes estructurales interiores). Además, las mediciones de habitaciones establecidas en cualquier plano de planta se toman generalmente en los mayores puntos de cada habitación determinada (como si la habitación fuera un rectángulo perfecto), sin tener en cuenta las salidas del corte. En consecuencia, el área de la habitación real será típicamente menor que el producto obtenido multiplicando la longitud por la anchura declarados. Todas las dimensiones son aproximadas y todos los planos y planes de desarrollo están sujetos a cambios. Representaciones orales no pueden considerarse como correctas declaraciones del desarrollador. Propiedad según ley 5115 la accesibilidad para las personas con discapacidades físicas. \""Accesible\"" WhatsApp Contactar""}",
edfa9e851f65c8a047a2,Argenprop,https://www.argenprop.com/departamento-en-venta-en-palermo-viejo-4-ambientes--9070214,2026-08-15T23:56:14.472675+00:00,https://www.argenprop.com/departamentos/venta/capital-federal,1,200,1,modo_listado_sin_ficha_detallada,"Semipiso 4 Ambientes, Cochera Fija, baulera, SUITE dos baños completos, balcón aterrazado",,venta,departamento,,,,,USD,280000.0,USD 280.000 + $300.000 expensas,,,,3218.39,"Honduras 3900, Piso 2º",Honduras,3900,2,,,,,,,,,,4,2,,,,87.0,,,,,,,,,,,,,,,,,,,,,,,,,,,,,,,,,,,,,,,,,,,,,,4,https://www.argenprop.com/static-content/4120709/f2504496-303d-4f8b-9111-72c584828d55_u_small.jpg,,,1,"{""texto_tarjeta"": ""1 /3 Visto 54.001 USD 280.000 &plus; $300.000 expensas Honduras 3900, Piso 2º Departamento en Venta en Palermo Viejo, Palermo 87 m² cubie. 2 dorm. 20 años Semipiso 4 Ambientes, Cochera Fija, baulera, SUITE dos baños completos, balcón aterrazado Venta semipiso 4 ambientes, dos baños completos, jacuzzi, gran baulera, impecable estado - con cochera fija cubierta + gran baulera (habitación) semipiso al frente y contra frente con balcón aterrazado + baulera (habitación) impecable y muy luminoso departamento en semipiso de cuatro ambientes: con balcón y vista al frente y contra frente - dos dormitorios con el principal en suite y baño con hidromasaje, (dos baños completos) superficie total: 88 m2. (Como corresponde, en esta superficie no están incluidadas las de la cochera ni de la baulera) - en impecable estado - antigüedad 20 años - acceso desde la calle por doble puerta de seguridad - gran baulera. En este precio está incluida una cochera fija y cubierta de este departamento. - Acceso a cocheras mediante cómoda rampa - el ascensor llega hasta el subsuelo mostramos este inmueble en el día amplio y luminoso estar más comedor. Posee un gran ventanal apaisado con salida a balcón aterrazado. Cocina separada con comedor diario, cocina equipada con alacenas y bajo mesadas. Lavadero incorporado, dos baños completos con el principal en suite. Dormitorio secundario con amplio placard. - Calefacción y agua caliente por caldera propia (peisa) - baulera (habitaciön) - cochera fija cubierta incluida en el precio publicado - balcón aterrazado al contra frente de 3,72 x 1,60 metros - aire acondicionado split - sistema de cableado para televisión/internet embutido edificio no apto para personas con capacidades disminuidas excelente ubicación por estar ubicado sobre la arbolada av. Honduras y cerca de av. Santa fé y alto palermo con numerosas líneas de colectivos y línea de subte d. WhatsApp Contactar""}",
ec95d59caff30b4da34b,Argenprop,https://www.argenprop.com/departamento-en-venta-en-palermo-3-ambientes--20184538,2026-08-15T23:56:14.481674+00:00,https://www.argenprop.com/departamentos/venta/capital-federal,1,200,1,modo_listado_sin_ficha_detallada,DEPARTAMENTO 3 AMBIENTES PALERMO,,venta,departamento,,,,,USD,270000.0,USD 270.000 + $597.000 expensas,,,,4153.85,"Honduras 4600, Piso 6",Honduras,4600,6,,,,,,,,,,3,2,,,,65.0,,,,,,,,,,,,,,,,,,,,,,,,,,,,,,,,,,,,,,,,,,,,,,9,https://www.argenprop.com/static-content/83548102/a6703a1e-a98e-4819-a40b-945830284dfe_u_small.jpg,,,1,"{""texto_tarjeta"": ""+ 31 Ver más fotos 1 /39 Visto 53.068 USD 270.000 &plus; $597.000 expensas Honduras 4600, Piso 6 Departamento en Venta en Palermo, Capital Federal 65 m² cubie. 2 dorm. 2 años DEPARTAMENTO 3 AMBIENTES PALERMO Venta departamento 3 ambientes palermo + cochera u$s 25.000 apto financiacion luminosos ambientes con amplio living-comedor con expansión al balcón corrido. Cocina semi integrada con equipamiento de muebles bajo y sobre mesada y barra desayunadora. Posee dos dormitorios, uno en suite, y un vestidor con el interior completo y un baño completo. Terminaciones de calidad, puerta de acceso semi - blindada. Griferías y equipamiento sanitario de primera, horno a gas, pisos de porcelanato símil madera y calefacción por losa radiante. En cada ambiente cuenta con pre instalación para equipos split frío/calor. Excelente ubicación, cercana a plaza armenia, plaza serrano y mercado soho. Amenities: piscina, solárium, laundry, gimnasio, parrilla y sum. Lepore propiedades / cel lepore propiedades s.A. Cuit : -9 c.U.C.I.C.B.A. Matrícula nº 931 (sucursales caballito - palermo - centro) aviso legal: las descripciones arquitectónicas y funcionales, valores de expensas, impuestos y servicios, fotos y medidas de este inmueble son aproximados. Los datos fueron proporcionados por el propietario y pueden no estar actualizados a la hora de la visualización de este aviso por lo cual pueden arrojar inexactitudes y discordancias con las que surgen de los las facturas, títulos y planos legales del inmueble. El interesado deberá realizar las verificaciones respectivas previamente a la realización de cualquier operación, requiriendo por sí o sus profesionales las copias necesarias de la documentación que corresponda. Venta supeditada al cumplimiento por parte del propietario de los requisitos de la resolución general nº 2371 de la afip (pedido de coti) esta unidad es apta para personas con movilidad reducida. WhatsApp Contactar""}",
0a9afac95de4ee8ef973,Argenprop,https://www.argenprop.com/departamento-en-venta-en-barrio-parque-5-ambientes--20180824,2026-08-15T23:56:14.490616+00:00,https://www.argenprop.com/departamentos/venta/capital-federal,1,200,1,modo_listado_sin_ficha_detallada,Exclusivo semipiso en Barrio Parque con vistas abiertas y excelente luminosidad,,venta,departamento,,,,,USD,1120000.0,USD 1.120.000 + $1.400.000 expensas,,,,4705.88,Tagle 2800,Tagle,2800,,,,,,,,,,,,3,3,,,238.0,,,,,,,,,,,,,,,,,,,,,,,,,,,,,,,,,,,,,,,,,,,,,,8,https://www.argenprop.com/static-content/42808102/cd0a7117-0e48-4bd4-8978-31785c3d9ea5_u_small.jpg,,,1,"{""texto_tarjeta"": ""+ 11 Ver más fotos 1 /19 Visto 51.082 USD 1.120.000 &plus; $1.400.000 expensas Tagle 2800 Departamento en Venta en Barrio Parque, Palermo 3 dorm. 50 años 3 baños Exclusivo semipiso en Barrio Parque con vistas abiertas y excelente luminosidad Exclusivo semipiso de categoría en el corazón de barrio parque ubicado sobre la distinguida calle tagle entre juez tedin y juez estrada en una de las zonas más buscadas de barrio parque, este elegante semipiso de 238 m² combina amplitud, excelente distribución y una luminosidad excepcional. Sus vistas abiertas hacia la tv pública y el entorno arbolado aportan una agradable sensación de privacidad y amplitud. La recepción sorprende con un amplio living-comedor apaisado, bañado de luz natural gracias a sus grandes ventanales. Un cómodo escritorio independiente ofrece el espacio ideal para trabajar desde casa o generar un ambiente adicional. Originalmente concebido con tres dormitorios, la propiedad fue remodelada para crear una imponente master suite mediante la unificación de dos habitaciones. El resultado es un dormitorio principal de generosas dimensiones, con gran capacidad de guardado y baño completamente reciclado. Además, cuenta con un segundo dormitorio de excelentes medidas y otro baño completo. La distribución permite recuperar fácilmente el tercer dormitorio si se desea. La cocina, independiente y de muy buenas dimensiones, ofrece abundante espacio de guardado y se complementa con lavadero separado y dos dependencia de servicio con baño y entrada de servicio. Los pisos de madera, la calidad constructiva y la excelente luz natural realzan el carácter de esta propiedad. El edificio, de estilo clásico y muy bien mantenido, cuenta con elegante hall de ingreso revestido en mármol travertino, ascensores de época en impecable estado y seguridad. La unidad incluye cochera fija cubierta en planta baja y baulera de 6 m². Una propiedad ideal para quienes buscan amplitud, categoría y una ubicación privilegiada en uno de los barrios más exclusivos de buenos aires. Coordinemos una visita. WhatsApp Contactar""}",
ddbe904caffc5dc2fdee,Argenprop,https://www.argenprop.com/departamento-en-venta-en-palermo-3-ambientes--20188194,2026-08-15T23:56:14.499442+00:00,https://www.argenprop.com/departamentos/venta/capital-federal,1,200,1,modo_listado_sin_ficha_detallada,"128m2 Departamento full reciclado a nuevo en Palermo con gran balcon terraza, y cochera",,venta,departamento,,,,,USD,545000.0,USD 545.000 + $600.000 expensas,,,,5000.0,Avenida Cabildo 100,Avenida Cabildo,100,,,,,,,,,,,3,2,,,,109.0,,,,,,,,,,,,,,,,,,,,,,,,,,,,,,,,,,,,,,,,,,,,,,9,https://www.argenprop.com/static-content/49188102/77e018b6-c407-4c58-a13a-ec23145697a0_u_small.jpg,,,1,"{""texto_tarjeta"": ""+ 27 Ver más fotos 1 /35 Visto 50.000 USD 545.000 &plus; $600.000 expensas Avenida Cabildo 100 Departamento en Venta en Palermo, Capital Federal 109 m² cubie. 2 dorm. 3 años 128m2 Departamento full reciclado a nuevo en Palermo con gran balcon terraza, y cochera Departamento de 3 ambientes con gran balcón terraza, parrilla y cochera, reciclado integramentea nuevo hace solamente 3 años! Excelente departamento de 128 m2 totales, de los cuales 109 m2 son cubiertos y 19 m2 descubiertos, con orientación norte-noroeste, excelente luminosidad y una vista abierta a un amplio pulmón de manzana. Originalmente concebido como un 4 ambientes, fue reformado para integrar uno de los dormitorios al área social, logrando un living-comedor de grandes dimensiones, muy cómodo y luminoso (aproximadamente 32m2) uno de los grandes diferenciales de la propiedad es su balcón terraza de aproximadamente 8 x 2,5 metros, con parrilla a gas y espacio para una mesa para 8 personas. Las aberturas fueron modificadas para permitir una apertura prácticamente de punta a punta, logrando una excelente integración entre el living y la terraza y generando un gran espacio interior-exterior (aproximadamente 55m2 living comedor + balcon aterrazado, al mismo se le puede hacer un cerramiento de vidrio) cuenta con dormitorio principal en suite, con baño completo y aire acondicionado individual. El segundo dormitorio actualmente se utiliza como escritorio, aunque dispone de cama y funciona perfectamente como dormitorio adicional. Además, posee un segundo baño completo, que también funciona como toilette de recepción. La cocina fue renovada a nuevo, con muebles laqueados y mesadas blancas de silestone. Junto a la cocina se encuentra un lavadero independiente, con espacio y conexión para lavarropas, además de un baño de servicio que actualmente se utiliza como práctico espacio de guardado. La unidad cuenta con pisos de porcelanato símil madera, aire acondicionado central y equipo de aire acondicionado adicional en el dormitorio principal. Incluye cochera fija y cubierta. El departamento tiene palier semiprivado. El edificio, construido en 1988, se encuentra en muy buen estado de conservación y mantenimiento. Recientemente se realizaron distintas mejoras en los espacios comunes, entre ellas la pintura de los palieres y de los pisos de servicio. La planta del edificio se distribuye en dos departamentos al frente y dos al contrafrente, ofreciendo esta unidad una vista abierta hacia un amplio pulmón de manzana, con muy buena entrada de luz natural. Existe además la posibilidad de adquirir el departamento amoblado. Una propiedad que se destaca especialmente por la amplitud de sus ambientes, su luminosidad, la gran terraza con parrilla, la vista abierta y la posibilidad de integrar completamente el interior con el espacio exterior. Corredores inmobiliarios responsables adrian ridelnik cucicba mat 197. Y mauro ridelnik cucicba mat 6933 y cmcpsi 7060 todas las operaciones en las que participen nuestros asesores comerciales independientes son gestionadas, supervisadas y monitoreadas por un corredor público debidamente matriculado. *Se deja constancia que las medidas y superficies indicados son aproximados y al sólo efecto orientativo. Las medidas reales surgirán del título de propiedad respectivo. Las medidas parciales y/o de los ambientes y el valor consignado de expensas mensuales, servicios y abl está sujeto a verificación y/o ajuste. Art.4 de la ley 5.859 de c.A.B.A \""para los casos de alquiler de vivienda única, el monto máximo de comisión que se le puede requerir a los propietarios será el equivalente al cuatro con quince centésimos por ciento (4,15%) del valor total del respectivo contrato. Se encuentra prohibido cobrar a los inquilinos que sean personas físicas comisiones inmobiliarias cuando el destino sea vivienda única y permanente \"". * Ley 5115 cumplimos en informar que los inmuebles \""no cuenta con acceso especial para personas con discapacidad física a menos que la publicación lo especifique \"" * en cumplimiento de la leyes vigentes que regulan el corretaje inmobiliario, ley 25.028, ley 22.802 de lealtad comercial, ley 24.240 de defensa al consumidor, las normas del código civil y comercial de la nación y constitucionales, los asesores comerciales no ejercen el corretaje inmobiliario. Todas las operaciones inmobiliarias realizadas en guimat propiedades, son objeto de intermediación y conclusión por parte de los martilleros y corredores colegiados, *\""se deja constancia de que algunas de las imágenes publicadas en el presente anuncio han sido creadas y/o editadas mediante herramientas de inteligencia artificial, siendo las mismas meramente ilustrativas y orientativas, por lo que no necesariamente reflejan el estado actual, distribución, mobiliario, dimensiones, terminaciones o condiciones reales de la unidad ofrecida en venta. El estado real del inmueble será el que surja de la visita presencial, documentación correspondiente y constatación directa por parte del interesado. WhatsApp Contactar""}",
cc7124cf2acd15872090,Argenprop,https://www.argenprop.com/departamento-en-venta-en-palermo-3-ambientes--18784904,2026-08-15T23:56:14.509071+00:00,https://www.argenprop.com/departamentos/venta/capital-federal,1,200,1,modo_listado_sin_ficha_detallada,Departamento en venta en Palermo,,venta,departamento,,,,,USD,180000.0,USD 180.000 + $180.000 expensas,,,,2769.23,"Jerónimo Salguero 1900, Piso PB",Jerónimo Salguero,1900,PB,,,,,,,,,,,2,1,,,65.0,,,,,,,,,,,,,,,,,,,,,,,,,,,,,,,,,,,,,,,,,,,,,,8,https://www.argenprop.com/static-content/40948781/10678e9f-cde8-43c9-922e-919aec32243a_u_small.jpg,,,1,"{""texto_tarjeta"": ""+ 29 Ver más fotos 1 /37 Visto 48.315 USD 180.000 &plus; $180.000 expensas Jerónimo Salguero 1900, Piso PB Departamento en Venta en Palermo, CABA 65 m² cubie. 2 dorm. 1 baño Departamento en venta en Palermo No acepto negociar con inmobilarias. No insista por favor solo dueño directo baño y cocina reciclados WhatsApp Contactar""}",
64da6119bf3bcca93b8c,Argenprop,https://www.argenprop.com/departamento-en-venta-en-caballito-2-ambientes--12724220,2026-08-15T23:56:14.518390+00:00,https://www.argenprop.com/departamentos/venta/capital-federal,1,200,1,modo_listado_sin_ficha_detallada,DEPARTAMENTO 2 AMBIENTES,,venta,departamento,,,,,USD,59000.0,USD 59.000 + $140.000 expensas,,,,2107.14,"Emilio Mitre 400, Piso 16°",Emilio Mitre,400,16,,,,,,,,,,2,1,1,,,28.0,,,,,,,,,,,,,,,,,,,,,,,,,,,,,,,,,,,,,,,,,,,,,,9,https://www.argenprop.com/static-content/02242721/818bb982-817e-4266-a9e4-83365c321f81_u_small.jpg,,,1,"{""texto_tarjeta"": ""+ 13 Ver más fotos 1 /21 Visto 47.099 USD 59.000 &plus; $140.000 expensas Emilio Mitre 400, Piso 16° Departamento en Venta en Caballito, Capital Federal 28 m² cubie. 1 dorm. 1 baño DEPARTAMENTO 2 AMBIENTES Ubicado en un piso 16 de un sólido edificio tipo torre, este departamento de dos ambientes destaca por su excepcional luminosidad natural durante todo el día y sus vistas abiertas y panorámicas de la ciudad. Una oportunidad única de vivir con privacidad, silencio y una perspectiva inigualable. El living-comedor es un espacio cómodo y funcional, equipado con un equipo de aire acondicionado frío/calor. Cuenta con ventanales que aseguran aire y luz constante. La cocina es completa e independiente, equipada con artefacto de cocina a gas. Posee excelente ventilación natural. El dormitorio es confortable y silencioso, ideal para el descanso. El baño completo y en impecable estado de mantenimiento. Todos los ambientes principales (living, cocina y dormitorio) cuentan con aberturas provistas de persianas corredizas, ideales para regular la luz y optimizar el confort térmico. La ubicación es en la mejor zona de caballito, se encuentra en una de las zonas más residenciales, cotizadas y conectadas de la ciudad. A metros del exclusivo barrio inglés y del verde del parque chacabuco. En el polo gastronómico y comercial de la avenida pedro goyena, famoso por sus distinguidos bares y restaurantes. A media cuadra de la línea e de subterráneos (estación sobre av. Directorio) y múltiples líneas de colectivos. Cercanía inmediata a la facultad de filosofía y letras (uba), lo que lo convierte también en una opción ideal de inversión. A metros del punto de partida del emblemático tranvía que realiza sus tradicionales paseos gratuitos los sábados y domingos, sumando una mística barrial única. El estado del departamento es impecable, listo para ingresar. WhatsApp Contactar""}",
1b16db863532e1e8e1db,Argenprop,https://www.argenprop.com/departamento-en-venta-en-palermo-soho-4-ambientes--20158554,2026-08-15T23:56:14.529067+00:00,https://www.argenprop.com/departamentos/venta/capital-federal,1,200,1,modo_listado_sin_ficha_detallada,4 Ambientes C/dep y Baulera Reciclado a Nuevo - ¡Dueño Directo!,,venta,departamento,,,,,USD,259000.0,USD 259.000 + $360.000 expensas,,,,2846.15,"Avenida Santa Fe 4400, Piso 8",Avenida Santa Fe,4400,8,,,,,,,,,,4,3,,,,91.0,91.0,,,,,,,,,,,,,,,,,,,,,,,,,,,,,,,,,,,,,,,,,,,,,8,https://www.argenprop.com/static-content/45585102/5df591e9-f6ec-468d-a6b4-88b203ae2ee6_u_small.jpg,,,1,"{""texto_tarjeta"": ""+ 26 Ver más fotos 1 /34 Visto 44.848 USD 259.000 &plus; $360.000 expensas Avenida Santa Fe 4400, Piso 8 Departamento en Venta en Palermo Soho, Palermo 91 m² cubie. 10 m² Semicubierta 3 dorm. 4 Ambientes C/dep y Baulera Reciclado a Nuevo - ¡Dueño Directo! ¡Gran oportunidad! Dueño directo espectacular 4 ambientes con dependencia y baulera en el corazón de palermo. Ubicado sobre avenida santa fe 4452, 8vo piso al frente inmejorable vista abierta con orientación noreste, pudiendo contemplar la rural y el jardín botánico ¡Excelente ubicación, todo luz! ¡Reciclado a nuevo! ¡Real oportunidad! - 8° piso con balcón corrido al frente - 101 m2 totales (91 m2 cubiertos) - baulera individual en 1er subsuelo - entrada de servicio - luminoso living comedor con imponente vista abierta al predio la rural y al jardín botánico - cocina independiente completamente nueva con mesada de cuarzo blanco, muebles nuevos con sistema cierre suave e iluminación led + mueble con coffee station - lavadero semi integrado en cocina con conexión para lavarropas - dependencia de servicio con ventilación natural - 3 dormitorios con vista abierta y placares empotrados con interiores nuevos - baño completo a nuevo con ventilación natural. Lavatorio flotante de primera calidad nuevo - toilette nuevo. Lavatorio flotante de primera calidad nuevo - toilette de servicio nuevo con mesada de cuarzo - hermoso piso de parquet eucalipto original, pulido e hidrolaqueado - ventanas balcón de aluminio negro doble vidrio (dvh 4-9-4) nuevas - porcelanato alberdi manhattan white 1° calidad (revestimiento de cocina, baño y toilette) - sanitarios nuevos marca piazza línea amalfi - grifería peirano adra black nueva en baño, 2 toilettes y cocina - 3 equipos de aire acondicionado nuevos split frío/calor split siam 2924 fg 3100 w frio/ calor - 1 ventilador inteligente - anafe 4 hornallas a gas florencia 6747n nuevo - horno eléctrico empotrado florencia 7867e nuevo - extractor drean cudr604ba blanco nuevo - instalaciones de gas, agua (termofusión) y electricidad (cables y térmicas) completamente nuevas y normalizadas. - Agua caliente central - el edificio tiene 65 años aprox. Y cuenta con tres ascensores en impecable estado y dos encargados sin vivienda. - 13 pisos - cámaras de seguridad - entrada magnética - se encuentra en muy buen estado de mantenimiento dueño directo. Entrega inmediata sin financiación WhatsApp Contactar""}",
5df22eefd69fa3cd2f03,Argenprop,https://www.argenprop.com/departamento-en-venta-en-palermo-1-ambiente--16661693,2026-08-15T23:56:14.540736+00:00,https://www.argenprop.com/departamentos/venta/capital-federal,1,200,1,modo_listado_sin_ficha_detallada,V. PALERMO,,venta,departamento,,,,,USD,113076.0,USD 113.076,,,,3769.2,"Francisco Acuña De Figueroa 1200, Piso 7",Francisco Acuña De Figueroa,1200,7,,,,,,,,,,1,,1,,,30.0,,,,,,,,,,,,,,,,,,,,,,,,,,,,,,,,,,,,,,,,,,,,,,9,https://www.argenprop.com/static-content/39616661/c76bab6a-3bba-4eb0-addc-8c76edc6d37a_u_small.jpg,,,1,"{""texto_tarjeta"": ""+ 52 Ver más fotos 1 /60 Visto 40.200 USD 113.076 Francisco Acuña De Figueroa 1200, Piso 7 Departamento en Venta en Palermo, Capital Federal 30 m² cubie. A estrenar 1 baño V. PALERMO Venta de departamento 1 ambiente en palermo, capital federal vpalermo - viví la experiencia de un edificio único. Ubicado en acuña de figueroa 1204, a metros del sanatorio güemes, este edificio es ideal tanto para renta sanitaria con alta ocupación durante todo el año, como para quienes buscan conectividad absoluta, rodeado de múltiples medios de transporte. Desde el momento en que ingresás, el edificio marca la diferencia: ingreso inteligente mediante clave o tarjeta de proximidad. Amplio hall de recepción y dos ascensores de gran capacidad. Amenities premium: sum, espacio de coworking y piscina con solarium en el último piso. Seguridad 24 hs por tótem. La unidad monoambiente al frente, fácilmente divisible, ofrece confort y diseño: cocina con isla y mesada de silestone, horno empotrado y anafe eléctrico samsung. Espacio de excelentes dimensiones con salida a balcón con dvh. Pisos símil madera y baño completo en porcellanato. Preinstalación para aire acondicionado frío/calor y espacio para lavarropas. Opciones de pago flexibles: crédito hipotecario. Financiación privada: anticipo del 50% + 72 cuotas con tasa anual preferencial. Descuento exclusivo por pago al contado. Calidad, confort y bienestar en una ubicación estratégica. ¡No esperes más! Coordiná tu visita hoy mismo con nuestro equipo comercial y asegurá tu lugar en vpalermo. Tel : cel : +54 9 click para whatsapp lepore villa crespo. Lepore propiedades . Lepore propiedades s.A. Cuit : -9. C.U.C.I.C.B.A. Matrícula nº 931 (caballito, villa crespo, san cristóbal). Aviso legal: las descripciones arquitectónicas y funcionales, valores de expensas, impuestos y servicios, fotos y medidas de este inmueble son aproximados. Los datos fueron proporcionados por el propietario y pueden no estar actualizados a la hora de la visualización de este aviso por lo cual pueden arrojar inexactitudes y discordancias con las que surgen de los las facturas, títulos y planos legales del inmueble. El interesado deberá realizar las verificaciones respectivas previamente a la realización de cualquier operación, requiriendo por sí o sus profesionales las copias necesarias de la documentación que corresponda. WhatsApp Contactar""}",
7b38d9e0f4bb6e13a7b8,Argenprop,https://www.argenprop.com/departamento-en-venta-en-caballito-1-ambiente--19556675,2026-08-15T23:56:14.551980+00:00,https://www.argenprop.com/departamentos/venta/capital-federal,1,200,1,modo_listado_sin_ficha_detallada,"DEPARTAMENTO 1 AMBIENTE A ESTRENAR, CABALLITO",,venta,departamento,,,,,USD,99000.0,USD 99.000,,,,3193.55,"Jose Bonifacio 1600, Piso 5",Jose Bonifacio,1600,5,,,,,,,,,,1,,1,,,31.0,,,,,,,,,,,,,,,,,,,,,,,,,,,,,,,,,,,,,,,,,,,,,,9,https://www.argenprop.com/static-content/57665591/0c3e0cbb-fdc2-48ca-a123-63e20bd0e738_u_small.jpg,,,1,"{""texto_tarjeta"": ""+ 9 Ver más fotos 1 /17 Visto 40.002 USD 99.000 Jose Bonifacio 1600, Piso 5 Departamento en Venta en Caballito, Capital Federal 31 m² cubie. A Estrenar 1 baño DEPARTAMENTO 1 AMBIENTE A ESTRENAR, CABALLITO Venta departamento 1 ambiente a estrenar, caballito ubicado en una de las mejores esquinas del barrio, a una cuadra de la emblemática av. Pedro goyena y próximo a todas las arterias principales como av. Directorio, av. Carabobo, estaciones de bus y subte a y e. En un entorno residencial, con alta gastronomía, locales comerciales, servicios y todo lo que hace a un barrio consolidado. José bonifacio 1686 es un edificio que representa la perfecta fusión entre la innovación tecnológica y el confort cotidiano. Su diseño vanguardista no solo destaca visualmente, sino que optimiza el uso de la luz natural, la ventilación cruzada y la eficiencia energética. Opcional cochera en pb (a media cuadra) usd 25.000 posesion inmediata detalles de terminación de primera linea - pisos de porcelanato en todos sus ambientes - ventanas dvh (doble vidrio hermético) con cámara de aire - mesadas de granito negro - cocina eléctrica - muebles de cocina en melamina de calidad y diseño - inodoro inteligente multifunción - calefacción: piso radiante eléctrico con termostato en cada ambiente, preinstalación de aire acondicionado - acceso con cerradura inteligente al edificio y a las unidades - amenities: laundry, parrilla y terraza ultimas unidades! Lepore propiedades lepore propiedades s.A. Cuit : -9 c.U.C.I.C.B.A. Matrícula nº 931 (sucursales caballito - palermo - centro) aviso legal: las descripciones arquitectónicas y funcionales, valores de expensas, impuestos y servicios, fotos y medidas de este inmueble son aproximados. Los datos fueron proporcionados por el propietario y pueden no estar actualizados a la hora de la visualización de este aviso por lo cual pueden arrojar inexactitudes y discordancias con las que surgen de los las facturas, títulos y planos legales del inmueble. El interesado deberá realizar las verificaciones respectivas previamente a la realización de cualquier operación, requiriendo por sí o sus profesionales las copias necesarias de la documentación que corresponda. Venta supeditada al cumplimiento por parte del propietario de los requisitos de la resolución general nº 2371 de la afip (pedido de coti esta unidad es apta para personas con movilidad reducida. WhatsApp Contactar""}",
9b1825b3ae1bbb761af8,Argenprop,https://www.argenprop.com/departamento-en-venta-en-botanico-4-ambientes--19718486,2026-08-15T23:56:14.563543+00:00,https://www.argenprop.com/departamentos/venta/capital-federal,1,200,1,modo_listado_sin_ficha_detallada,IMPECABLE SEMIPISO! BALCÓN AL PULMÓN C/VISTA ABIERTA! Todo luz y sol! Doble circulación! Baulera! ÚNICO! OPORT!,,venta,departamento,,,,,USD,225000.0,USD 225.000 + $550.000 expensas,,,,2500.0,Sánchez De Bustamante 2600,Sánchez De Bustamante,2600,,,,,,,,,,,,3,,,,90.0,,,,,,,,,,,,,,,,,,,,,,,,,,,,,,,,,,,,,,,,,,,,,,9,https://www.argenprop.com/static-content/68481791/7526c024-bb60-426d-a052-3c9a970eb08d_u_small.jpg,,,1,"{""texto_tarjeta"": ""+ 20 Ver más fotos 1 /28 Visto 38.357 USD 225.000 &plus; $550.000 expensas Sánchez De Bustamante 2600 Departamento en Venta en Botanico, Palermo 90 m² cubie. 3 dorm. 40 años IMPECABLE SEMIPISO! BALCÓN AL PULMÓN C/VISTA ABIERTA! Todo luz y sol! Doble circulación! Baulera! ÚNICO! OPORT! Impecable semipiso! Balcón corrido al pulmón de manzana con vista abierta! Muy luminoso! Todo luz y sol! Excelente distribución! Doble circulación! Palier privado! Hall de entrada! Living-comedor! Baño completo con ventilación natural! 2 dormitorios! Placares! Cocina completa! Dependencia de servicio con su baño o 3er dormitorio! Lavadero independiente! 2 splits! Pisos de madera! Servicios centrales! Baulera! El encargado vive en el edificio! Inmejorable ubicación! Único! Oportunidad! *Esta propiedad no posee acceso para personas con movilidad reducida *las descripciones, medidas, superficies y proporciones consignadas en esta ficha son aproximadas, sólo se muestran a modo orientativo. Los montos de expensas e impuestos deben ser confirmados ya que dependen de la fecha en la que se obtuvo la información. *Matrícula cucicba 2204 WhatsApp Contactar""}",
049887d89b741b0bc650,Argenprop,https://www.argenprop.com/departamento-en-venta-en-palermo-chico-1-ambiente--20163564,2026-08-15T23:56:14.574836+00:00,https://www.argenprop.com/departamentos/venta/capital-federal,1,200,1,modo_listado_sin_ficha_detallada,Departamento en venta en Palermo Chico,,venta,departamento,,,,,USD,170000.0,USD 170.000 + $126.992 expensas,,,,4473.68,Avenida Cerviño 3200,Avenida Cerviño,3200,,,,,,,,,,,,1,,,,38.0,41.33,,,,,,,,,,,,,,,,,,,,,,,,,,,,,,,,,,,,,,,,,,,,,8,https://www.argenprop.com/static-content/46536102/27dee549-ab8c-45a1-a8e1-5c8feb98209e_u_small.jpg,,,1,"{""texto_tarjeta"": ""+ 12 Ver más fotos 1 /20 Visto 37.491 USD 170.000 &plus; $126.992 expensas Avenida Cerviño 3200 Departamento en Venta en Palermo Chico, Palermo 38 m² cubie. 1 dorm. 56 años Departamento en venta en Palermo Chico Monoambiente reciclado por arquitecto a estrenar ubicación inmejorable: a 1 cuadra de av. Del libertador a 1 cuadra de av. Coronel díaz a 1 cuadra de av. Las heras a minutos de alto palermo shopping, paseo alcorta, bosques de palermo y jardín botánico superficie: total: 41,33 m² cubierta: 37,55 m² expensas (junio 2026): $126.992 el departamento totalmente refaccionado a nuevo (julio 2026) a estrenar muy luminoso balcón al frente (3er piso) todo eléctrico aire acondicionado frío/calor artefactos de iluminación y cortina roller black out incluidos gran espacio de guardado muebles de diseño hechos a medida mesada y alzada de cuarzo natural (silestone) griferías de primeras marcas pisos water floor instalaciones completamente nuevas (electricidad, agua y desagües) terminaciones y detalles de categoría bajas expensas y muy fácil de mantener espacio con conexión para lavarropas o lavavajillas purificador de aire en cocina vende arquitecto el edificio: obra del reconocido arquitecto alejandro virasoro, con un hall de entrada y pasillos amplios, con excelente ventilación. Por cuestiones de seguridad, para visitar la propiedad se le solicitará nombre, apellido y dni. La información gráfica y escrita contenida en el presente aviso es meramente a título estimativo y no forma parte de ningún tipo de documentación contractual. Las medidas y superficies definitivas surgirán del título de propiedad del inmueble referido. Asimismo, los importes de impuestos, tasas, servicios y expensas aquí indicados están sujetos a verificación por parte del potencial comprador. El valor del inmueble indicado en el presente puede ser modificado sin previo aviso. WhatsApp Contactar""}",
31bd4f959ac664005558,Argenprop,https://www.argenprop.com/departamento-en-venta-en-caballito-sur-3-ambientes--20025428,2026-08-16T00:26:10.056189+00:00,https://www.argenprop.com/departamentos/venta/capital-federal,2,200,1,modo_listado_sin_ficha_detallada,"Dueño Directo - Departamento 3 Ambientes Dos Patios -mejor Zona Caballito - Luminoso Y Amplio, A Metros De Pedro Goyena Y Barrio Ingles- Sin Comisión",,venta,departamento,,,,,USD,127000.0,USD 127.000 + $165.000 expensas,,,,2228.07,"Del Barco Centenera 600, Piso av.",Del Barco Centenera,600,av,,,,,,,,,,3,2,,,,57.0,,,,,,,,,,,,,,,,,,,,,,,,,,,,,,,,,,,,,,,,,,,,,,8,https://www.argenprop.com/static-content/82452002/39ad3d77-a262-498a-bfbb-0353dc88ea92_u_small.jpg,,,1,"{""texto_tarjeta"": ""+ 7 Ver más fotos 1 /15 Visto 36.424 USD 127.000 &plus; $165.000 expensas Del Barco Centenera 600, Piso av. Departamento en Venta en Caballito Sur, Caballito 57 m² cubie. 2 dorm. 50 años Dueño Directo - Departamento 3 Ambientes Dos Patios -mejor Zona Caballito - Luminoso Y Amplio, A Metros De Pedro Goyena Y Barrio Ingles- Sin Comisión Imperdible departamento de 3 amb, en pb, luminoso, con ventilación cruzada y con muy buena distribución. Amplia cocina con mesada en u, bacha doble y espacio para lavavajillas. Desde la cocina se accede al patio interno con lavadero. Living/comedor super amplio con espacio para mesa de 8 sillas y espacio para sillón 3 cuerpos (o más o sillón en l) + espacio para mesa ratona y rack de tv. Baño completo con bañadera. Habitación principal amplia con placard, y salida al patio principal, de 20 m2 que ventila a pulmón de manzana (se puede poner parrilla, pelopincho grande, mesa y sillas) segunda habitación amplia con vista al patio principal. Hall de distribución con enorme espacio de guardado, + una baulera en sótano de 3m2. A media cuadra de av. Pedro goyena a 6 cuadras de estación de subte a, estación primera junta a 8 cuadras de estación tren sarmiento, caballito a 5 cuadras de estación de subte e, estación josé maría moreno. Cerquísima del hermoso parque chacabuco el departamento se encuentra actualmente vacío, está en buen estado (caños pluviales, de agua, luz y gas nuevos). Requiere una lavada de cara, con pintura y plastificado de pisos (a gusto personal). Dueño directo - sin comisiones podés ver el video de la propiedad, en el siguiente enlace: https: youtu.Be/a6caf9hzgfk WhatsApp Contactar""}",
059ac2c0dc9e748e1228,Argenprop,https://www.argenprop.com/departamento-en-venta-en-caballito-2-ambientes--19442521,2026-08-16T00:26:10.068160+00:00,https://www.argenprop.com/departamentos/venta/capital-federal,2,200,1,modo_listado_sin_ficha_detallada,"Venta Departamento 2 ambientes en Caballito, Capital Federal .Piso entero en altura: privacidad real, luz natural y una forma distinta de vivir la ciudad",,venta,departamento,,,,,USD,180000.0,USD 180.000 + $330.000 expensas,,,,3461.54,Avenida Díaz Vélez 5000,Avenida Díaz Vélez,5000,,,,,,,,,,,2,1,2,,,52.0,,,,,,,,,,,,,,,,,,,,,,,,,,,,,,,,,,,,,,,,,,,,,,9,https://www.argenprop.com/static-content/12524491/9d6b952c-b161-4d97-9587-831151e8ce07_u_small.jpg,,,1,"{""texto_tarjeta"": ""+ 27 Ver más fotos 1 /35 Visto 35.800 USD 180.000 &plus; $330.000 expensas Avenida Díaz Vélez 5000 Departamento en Venta en Caballito, CABA 52 m² cubie. 1 dorm. 10 años Venta Departamento 2 ambientes en Caballito, Capital Federal .Piso entero en altura: privacidad real, luz natural y una forma distinta de vivir la ciudad Venta departamento 2 ambientes en caballito, capital federal . Con renta piso entero en altura: privacidad real, luz natural y una forma distinta de vivir la ciudad no es un departamento más. Es llegar a tu piso y saber que no compartís ese espacio con nadie más. En un piso 11, este 2 ambientes se llena de luz y aire durante todo el día, generando esa sensación de amplitud y calma que cuesta encontrar en la ciudad. La distribución está pensada para que cada espacio se disfrute: living cómodo, con luz natural protagonista cocina independiente a gas (ideal si realmente te gusta cocinar) dormitorio con excelente ventilación 2 baños: uno completo con bañera + toilette para visitas detalles que suman valor en el día a día: cochera cubierta incluida nº 3 calefacción por panel eléctrico preinstalación de aire acondicionado espacio para lavarropas amenities en el 8vo piso : pileta, laundry, solarium y sum? No dudes en cordinar tu visita tel : cel : +54 9 11 lepore villa crespo. Lepore propiedades . Lepore propiedades s.A. Cuit : -9. C.U.C.I.C.B.A. Matrícula nº 931 (caballito, villa crespo, san cristóbal). Aviso legal: las descripciones arquitectónicas y funcionales, valores de expensas, impuestos y servicios, fotos y medidas de este inmueble son aproximados. Los datos fueron proporcionados por el propietario y pueden no estar actualizados a la hora de la visualización de este aviso por lo cual pueden arrojar inexactitudes y discordancias con las que surgen de los las facturas, títulos y planos legales del inmueble. El interesado deberá realizar las verificaciones respectivas previamente a la realización de cualquier operación, requiriendo por sí o sus profesionales las copias necesarias de la documentación que corresponda. WhatsApp Contactar""}",
fbf10c184996666289eb,Argenprop,https://www.argenprop.com/departamento-en-venta-en-caballito-norte-4-ambientes--20228131,2026-08-16T00:26:10.080364+00:00,https://www.argenprop.com/departamentos/venta/capital-federal,2,200,1,modo_listado_sin_ficha_detallada,DEPARTAMENTO 3 AMBIENTES EN VENTA EN CABALLITO NORTE – AV. DÍAZ VÉLEZ 4537,,venta,departamento,,,,,USD,118000.0,USD 118.000 + $100.000 expensas,,,,1934.43,"Av Diaz Velez 4500, Piso 4",Av Diaz Velez,4500,4,,,,,,,,,,3,2,,,,61.0,,,,,,,,,,,,,,,,,,,,,,,,,,,,,,,,,,,,,,,,,,,,,,9,https://www.argenprop.com/static-content/13182202/185d3f20-b08a-4d44-9c82-84e1bdb20d5e_u_small.jpg,,,1,"{""texto_tarjeta"": ""+ 1 Ver más fotos 1 /9 Visto 35.210 USD 118.000 &plus; $100.000 expensas Av Diaz Velez 4500, Piso 4 Departamento en Venta en Caballito Norte, Caballito 61 m² cubie. 3 m² Semicubierta 2 dorm. DEPARTAMENTO 3 AMBIENTES EN VENTA EN CABALLITO NORTE – AV. DÍAZ VÉLEZ 4537 Departamento 3 ambientes en venta en caballito norte – av. Díaz vélez 4537 excelente oportunidad para quienes buscan amplitud, ubicación estratégica y gran potencial de actualización a solo 200 metros de parque centenario. La propiedad cuenta con 64,56 m², distribución funcional y ambientes cómodos, ideales para vivienda permanente, primera vivienda o inversión. Dispone de: living comedor cocina independiente 2 dormitorios con placard baño completo orientación norte disposición lateral muy buena distribución de planta ubicada sobre av. Díaz vélez, con rápido acceso a múltiples medios de transporte, comercios, centros educativos, espacios verdes y los principales corredores de la ciudad de buenos aires. Bajas expensas WhatsApp Contactar""}",
a0d5999b21f680dcd815,Argenprop,https://www.argenprop.com/departamento-en-venta-en-almagro-3-ambientes--17475032,2026-08-16T00:26:10.093484+00:00,https://www.argenprop.com/departamentos/venta/capital-federal,2,200,1,modo_listado_sin_ficha_detallada,Viví Almagro | 3 Ambientes Reciclado a Nuevo a Mts del Subte,,venta,departamento,,,,,USD,114800.0,USD 114.800 + $158.000 expensas,,,,2207.69,Colombres 100,Colombres,100,,,,,,,,,,,3,2,1,,,52.0,52.0,,,,,,,,,,,,,,,,,,,,,,,,,,,,,,,,,,,,,,,,,,,,,9,https://www.argenprop.com/static-content/23057471/13cc66ce-ff0b-4d95-b67c-5819fb587050_u_small.jpg,,,1,"{""texto_tarjeta"": ""+ 16 Ver más fotos 1 /24 Visto 34.125 USD 114.800 &plus; $158.000 expensas Colombres 100 Departamento en Venta en Almagro, Capital Federal 52 m² cubie. 2 dorm. 1 baño Viví Almagro | 3 Ambientes Reciclado a Nuevo a Mts del Subte ¡Oportunidad! 3 ambientes al frente con balcón reciclado a nuevo. Excelente estado y listo para habitar. Barrio de almagro. Negociable características del departamento: - 3 ambientes reciclado a nuevo - dormitorios con placard - superficie total: 55 m² (52 m² cubiertos) - disposición: frente, con orientación este - muy luminoso y ventilado - pisos recién pulidos y plastificados - gas natural distribución: - living comedor amplio y luminoso - cocina independiente con muebles bajo y sobre mesada - lavadero separado - 2 dormitorios con buena ventilación - baño completo ficha técnica: - living comedor: 3 x 5m - dormitorio: 3.70 x 2.50 m - dormitorio: 3.40 x 2.90 m - cocina: 3.10 x 2.10 m - balcón: 2.90 x 1.10 m ubicación: - colombres 33, al frente con balcón - entre av. Rivadavia y don bosco, en el corazón de almagro - a metros de la estación castro barros de la línea a del subte - a pasos de la tradicional confitería las violetas - zona segura, con excelente oferta de supermercados, comercios y servicios consultá por sucesiones, tasaciones judiciales y profesionales, operaciones de compra-venta simultáneas, alquileres, administración, trámites notariales y asesoramiento gratuito.. Cucicba mat. 7402 emanuel villalba- villalba soluciones inmobiliarias el inmueble publicado no es accesible para personas con capacidades físicas reducidas. Las descripciones arquitectónicas y funcionales, valores de expensas impuestos, servicios, fotos y medidas de este inmueble son aproximados. Los datos fueron proporcionados por el propietario y pueden no estar actualizados a la hora de la visualización. El interesado deberá realizar las verificaciones previamente a realizar cualquier operación. WhatsApp Contactar""}",
73a0c53b778e6f54231b,Argenprop,https://www.argenprop.com/departamento-en-venta-en-las-canitas-3-ambientes--19676321,2026-08-16T00:26:10.106344+00:00,https://www.argenprop.com/departamentos/venta/capital-federal,2,200,1,modo_listado_sin_ficha_detallada,¡Oportunidad! Planta Baja De 3 Amb. En Las Cañitas - Inmejorable Ubicación,,venta,departamento,,,,,USD,118000.0,USD 118.000 + $180.000 expensas,,,,1934.43,Migueletes 500,Migueletes,500,,,,,,,,,,,3,2,,,,61.0,,,,,,,,,,,,,,,,,,,,,,,,,,,,,,,,,,,,,,,,,,,,,,8,https://www.argenprop.com/static-content/12367691/4645fc25-e4c8-4810-ad88-44f79ca14b4b_u_small.jpg,,,1,"{""texto_tarjeta"": ""+ 15 Ver más fotos 1 /23 Visto 33.132 USD 118.000 &plus; $180.000 expensas Migueletes 500 Departamento en Venta en Las Cañitas, Palermo 61 m² cubie. 2 dorm. 65 años ¡Oportunidad! Planta Baja De 3 Amb. En Las Cañitas - Inmejorable Ubicación ¡Oportunidad! Departamento en planta baja de 3 ambientes en ubicación inmejorable: migueletes y san benito de palermo, en el corazón de uno de los barrios con mayor prestigio y demanda de la ciudad de buenos aires. A 100 mts.de av. Del libertador, y a 300 mts.de av. Luis maría campos, este inmueble destaca por su amplitud y luminosidad, gracias a amplios ventanales de doble hoja a la calle. Es una p.B, al frente de 61 m2. Cuenta con living comedor y dos dormitorios de generosas dimensiones, con espaciosos placares en cada uno. Cocina y baño completos. Además, cuenta con patio cubierto con lavadero y baño de servicio. Su privilegiada ubicación ofrece todas las posibilidades para una vida vibrante y con estilo. A distancias de a pie del polo gastronómico de las cañitas, para disfrutar de una experiencia culinaria de alto nivel; así como de los lagos y bosques de palermo, que te permitirán sentir el verde y aire libre cuando quieras, sin tener que alejarte de tu hogar. Conexiones a todos los puntos de la ciudad, con el ferrocarril mitre, múltiples líneas de colectivos y estación de subte en cercanías. Establecimientos educativos y de salud en toda el área. No dejes pasar esta oportunidad de mudarte a uno de los barrios más buscados y exclusivos, y agendá tu visita. Luciano rivadeneira ci cucicba 9276 WhatsApp Contactar""}",
b42f29e27bb0871e622b,Argenprop,https://www.argenprop.com/departamento-en-venta-en-almagro-1-ambiente--19921999,2026-08-16T00:26:10.118975+00:00,https://www.argenprop.com/departamentos/venta/capital-federal,2,200,1,modo_listado_sin_ficha_detallada,EXCELENTE MONOAMBIENTE- APTO PROFESIONAL- AL FRENTE CON BALCÓN- TODO A NUEVO,,venta,departamento,,,,,USD,59900.0,USD 59.900 + $72.000 expensas,,,,,"Avenida Corrientes 4100, Piso 3",Avenida Corrientes,4100,3,,,,,,,,,,,,1,,,,,,,,,,,,,,,,,,,,,,,,,,,,,,,,,,,,,,,,,,,,,,,,,9,https://www.argenprop.com/static-content/99912991/144674c6-43d1-47af-9869-ce9e357f7e94_u_small.jpg,,,1,"{""texto_tarjeta"": ""+ 18 Ver más fotos 1 /26 Visto 32.500 USD 59.900 &plus; $72.000 expensas Avenida Corrientes 4100, Piso 3 Departamento en Venta en Almagro, Capital Federal 1 baño Monoam. Excelente EXCELENTE MONOAMBIENTE- APTO PROFESIONAL- AL FRENTE CON BALCÓN- TODO A NUEVO Departamento monoambiente, al frente con balcón, excelente estado, apto profesional. Todo a nuevo. Av. Corrientes 4173 almagro características - departamento al frente - luminoso - cocina kitchenette - balcón al frente - aireado - baño completo metros totales 23 mts aprox. Apto profesional muy luminoso excelente conectividad ubicación premium excelente monoambiente ubicado sobre av. Corrientes, en el corazón de almagro. Se destaca por su luminosidad, ventilación natural y balcón al frente. Se encuentra en excelente estado, completamente renovado y listo para habitar o instalar un estudio profesional. Servicios profesionales tasaciones judiciales y profesionales – sucesiones – operaciones simultáneas – alquileres – administración – trámites notariales – asesoramiento integral sin costo. Cucicba mat. 7402 emanuel villalba- villalba soluciones inmobiliarias el inmueble publicado es accesible para personas con capacidades físicas reducidas. Las descripciones arquitectónicas y funcionales, valores de expensas impuestos, servicios, fotos y medidas de este inmueble son aproximados. Los datos fueron proporcionados por el propietario y pueden no estar actualizados a la hora de la visualización. El interesado deberá realizar las verificaciones previamente a realizar cualquier operación. WhatsApp Contactar""}",
fffebcabfdb5c589de16,Argenprop,https://www.argenprop.com/departamento-en-venta-en-palermo-3-ambientes--19578814,2026-08-16T00:26:10.130597+00:00,https://www.argenprop.com/departamentos/venta/capital-federal,2,200,1,modo_listado_sin_ficha_detallada,¡3 ambientes luminosos en Palermo!,,venta,departamento,,,,,USD,134800.0,USD 134.800 + $230.000 expensas,,,,2042.42,"Fray Justo Santa María de Oro 2300, Piso 2",Fray Justo Santa María de Oro,2300,2,,,,,,,,,,3,2,,,,66.0,,,,,,,,,,,,,,,,,,,,,,,,,,,,,,,,,,,,,,,,,,,,,,8,https://www.argenprop.com/static-content/41887591/ee5a8a7d-9ad7-4474-97b3-6205bb798fd9_u_small.jpg,,,1,"{""texto_tarjeta"": ""+ 16 Ver más fotos 1 /24 Visto 32.087 USD 134.800 &plus; $230.000 expensas Fray Justo Santa María de Oro 2300, Piso 2 Departamento en Venta en Palermo, CABA 66 m² cubie. 2 dorm. 50 años ¡3 ambientes luminosos en Palermo! ¡Te damos la bienvenida a tu nuevo hogar! En el corazón de palermo, rodeado de comercios y las mejores opciones de gastronomía, a 2 cuadras de distrito arcos y a 5 de plaza italia y el botánico, este departamento está en la mejor ubicación, surcado por medios de transporte, mientras mantiene la tranquilidad del barrio. Ingresamos a un edificio con seguridad 24 hs., Con un gran hall de recepción, y un hall de recepción adicional con banco y asientos con vista al patio lleno de plantas. Tiene cuatro ascensores enormes, dos para los pisos pares y dos para los impares, que acaban de ser renovados. Bajando un piso por la derecha hay una baulera con mucha capacidad, y por la izquierda está el ingreso a un garaje privado, donde se pueden alquilar cocheras con acceso directo al edificio. Ingresando a este maravilloso departamento encontramos un amplio living comedor con pisos cerámicos, con aire acondicionado y mucha luz. La gran cocina tiene un mueble bajo mesada y doble alacena, lavadero incorporado con espacio y conexión para lavarropas y espacio de guardado extra con dos estantes a los costados. También tiene un portero eléctrico que abre la puerta de ingreso al edificio, por lo que no es necesario bajar a abrir a quien visite. Los dos dormitorios tienen amplias ventanas y pisos de parquet. El dormitorio principal tiene aire acondicionado, un placard de 4 puertas con bauleras y un placard adicional de dos puertas. El segundo dormitorio tiene un placard de tres puertas. El baño completo también tiene un mueble con espacio de guardado extra. Es perfecto para vos si buscas un amplio lugar para tu familia, con supermercados y tiendas de mascotas al calcance de tu mano... Y si sos una persona que quiere disfrutar de los mejores lugares palermitanos de shopping y gastronomía, ¡Es para vos también! Comercializa goldbarg propiedades, cucicba 8421. ¡Agenda una visita, no te lo podés perder! WhatsApp Contactar""}",
71134bf1b23baa800927,Argenprop,https://www.argenprop.com/departamento-en-venta-en-recoleta-4-ambientes--19559933,2026-08-16T00:26:10.142976+00:00,https://www.argenprop.com/departamentos/venta/capital-federal,2,200,1,modo_listado_sin_ficha_detallada,IMPECABLE SEMIPISO! BALCÓN AL PULMÓN C/VISTA ABIERTA! Todo luz y sol! Doble circulación! Baulera! ÚNICO! OPORT!,,venta,departamento,,,,,USD,225000.0,USD 225.000 + $550.000 expensas,,,,2500.0,Sánchez De Bustamante 2600,Sánchez De Bustamante,2600,,,,,,,,,,,,3,,,,90.0,,,,,,,,,,,,,,,,,,,,,,,,,,,,,,,,,,,,,,,,,,,,,,9,https://www.argenprop.com/static-content/33995591/7aba05e6-8741-4b8f-8592-1ff69e963afe_u_small.jpg,,,1,"{""texto_tarjeta"": ""+ 20 Ver más fotos 1 /28 Visto 29.101 USD 225.000 &plus; $550.000 expensas Sánchez De Bustamante 2600 Departamento en Venta en Recoleta, Capital Federal 90 m² cubie. 3 dorm. 40 años IMPECABLE SEMIPISO! BALCÓN AL PULMÓN C/VISTA ABIERTA! Todo luz y sol! Doble circulación! Baulera! ÚNICO! OPORT! Impecable semipiso! Balcón corrido al pulmón de manzana con vista abierta! Muy luminoso! Todo luz y sol! Excelente distribución! Doble circulación! Palier privado! Hall de entrada! Living-comedor! Baño completo con ventilación natural! 2 dormitorios! Placares! Cocina completa! Dependencia de servicio con su baño o 3er dormitorio! Lavadero independiente! 2 splits! Pisos de madera! Servicios centrales! Baulera! El encargado vive en el edificio! Inmejorable ubicación! Único! Oportunidad! *Esta propiedad no posee acceso para personas con movilidad reducida *las descripciones, medidas, superficies y proporciones consignadas en esta ficha son aproximadas, sólo se muestran a modo orientativo. Los montos de expensas e impuestos deben ser confirmados ya que dependen de la fecha en la que se obtuvo la información. *Matrícula cucicba 2204 WhatsApp Contactar""}",
2e959411fb3c67b545ea,Argenprop,https://www.argenprop.com/departamento-en-venta-en-recoleta-4-ambientes--19099271,2026-08-16T00:26:10.154623+00:00,https://www.argenprop.com/departamentos/venta/capital-federal,2,200,1,modo_listado_sin_ficha_detallada,IMPECABLE PISO! BALCÓN CON VISTA A LA COPA DE LOS ÁRBOLES! Todo luz y sol! Baulera! BAJAS EXPENSAS! ÚNICO! OPORT,,venta,departamento,,,,,USD,247000.0,USD 247.000 + $205.000 expensas,,,,2470.0,José Andrés Pacheco De Melo 2600,José Andrés Pacheco De Melo,2600,acheco,,,,,,,,,,,3,,,,100.0,,,,,,,,,,,,,,,,,,,,,,,,,,,,,,,,,,,,,,,,,,,,,,9,https://www.argenprop.com/static-content/17299091/2a11d90d-d3b1-45e6-8834-44dadd9cb53b_u_small.jpg,,,1,"{""texto_tarjeta"": ""+ 25 Ver más fotos 1 /33 Visto 29.101 USD 247.000 &plus; $205.000 expensas José Andrés Pacheco De Melo 2600 Departamento en Venta en Recoleta, Capital Federal 100 m² cubie. 3 dorm. 40 años IMPECABLE PISO! BALCÓN CON VISTA A LA COPA DE LOS ÁRBOLES! Todo luz y sol! Baulera! BAJAS EXPENSAS! ÚNICO! OPORT Impecable piso! Balcón al frente con vista a la copa de los árbolers! Muy luminoso! Todo luz y sol! Excelente distribución! Palier privado! Hall de entrada! Living y comedor en l! Baño completo! 1 dormitorio en suite! 2 dormitorios! Amplios placares! Cocina completa! Conexión para lavarropas! Entrada de servicio! Puertas blindadas! 2 splits frío-calor! Pisos de madera! Cañerías a nuevo! Baulera! Bajas expensas! El edificio cuenta con personal de limpieza! Terraza común! Posibilidad de cochera enfrente! Inmejorable ubicación! Todos los medios de transporte! Único! Oportunidad! * Esta propiedad no posee acceso para personas con movilidad reducida *las descripciones, medidas, superficies y proporciones consignadas en esta ficha son aproximadas, sólo se muestran a modo orientativo. Los montos de expensas, tasas e impuestos deben ser confirmados ya que dependen de la fecha en la que se obtuvo la información. *Matricula cucicba 2204 WhatsApp Contactar""}",
def7c13028f0cebbbf42,Argenprop,https://www.argenprop.com/departamento-en-venta-en-recoleta-4-ambientes--20240218,2026-08-16T00:26:10.167480+00:00,https://www.argenprop.com/departamentos/venta/capital-federal,2,200,1,modo_listado_sin_ficha_detallada,Impec! Piso Alto! Balcón C/vista abierta a Fac de Ing! T/luz y Sol! Dependencia! Baul! Único! Oport!,,venta,departamento,,,,,USD,220000.0,USD 220.000 + $465.000 expensas,,,,1833.33,Azcuénaga 1700,Azcuénaga,1700,,,,,,,,,,,,3,,,,120.0,,,,,,,,,,,,,,,,,,,,,,,,,,,,,,,,,,,,,,,,,,,,,,9,https://www.argenprop.com/static-content/81204202/c2472704-2288-4f56-bf51-20e38ab666d1_u_small.jpg,,,1,"{""texto_tarjeta"": ""+ 28 Ver más fotos 1 /36 Visto 29.101 USD 220.000 &plus; $465.000 expensas Azcuénaga 1700 Departamento en Venta en Recoleta, CABA 120 m² cubie. 3 dorm. 45 años Impec! Piso Alto! Balcón C/vista abierta a Fac de Ing! T/luz y Sol! Dependencia! Baul! Único! Oport! Impecable piso! Balcón al frente con vista abierta a facultad de ingienieria! Muy luminoso! Todo luz y sol! Excelente distribución! Palier privado! Hall de entrada! Living y comedor! 3 dormitorios! Baño completo! 1 toilette! Dependencia de servicio con su baño! Amplios placares! Cocina completa! Conexión para lavarropas! Entrada de servicio! Losa radiante! 2 splits! Pisos de madera! Baulera! El encargado vive en el edificio! Inmejorable ubicación! Todos los medios de transporte! Único! Oportunidad! * Esta propiedad no posee acceso para personas con movilidad reducida *las descripciones, medidas, superficies y proporciones consignadas en esta ficha son aproximadas, sólo se muestran a modo orientativo. Los montos de expensas, tasas e impuestos deben ser confirmados ya que dependen de la fecha en la que se obtuvo la información. *Matricula cucicba 2204 WhatsApp Contactar""}",
d6e38a4f2f24ee393bb9,Argenprop,https://www.argenprop.com/departamento-en-venta-en-recoleta-3-ambientes--19452180,2026-08-16T00:26:10.180045+00:00,https://www.argenprop.com/departamentos/venta/capital-federal,2,200,1,modo_listado_sin_ficha_detallada,Venta Departamento 3 Ambientes Patio Interno,,venta,departamento,,,,,USD,256000.0,USD 256.000 + $200.000 expensas,,,,2560.0,Pena 2200,Pena,2200,ena,,,,,,,,,,3,2,3,,,100.0,,,,,,,,,,,,,,,,,,,,,,,,,,,,,,,,,,,,,,,,,,,,,,9,https://www.argenprop.com/static-content/08125491/6b84746a-3fa1-442f-8ed4-2b7a10c42c57_u_small.jpg,,,1,"{""texto_tarjeta"": ""+ 7 Ver más fotos 1 /15 Visto 29.100 USD 256.000 &plus; $200.000 expensas Pena 2200 Departamento en Venta en Recoleta, Capital Federal 100 m² cubie. 2 dorm. 3 baños Venta Departamento 3 Ambientes Patio Interno [Prizmab-2064] elegancia francesa y confort en el corazón de recoleta descubra la distinción de vivir en un edificio de estilo francés , donde la solidez constructiva y los detalles de época se encuentran en perfecto estado de conservación. Ubicada en peña 2292 , esta unidad en planta baja ofrece una experiencia de vida única, combinando techos altos, ambientes amplios y la calidez de sus patios privados. ### Distribución y características principales al ingresar por la entrada principal , el diseño nos conduce hacia el sector social de la propiedad: * sector social: un cómodo comedor que antecede a un amplio living , ideal para recibir visitas en un entorno de techos imponentes y gran luminosidad. * Cocina y servicios: cocina independiente totalmente funcional, equipada con lavadero propio y un práctico baño de servicio . * Área íntima: a través de un pasillo distribuidor, se accede a los dormitorios: * habitación principal: ubicada hacia el frente (orientación a la calle), con excelente luz natural. * Habitación secundaria: situada al contrafrente, con salida directa a uno de los patios. * Baños: el sector cuenta con un baño completo adicional y un toilette (actualmente utilizado como espacio para tv/distribución). ### El valor del aire libre la propiedad se destaca por su conexión con el exterior a través de patio interno . El patio principal es un verdadero pulmón de aire y luz al que se puede acceder tanto desde la cocina como desde la habitación secundaria , creando un flujo de circulación ideal y un espacio privado para el relax. ### Resumen técnico * ubicación: peña 2292, pb (recoleta/barrio norte). * Estado: muy buenas condiciones generales. * Estilo: francés clásico. * Ambientes: 3 ambientes + dependencia/baño de servicio. * Exteriores: patios internos de uso privado. Fotos 360 y viedo completo en los links acepta permuta WhatsApp Contactar""}",
da0290816b2c65a9e6a2,Argenprop,https://www.argenprop.com/departamento-en-venta-en-recoleta-4-ambientes--20140104,2026-08-16T00:26:10.194748+00:00,https://www.argenprop.com/departamentos/venta/capital-federal,2,200,1,modo_listado_sin_ficha_detallada,"179,98 m2 venta depto 4 amb con dependencia estilo frances categoría Recoleta",,venta,departamento,,,,,USD,310000.0,USD 310.000 + $477.669 expensas,,,,1834.32,Avenida Pueyrredón 1200,Avenida Pueyrredón,1200,ueyrred,,,,,,,,,,4,3,,,,169.0,,,,,,,,,,,,,,,,,,,,,,,,,,,,,,,,,,,,,,,,,,,,,,9,https://www.argenprop.com/static-content/40104102/80a89979-2cd0-4d2c-b808-7fc3f7157d3b_u_small.jpg,,,1,"{""texto_tarjeta"": ""+ 13 Ver más fotos 1 /21 Visto 29.021 USD 310.000 &plus; $477.669 expensas Avenida Pueyrredón 1200 Departamento en Venta en Recoleta, Capital Federal 169 m² cubie. 3 dorm. 80 años 179,98 m2 venta depto 4 amb con dependencia estilo frances categoría Recoleta Departamento de categoría en edificio francés sobre av. Pueyrredón departamento de estilo francés ubicado sobre av. Pueyrredón al 1200, recoleta, en un edificio clásico de solo cuatro pisos, con un departamento por piso. La unidad se encuentra en un segundo piso y se destaca por su amplitud, calidad constructiva y una distribución flexible, propia de las propiedades de época bien concebidas. Al ingresar, se accede a una sala de distribución, desde la cual se organiza la circulación hacia el sector social y privado del departamento. Hacia el frente se desarrollan el living / sala de estar y la sala comedor principal, ambos con salida a balcón y con posibilidad de integrarse entre sí, generando un espacio de recepción amplio y luminoso. A este sector se suma una habitación, oficina o escritorio independiente, también al frente y con balcón propio, que puede funcionar como espacio de trabajo, dormitorio adicional o integrarse al área social según las necesidades de uso. El departamento cuenta además con dormitorio principal, habitación adicional, comedor diario, cocina independiente, lavadero, cuarto de guardado y baños. Como valor agregado, posee un entrepiso / altillo, al que se accede por escalera, donde se desarrolla un ambiente adicional, con baño propio y vestidor/espacio de guardado. Este sector puede funcionar como cuarto dormitorio, escritorio, atelier, espacio de huéspedes o área independiente de trabajo. La propiedad combina categoría, privacidad y versatilidad, en un edificio de pocas unidades y con excelente conectividad: cercanía al subte y acceso inmediato a numerosas líneas de colectivos. Ambientes y medidas aproximadas - sala de distribución / recepción: 3,05 x 1,75 m aprox. - Living / sala de estar: 4,50 x 4,20 m aprox. - Sala comedor principal: ambiente irregular de gran amplitud, con salida a balcón. - Habitación / oficina / escritorio al frente: 2,90 x 4,12 m aprox., Con balcón. - Dormitorio principal: 4,20 x 4,10 m aprox., Con balcón. - Habitación adicional: 2,25 x 3,95 m aprox., Con balcón. - Comedor diario: 3,25 x 3,97 m aprox., Con balcón. - Cocina independiente: sector amplio, de aprox. 4,64 m lineales en uno de sus lados. - Lavadero: sector independiente junto a cocina. - Cuarto de guardado: 1,20 x 1,50 m aprox. - Pasillo de distribución: 6,30 m aprox. - Baño principal: 2,00 x 3,90 m aprox. - Segundo baño / toilette: 0,77 x 1,29 m aprox. - Balcones al frente: varios balcones, vinculados a los ambientes principales. - Entrepiso / altillo - altillo / ambiente adicional: sector irregular de aprox. 2,53 x 2,68 m en sus lados principales. - Baño del entrepiso: 1,50 x 1,35 m aprox. - Vestidor / guardado: 1,17 x 1,41 m aprox. - Acceso por escalera: pasillo/escalera de aprox. 4,27 m de largo. Nota: las medidas son aproximadas y surgen del croquis. Las medidas definitivas deberán verificarse con el título de propiedad y/o plano correspondiente. Corredores inmobiliarios responsables adrian ridelnik cucicba mat 197. Y mauro ridelnik cucicba mat 6933 y cmcpsi 7060 todas las operaciones en las que participen nuestros asesores comerciales independientes son gestionadas, supervisadas y monitoreadas por un corredor público debidamente matriculado. *Se deja constancia que las medidas y superficies indicados son aproximados y al sólo efecto orientativo. Las medidas reales surgirán del título de propiedad respectivo. Las medidas parciales y/o de los ambientes y el valor consignado de expensas mensuales, servicios y abl está sujeto a verificación y/o ajuste. Art.4 de la ley 5.859 de c.A.B.A \""para los casos de alquiler de vivienda única, el monto máximo de comisión que se le puede requerir a los propietarios será el equivalente al cuatro con quince centésimos por ciento (4,15%) del valor total del respectivo contrato. Se encuentra prohibido cobrar a los inquilinos que sean personas físicas comisiones inmobiliarias cuando el destino sea vivienda única y permanente \"". * Ley 5115 cumplimos en informar que los inmuebles \""no cuenta con acceso especial para personas con discapacidad física a menos que la publicación lo especifique \"" * en cumplimiento de la leyes vigentes que regulan el corretaje inmobiliario, ley 25.028, ley 22.802 de lealtad comercial, ley 24.240 de defensa al consumidor, las normas del código civil y comercial de la nación y constitucionales, los asesores comerciales no ejercen el corretaje inmobiliario. Todas las operaciones inmobiliarias realizadas en guimat propiedades, son objeto de intermediación y conclusión por parte de los martilleros y corredores colegiados, *\""se deja constancia de que algunas de las imágenes publicadas en el presente anuncio han sido creadas y/o editadas mediante herramientas de inteligencia artificial, siendo las mismas meramente ilustrativas y orientativas, por lo que no necesariamente reflejan el estado actual, distribución, mobiliario, dimensiones, terminaciones o condiciones reales de la unidad ofrecida en venta. El estado real del inmueble será el que surja de la visita presencial, documentación correspondiente y constatación directa por parte del interesado. WhatsApp Contactar""}",
a0b9e378efc7e27318ca,Argenprop,https://www.argenprop.com/departamento-en-venta-en-recoleta-2-ambientes--19967687,2026-08-16T00:26:10.209282+00:00,https://www.argenprop.com/departamentos/venta/capital-federal,2,200,1,modo_listado_sin_ficha_detallada,2 Ambientes 47m2 Facultad de Medicina,,venta,departamento,,,,,USD,87000.0,USD 87.000 + $162.600 expensas,ARS,162500.0,expensas $162.500,1851.06,"Viamonte 1800, Piso 3",Viamonte,1800,3,,,,,,,,,,2,1,,,,47.0,,,,,,,,,,,,,,,,,,,,,,,,,,,,,,,,,,,,,,,,,,,,,,9,https://www.argenprop.com/static-content/78676991/284ccf18-a803-4a34-b465-bef30f1f5f86_u_small.jpg,,,1,"{""texto_tarjeta"": ""+ 10 Ver más fotos 1 /18 Visto 29.013 USD 87.000 &plus; $162.600 expensas Viamonte 1800, Piso 3 Departamento en Venta en Recoleta, Capital Federal 47 m² cubie. 1 dorm. 47 años 2 Ambientes 47m2 Facultad de Medicina Venta de departamento 2 ambientes en recoleta, capital federal 2 ambientes 47m2 en la zona de facultades 3er piso a la calle, luminoso equipado full con 2 aires acondicionados, pisos de parquet en excelente estado dormitorio amplio con sommier de dos plazas, placard empotrado amplio. Baño completo con bañera. Muy cercano a facultades, subtes, av. Cordoba, av callao. Precio us$ 87.000 expensas $162.500 tomas tripputi - mat. Cucicba n 7969 aviso todas las propiedades que figuran en nuestra cartera se encuentran a cargo del profesional matriculado de la oficina, la intermediación y la conclusión de las operaciones serán llevadas exclusivamente por él los precios de expensas e impuestos son en base a los ultimas liquidaciones y pueden variar. WhatsApp Contactar""}",
984d6958ce1699658647,Argenprop,https://www.argenprop.com/departamento-en-venta-en-recoleta-3-ambientes--19324679,2026-08-16T00:26:10.224252+00:00,https://www.argenprop.com/departamentos/venta/capital-federal,2,200,1,modo_listado_sin_ficha_detallada,Recoleta Piso 3 ambientes toilletes dependencia cocina indep. de epoca bien cuidado 2 balcones,,venta,departamento,,,,,USD,195000.0,USD 195.000 + $364.000 expensas,,,,2166.67,José E. Carballido 1300,José E. Carballido,1300,,,,,,,,,,,3,2,,,,90.0,,,,,,,,,,,,,,,,,,,,,,,,,,,,,,,,,,,,,,,,,,,,,,9,https://www.argenprop.com/static-content/97642391/4c0d47d9-ca74-4bd8-8b96-558fc000e764_u_small.jpg,,,1,"{""texto_tarjeta"": ""+ 47 Ver más fotos 1 /55 Visto 29.012 USD 195.000 &plus; $364.000 expensas José E. Carballido 1300 Departamento en Venta en Recoleta, Capital Federal 90 m² cubie. 2 dorm. 60 años Recoleta Piso 3 ambientes toilletes dependencia cocina indep. de epoca bien cuidado 2 balcones Recoleta | 3 ambientes con dependencia | palier privado y balcones ubicado en una de las zonas más buscadas de recoleta, este luminoso departamento combina amplitud, funcionalidad y una excelente distribución. La unidad cuenta con palier privado que da ingreso a un amplio living-comedor con salida a balcón al frente, generando un agradable espacio de expansión y gran ingreso de luz natural. Dispone de dos cómodos dormitorios, ambos con ventilación al exterior, uno de ellos con salida a balcón. La cocina fue mejorada y ofrece un espacio práctico y funcional para el día a día. Completa la propiedad una dependencia de servicio con múltiples posibilidades de uso: escritorio, tercer dormitorio, espacio de trabajo o guardado. Todos los ambientes ventilan a la calle, lo que garantiza excelente luminosidad y ventilación cruzada durante todo el día. Una oportunidad ideal para quienes buscan vivir en una ubicación estratégica de recoleta, rodeados de servicios, espacios verdes, propuestas gastronómicas y excelente conectividad. Características destacadas: - palier privado - living-comedor amplio con salida a balcón - dos dormitorios exteriores - segundo balcón en dormitorio - cocina actualizada - dependencia de servicio - todos los ambientes al exterior - excelente ubicación en recoleta expensas junio 2026 $364.000 corredores inmobiliarios responsables adrian ridelnik cucicba mat 197. Y mauro ridelnik cucicba mat 6933 y cmcpsi 7060 todas las operaciones en las que participen nuestros asesores comerciales independientes son gestionadas, supervisadas y monitoreadas por un corredor público debidamente matriculado. *Se deja constancia que las medidas y superficies indicados son aproximados y al sólo efecto orientativo. Las medidas reales surgirán del título de propiedad respectivo. Las medidas parciales y/o de los ambientes y el valor consignado de expensas mensuales, servicios y abl está sujeto a verificación y/o ajuste. Art.4 de la ley 5.859 de c.A.B.A \""para los casos de alquiler de vivienda única, el monto máximo de comisión que se le puede requerir a los propietarios será el equivalente al cuatro con quince centésimos por ciento (4,15%) del valor total del respectivo contrato. Se encuentra prohibido cobrar a los inquilinos que sean personas físicas comisiones inmobiliarias cuando el destino sea vivienda única y permanente \"". * Ley 5115 cumplimos en informar que los inmuebles \""no cuenta con acceso especial para personas con discapacidad física a menos que la publicación lo especifique \"" * en cumplimiento de la leyes vigentes que regulan el corretaje inmobiliario, ley 25.028, ley 22.802 de lealtad comercial, ley 24.240 de defensa al consumidor, las normas del código civil y comercial de la nación y constitucionales, los asesores comerciales no ejercen el corretaje inmobiliario. Todas las operaciones inmobiliarias realizadas en guimat propiedades, son objeto de intermediación y conclusión por parte de los martilleros y corredores colegiados, *\""se deja constancia de que algunas de las imágenes publicadas en el presente anuncio han sido creadas y/o editadas mediante herramientas de inteligencia artificial, siendo las mismas meramente ilustrativas y orientativas, por lo que no necesariamente reflejan el estado actual, distribución, mobiliario, dimensiones, terminaciones o condiciones reales de la unidad ofrecida en venta. El estado real del inmueble será el que surja de la visita presencial, documentación correspondiente y constatación directa por parte del interesado. WhatsApp Contactar""}",
677de5da206f6d1140de,Argenprop,https://www.argenprop.com/departamento-en-venta-en-recoleta-3-ambientes--18380345,2026-08-16T00:26:10.237879+00:00,https://www.argenprop.com/departamentos/venta/capital-federal,2,200,1,modo_listado_sin_ficha_detallada,Departamento de 3 ambientes con balcón terraza.,,venta,departamento,,,,,USD,198000.0,USD 198.000 + $400.000 expensas,,,,3413.79,Laprida 1700,Laprida,1700,,,,,,,,,,,3,2,,,,58.0,,,,,,,,,,,,,,,,,,,,,,,,,,,,,,,,,,,,,,,,,,,,,,9,https://www.argenprop.com/static-content/54308381/f995f565-ed2d-459e-914a-44a12c147efe_u_small.jpg,,,1,"{""texto_tarjeta"": ""+ 12 Ver más fotos 1 /20 Visto 29.000 USD 198.000 &plus; $400.000 expensas Laprida 1700 Departamento en Venta en Recoleta, Capital Federal 58 m² cubie. 2 dorm. 55 años Departamento de 3 ambientes con balcón terraza. Salaya romera propiedades ofrece en venta un departamento de 3 ambientes con amplia terraza, única en la zona. Ubicado en el 8 piso, cuenta con un diseño cómodo y funcional. La cocina, separada y de generosas dimensiones, recibe abundante luz natural. Dispone de artefacto de cocina a gas, calefón para agua caliente y conexión para lavarropas. El living comedor se destaca por su luminosidad, con pisos de parquet en muy buen estado, ventanales nuevos que permiten la salida al balcón terraza y una estufa a gas para calefacción. El dormitorio principal, al frente, cuenta con placard de puertas corredizas y ventanas al balcon ofreciendo una vista abierta y gran ingreso de luz. El segundo dormitorio, al contrafrente, también es luminoso y posee un placard de piso a techo con puertas corredizas. Baño completo, con bañera, moderno. Dado que tiene ventana posee luz natural y mejora su ventilacion natural. El balcón terraza es, sin dudas, el gran atractivo del departamento: un espacio ideal para disfrutar del aire libre y de una vista arbolada que aporta tranquilidad y verde a la vida cotidiana. Encargado con vivienda. Ubicación: laprida al 1700, entre juncal y french, en pleno corazón de recoleta. Excelente entorno residencial, con cercanía a av. Santa fe, subte d y h (estación pueyrredón) y múltiples líneas de colectivos. Zona con gran oferta gastronómica, comercial y de servicios, además de su proximidad a facultades de la uba, hospitales y espacios verdes. Agende su visita! Actualice el valor de su propiedad. Solicite tasación. Las imágenes aquí contenidas han sido incluídas al solo y único efecto ilustrativo de esta presentación. Las medidas son aproximadas y han sido suministradas por los propietarios. Cucicba 3638 WhatsApp Contactar""}",
5faafadcccb31ddaf202,Argenprop,https://www.argenprop.com/departamento-en-venta-en-caballito-3-ambientes--18449988,2026-08-16T00:26:10.253476+00:00,https://www.argenprop.com/departamentos/venta/capital-federal,2,200,1,modo_listado_sin_ficha_detallada,VENTA 3 AMB CABALLITO MUY BUEN ESTADO CON PATIO,,venta,departamento,,,,,USD,115000.0,USD 115.000,,,,1150.0,Avenida Pedro Goyena 100,Avenida Pedro Goyena,100,edro,,,,,,,,,,3,2,1,,,100.0,,,,,,,,,,,,,,,,,,,,,,,,,,,,,,,,,,,,,,,,,,,,,,9,https://www.argenprop.com/static-content/88994481/3ce88d45-fbaa-4ab9-9657-346d40d5d723_u_small.jpg,,,1,"{""texto_tarjeta"": ""+ 12 Ver más fotos 1 /20 Visto 27.909 USD 115.000 Avenida Pedro Goyena 100 Departamento en Venta en Caballito, CABA 2 dorm. 1 baño 3 ambientes VENTA 3 AMB CABALLITO MUY BUEN ESTADO CON PATIO Venta 3 amb pb caballito pedro goyena al 100 entre doblas y senillosa a 100 m2 av. La plata proximidad subte linea \""e\"" estacion av. La plata sup total: 60 m2 2 dormitorios ambos con placard dos patios cubiertos cocina amplia muebles bajo y sobre mesada muy buen estado depto.muy buen estado edificio u$s 115.000 escucho ofertas el edificio no dispone de medios de accesibilidad para personas con discapacidades fisicas. Si desea ser contactado por este inmueble dejenos un tel. O correo electrónico. Se deja constancia que las medidas, superficies y m2 consignados son aproximados, sujetos a verificación y/o ajuste. El precio del inmueble puede ser modificado sin previo aviso. Fotos de carácter no contractual. Para mas informacion contactarse de lunes a viernes de 10 a 13 y/ó de 15 a 19 hs. Al y/o venta supeditada al cumplimiento de los requisitos de la resolucion general nº 2371 de la afip (pedido coti) Contactar""}",
ec1679df98fa8da3c069,Argenprop,https://www.argenprop.com/departamento-en-venta-en-belgrano-r-3-ambientes--19854185,2026-08-16T00:26:10.268453+00:00,https://www.argenprop.com/departamentos/venta/capital-federal,2,200,1,modo_listado_sin_ficha_detallada,"90m2 Semipisos de 3 Ambientes con balcon terraza, Blanco encalada y Tronador.",,venta,departamento,,,,,USD,250000.0,USD 250.000,,,,3205.13,Blanco Encalada 3900,Blanco Encalada,3900,,,,,,,,,,,3,2,3,,,78.0,,,,,,,,,,,,,,,,,,,,,,,,,,,,,,,,,,,,,,,,,,,,,,9,https://www.argenprop.com/static-content/58145891/537444eb-5b22-4139-9435-dedec879eece_u_small.jpg,,,1,"{""texto_tarjeta"": ""+ 9 Ver más fotos 1 /17 Visto 27.400 USD 250.000 Blanco Encalada 3900 Departamento en Venta en Belgrano R, Belgrano 78 m² cubie. 2 dorm. 3 baños 90m2 Semipisos de 3 Ambientes con balcon terraza, Blanco encalada y Tronador. Excelente semipiso de 3 ambientes con balcón aterrazado. Entrega marzo 2027, obra en curso ubicado en una de las zonas más cotizadas de la ciudad, sobre blanco encalada, entre tronador y plaza, en el límite entre villa urquiza y belgrano r, este semipiso en construcción será una verdadera joya de diseño y confort. Este moderno departamento de 3 ambientes contará con un amplio balcón aterrazado que te permitirá disfrutar de vistas abiertas y de un espacio único al aire libre, ideal para relajarte o compartir momentos al aire libre. La distribución interna está pensada para maximizar el confort y la funcionalidad: 2 dormitorios en suite, con baños completos y placares de excelente calidad, brindando privacidad y comodidad. Toilette de recepción, perfecto para visitas y para complementar la zona social del departamento. El proyecto está a cargo del reconocido estudio de arquitectura arq. Peleritti, que garantiza una obra de calidad premium, con materiales de primera línea y un diseño contemporáneo que destaca por su elegancia y optimización de espacios. Características destacadas: balcón aterrazado de generosas dimensiones 2 suites con placard y baño privado toilette de recepción excelente distribución y luminosidad natural amplios ventanales que brindan vistas despejadas proyecto de alta calidad constructiva ubicado en una zona residencial de alto crecimiento, con excelente conectividad y cercanía a los principales accesos de la ciudad, colegios, comercios y áreas recreativas, este semipiso ofrece una oportunidad única para vivir con el máximo confort y estilo. No pierdas la oportunidad de invertir en tu futuro hogar! Contactanos para más detalles y consulta por disponibilidad de unidades. Entrega marzo 2027 el edificio estará compuesto por pb y 7 pisos, de semipisos de 3 ambientes y 1 dos ambientes en el piso 7 conformando un total de 14 unidades revestimientos porcelanatos y/o pisos vinilico spc, aberuras de aluminio anodozado, puertas oblak. Muebles de cocina con bajo mesada y alacena completos e interior y frente en melamina faplac o similar. Placard y vestidor abierto, de piso a techo en dormitorios con interior completo y puertas. Horno y anafe de cuatro hornallas electricos ariston o longvie o similar. Agua caliente mediante termotanque eléctrico individual. Preintalación de aire acondicionado. Preinstalación de lavarropas en cocina. Instalación sanitaria completa. Instalación eléctrica completa según normas vigentes de edenor. Inodoros y bidet de losa blanca linea ferrum bari. Receptáculos de ducha con desagotes escondidos. Bacha en baños de losa. Mesada silestone o similar y bacha de cocina marca jhonson o similar. Corredores inmobiliarios responsables adrian ridelnik cucicba mat 197. Y mauro ridelnik cucicba mat 6933 y cmcpsi 7060 todas las operaciones en las que participen nuestros asesores comerciales independientes son gestionadas, supervisadas y monitoreadas por un corredor público debidamente matriculado. *Se deja constancia que las medidas y superficies indicados son aproximados y al sólo efecto orientativo. Las medidas reales surgirán del título de propiedad respectivo. Las medidas parciales y/o de los ambientes y el valor consignado de expensas mensuales, servicios y abl está sujeto a verificación y/o ajuste. Art.4 de la ley 5.859 de c.A.B.A \""para los casos de alquiler de vivienda única, el monto máximo de comisión que se le puede requerir a los propietarios será el equivalente al cuatro con quince centésimos por ciento (4,15%) del valor total del respectivo contrato. Se encuentra prohibido cobrar a los inquilinos que sean personas físicas comisiones inmobiliarias cuando el destino sea vivienda única y permanente \"". * Ley 5115 cumplimos en informar que los inmuebles \""no cuenta con acceso especial para personas con discapacidad física a menos que la publicación lo especifique \"" * en cumplimiento de la leyes vigentes que regulan el corretaje inmobiliario, ley 25.028, ley 22.802 de lealtad comercial, ley 24.240 de defensa al consumidor, las normas del código civil y comercial de la nación y constitucionales, los asesores comerciales no ejercen el corretaje inmobiliario. Todas las operaciones inmobiliarias realizadas en guimat propiedades, son objeto de intermediación y conclusión por parte de los martilleros y corredores colegiados, *\""se deja constancia de que algunas de las imágenes publicadas en el presente anuncio han sido creadas y/o editadas mediante herramientas de inteligencia artificial, siendo las mismas meramente ilustrativas y orientativas, por lo que no necesariamente reflejan el estado actual, distribución, mobiliario, dimensiones, terminaciones o condiciones reales de la unidad ofrecida en venta. El estado real del inmueble será el que surja de la visita presencial, documentación correspondiente y constatación directa por parte del interesado. WhatsApp Contactar""}",
52a67269755890197849,Argenprop,https://www.argenprop.com/departamento-en-venta-en-caballito-5-ambientes--19233237,2026-08-16T00:26:10.285357+00:00,https://www.argenprop.com/departamentos/venta/capital-federal,2,200,1,modo_listado_sin_ficha_detallada,"Semi piso 4 amb al frente, con dep. balcón y cochera s/P.Goyena",,venta,departamento,,,,,USD,300000.0,USD 300.000,,,,2857.14,Avenida Pedro Goyena 1600,Avenida Pedro Goyena,1600,edro,,,,,,,,,,4,3,,,,105.0,,,,,,,,,,,,,,,,,,,,,,,,,,,,,,,,,,,,,,,,,,,,,,9,https://www.argenprop.com/static-content/73233291/b43c79ff-b0f5-488d-a31f-64fbbaa77f9b_u_small.jpg,,,1,"{""texto_tarjeta"": ""+ 26 Ver más fotos 1 /34 Visto 25.000 USD 300.000 Avenida Pedro Goyena 1600 Departamento en Venta en Caballito, Capital Federal 105 m² cubie. 3 dorm. 30 años Semi piso 4 amb al frente, con dep. balcón y cochera s/P.Goyena WhatsApp Contactar""}",
53ce952c6693261e2cfb,Argenprop,https://www.argenprop.com/departamento-en-venta-en-caballito-norte-2-ambientes--19674088,2026-08-16T00:26:10.301329+00:00,https://www.argenprop.com/departamentos/venta/capital-federal,2,200,1,modo_listado_sin_ficha_detallada,2 Amb en suite - Caballito - Arengreen y Av. Honorio Pueyrredon,,venta,departamento,,,,,USD,124000.0,USD 124.000 + $210.000 expensas,,,,2818.18,Arengreen 600,Arengreen,600,,,,,,,,,,,2,1,,,,44.0,,,,,,,,,,,,,,,,,,,,,,,,,,,,,,,,,,,,,,,,,,,,,,9,https://www.argenprop.com/static-content/88047691/dfc1eced-38fd-4431-b3ab-9221de2a9bb9_u_small.jpg,,,1,"{""texto_tarjeta"": ""+ 19 Ver más fotos 1 /27 Visto 25.000 USD 124.000 &plus; $210.000 expensas Arengreen 600 Departamento en Venta en Caballito Norte, Caballito 44 m² cubie. 1 dorm. 7 años 2 Amb en suite - Caballito - Arengreen y Av. Honorio Pueyrredon Dos amb. En suite al contrafrente con balcon - 47m2 caballito excelente departamento de 2 ambientes en suite, ubicado al contrafrente con balcón, ideal para quienes buscan comodidad, funcionalidad y una propiedad en impecable estado. La unidad cuenta con un luminoso living con aire acondicionado inverter y pico de gas. Amplia cocina independiente con muy buen espacio de guardado, sector para lavarropas y calefón. El dormitorio en suite posee ventilación al exterior, amplio placard y estufa de tiro balanceado, ofreciendo confort durante todo el año. El edificio tiene solo 6 años de antiguedad y se encuentra en excelente estado de conservación. Cuenta con ascensor moderno y muy buen mantenimiento general. Excelente ubicación. Conectividad con múltiples transportes. Una oportunidad ideal tanto para vivienda permanente como para inversión. Contactanos para coordinar una visita. Corredores inmobiliarios responsables adrian ridelnik cucicba mat 197. Y mauro ridelnik cucicba mat 6933 y cmcpsi 7060 todas las operaciones en las que participen nuestros asesores comerciales independientes son gestionadas, supervisadas y monitoreadas por un corredor público debidamente matriculado. *Se deja constancia que las medidas y superficies indicados son aproximados y al sólo efecto orientativo. Las medidas reales surgirán del título de propiedad respectivo. Las medidas parciales y/o de los ambientes y el valor consignado de expensas mensuales, servicios y abl está sujeto a verificación y/o ajuste. Art.4 de la ley 5.859 de c.A.B.A \""para los casos de alquiler de vivienda única, el monto máximo de comisión que se le puede requerir a los propietarios será el equivalente al cuatro con quince centésimos por ciento (4,15%) del valor total del respectivo contrato. Se encuentra prohibido cobrar a los inquilinos que sean personas físicas comisiones inmobiliarias cuando el destino sea vivienda única y permanente \"". * Ley 5115 cumplimos en informar que los inmuebles \""no cuenta con acceso especial para personas con discapacidad física a menos que la publicación lo especifique \"" * en cumplimiento de la leyes vigentes que regulan el corretaje inmobiliario, ley 25.028, ley 22.802 de lealtad comercial, ley 24.240 de defensa al consumidor, las normas del código civil y comercial de la nación y constitucionales, los asesores comerciales no ejercen el corretaje inmobiliario. Todas las operaciones inmobiliarias realizadas en guimat propiedades, son objeto de intermediación y conclusión por parte de los martilleros y corredores colegiados, *\""se deja constancia de que algunas de las imágenes publicadas en el presente anuncio han sido creadas y/o editadas mediante herramientas de inteligencia artificial, siendo las mismas meramente ilustrativas y orientativas, por lo que no necesariamente reflejan el estado actual, distribución, mobiliario, dimensiones, terminaciones o condiciones reales de la unidad ofrecida en venta. El estado real del inmueble será el que surja de la visita presencial, documentación correspondiente y constatación directa por parte del interesado. WhatsApp Contactar""}",
38c9ab365e72ee1f58cb,Argenprop,https://www.argenprop.com/departamento-en-venta-en-caballito-2-ambientes--19340086,2026-08-16T00:26:10.316565+00:00,https://www.argenprop.com/departamentos/venta/capital-federal,2,200,1,modo_listado_sin_ficha_detallada,"Departamento - Venta - Argentina, Capital Federal - Av. rivadavia 3984",,venta,departamento,,,,,USD,118000.0,USD 118.000 + $126.000 expensas,ARS,126000.0,expensas $126.000,1761.19,"Avenida Rivadavia 3900, Piso 1",Avenida Rivadavia,3900,1,,,,,,,,,,2,1,,,,67.0,,,,,,,,,,,,,,,,,,,,,,,,,,,,,,,,,,,,,,,,,,,,,,9,https://www.argenprop.com/static-content/68004391/6ad7b976-59b0-4616-bec0-bebf33e002d3_u_small.jpg,,,1,"{""texto_tarjeta"": ""+ 17 Ver más fotos 1 /25 Visto 24.300 USD 118.000 &plus; $126.000 expensas Avenida Rivadavia 3900, Piso 1 Departamento en Venta en Caballito, Capital Federal 67 m² cubie. 1 dorm. 51 años Departamento - Venta - Argentina, Capital Federal - Av. rivadavia 3984 Venta de departamento en caballito, capital federal 2 ambientes refaccionado de 67m2con patio en caballito ubicado en av. Rivadavia al 3900, zona hospital italiano. 1er piso con patio. Superficie cubierta 45m2 superficie descubierta: 22m2 superficie total: 67m2 unidad con pisos de parquet, cocina y baño hechos a nuevo. Living comedor con aire acondicionado frio/calor cocina en linea todo a nuevo, equipada con cocina a gas, alacenas y bajo mesadas amplios y salida a un lavadero independiente. Termotanque eléctrico habitación amplia con aire acondicionado frio/calor, y placard empotrado amplio el patio es corrido con la cocina y con el dormitorio. Baño completo hecho a nuevo con mampara de vidrio. Ubicado en av. Rivadavia entre castro barros y yapeyú. A metros del subte linea \""a\"" estación castro barros, hospital italiano. Zona con gran oferta de comercios, gimnasios, transportes, etc. Edificio de tantos 19 pisos, 15 unidades en los primeros pisos y luego tiene 10 por piso 3 ascensores precio de venta us$ 118.000 (no incluye equipamiento) expensas $126.000 tomas tripputi - mat. Cucicba n 7969 aviso todas las propiedades que figuran en nuestra cartera se encuentran a cargo del profesional matriculado de la oficina, la intermediación y la conclusión de las operaciones serán llevadas exclusivamente por él los precios de expensas e impuestos son en base a los ultimas liquidaciones y pueden variar. WhatsApp Contactar""}",
698ca9503341c5936ac0,Argenprop,https://www.argenprop.com/departamento-en-venta-en-belgrano--4755684,2026-08-16T00:26:14.623004+00:00,https://www.argenprop.com/departamentos/venta/capital-federal,3,200,1,modo_listado_sin_ficha_detallada,"DUEÑO VENDE SEMIPISO 100 M2, MUY LUMINOSO",,venta,departamento,,,,,USD,230000.0,USD 230.000 + $450.000 expensas,,,,2395.83,"Arcos 2700, Piso 4",Arcos,2700,4,,,,,,,,,,,4,,,,96.0,,,,,,,,,,,,,,,,,,,,,,,,,,,,,,,,,,,,,,,,,,,,,,8,https://www.argenprop.com/static-content/4865574/b3f886de-6523-4914-a3c5-bcc9a4abb4bb_u_small.jpg,,,1,"{""texto_tarjeta"": ""+ 12 Ver más fotos 1 /20 Visto 23.688 USD 230.000 &plus; $450.000 expensas Arcos 2700, Piso 4 Departamento en Venta en Belgrano, CABA 96 m² cubie. 4 dorm. 45 años DUEÑO VENDE SEMIPISO 100 M2, MUY LUMINOSO Semipiso al frente, en edificio torre sobre calle arcos esquina ugarte, a 20 m de plaza alberti y a 3 cuadras de av. Cabildo (metrobus) y subte estación congreso. Muy luminoso, todos los ambientes tienen ventilación natural. Recién pintado. Pisos de parquet plastificado. Amplio living comedor en l con balcón corrido sobre arcos. Tres dormitorios con placares empotrados, escritorio o 4to. Dormitorio. Cocina y lavadero independiente, con salida a segundo balcón al contrafrente. Baño completo reciclado, toilette con ducha. Agua caliente por termotanque eléctrico. Calefacción living comedor tiro balanceado con termostato. En dormitorios placas calefactoras eléctricas de bajo consumo. Hay cocheras en venta a la vuelta. No es apto profesional. Se permiten mascotas. Sin comisiones esperamos tu llamado para coordinar visita. WhatsApp Contactar""}",
d702dcc4a610e6eb71e0,Argenprop,https://www.argenprop.com/departamento-en-venta-en-caballito-3-ambientes--20071077,2026-08-16T00:26:14.639154+00:00,https://www.argenprop.com/departamentos/venta/capital-federal,3,200,1,modo_listado_sin_ficha_detallada,Martín de Gainza 445,,venta,departamento,,,,,USD,200000.0,USD 200.000 + $150.000 expensas,,,,2941.18,General Martín De Gainza 400,General Martín De Gainza,400,,,,,,,,,,,3,2,1,,,68.0,,,,,,,,,,,,,,,,,,,,,,,,,,,,,,,,,,,,,,,,,,,,,,8,https://www.argenprop.com/static-content/77017002/d6820a60-7819-442c-a059-7d3f36c56860_u_small.jpg,,,1,"{""texto_tarjeta"": ""+ 5 Ver más fotos 1 /13 Visto 23.576 USD 200.000 &plus; $150.000 expensas General Martín De Gainza 400 Departamento en Venta en Caballito, CABA 2 dorm. A Estrenar 1 baño Martín de Gainza 445 Excelente 3 ambientes de categoría en caballito – 68 m² – edificio moderno excelente departamento de 3 ambientes ubicado en una de las zonas más buscadas de caballito, sobre una calle tranquila y a pocos metros de av. Avellaneda, con rápido acceso a múltiples medios de transporte, comercios, colegios y espacios cuenta con 68 m² totales, distribuidos en: * amplio living-comedor con salida al balcón. * Balcón con vista abierta al contrafrente. * Cocina independiente de diseño moderno, con gran espacio de guardado. * Lavadero independiente. * Toilette de recepción. * Dormitorio principal con placard de piso a techo. * Segundo dormitorio con placard. * Baño completo con excelentes terminaciones. El departamento se encuentra en un edificio de construcción reciente, con detalles de calidad, ambientes amplios y excelente nivel constructivo. Entre sus características se destacan: ? Pisos de porcelanato en todos los ambientes. ? Aire acondicionado instalado. ? Placares completos con interiores. ? Carpinterías de aluminio de excelente calidad. ? Cocina equipada con muebles bajo mesada y alacenas. ? Mesadas de granito. ? Caldera individual para agua caliente y calefacción. ? Muy buena iluminación natural en todos los ambientes. WhatsApp Contactar""}",
6051ad43d22cfab35a15,Argenprop,https://www.argenprop.com/departamento-en-venta-en-parque-rivadavia-3-ambientes--18216571,2026-08-16T00:26:14.653187+00:00,https://www.argenprop.com/departamentos/venta/capital-federal,3,200,1,modo_listado_sin_ficha_detallada,Dueño Directo: 3 Ambientes con Cochera en Caballito,,venta,departamento,,,,,USD,129000.0,USD 129.000 + $240.000 expensas,,,,2263.16,"Rio De Janeiro 200, Piso 1",Rio De Janeiro,200,1,,,,,,,,,,3,2,,,,57.0,,,,,,,,,,,,,,,,,,,,,,,,,,,,,,,,,,,,,,,,,,,,,,8,https://www.argenprop.com/static-content/17561281/5fd3311d-fce6-4e7b-8fb8-de58b5d68135_u_small.jpg,,,1,"{""texto_tarjeta"": ""+ 16 Ver más fotos 1 /24 Visto 23.446 USD 129.000 &plus; $240.000 expensas Rio De Janeiro 200, Piso 1 Departamento en Venta en Parque Rivadavia, Caballito 57 m² cubie. 2 dorm. 20 años Dueño Directo: 3 Ambientes con Cochera en Caballito Departamento de 3 ambientes en caballito, apto crédito, con cochera fija incluida en la escritura y balcón. Superficie total de 57 m². Muy luminoso, con orientación sur. Excelente ubicación sobre río de janeiro, cerca del subte a, parque rivadavia y múltiples medios de transporte. La unidad cuenta con living comedor, 2 dormitorios, balcón y cochera fija. Muy buena distribución y ambientes funcionales. Disponibilidad inmediata. Apto profesional. Apto mascotas WhatsApp Contactar""}",
ce63f292265677ce46d0,Argenprop,https://www.argenprop.com/departamento-en-venta-en-almagro-1-ambiente--16661507,2026-08-16T00:26:14.923038+00:00,https://www.argenprop.com/departamentos/venta/capital-federal,3,200,1,modo_listado_sin_ficha_detallada,Lavalle Plaza,,venta,departamento,,,,,USD,73750.0,USD 73.750,,,,2543.1,"Lavalle 4000, Piso 3",Lavalle,4000,3,,,,,,,,,,2,,1,,,29.0,,,,,,,,,,,,,,,,,,,,,,,,,,,,,,,,,,,,,,,,,,,,,,9,https://www.argenprop.com/static-content/70516661/ac17e654-67e2-4112-98c3-8b5e415ff0b8_u_small.jpg,,,1,"{""texto_tarjeta"": ""+ 25 Ver más fotos 1 /33 Visto 23.000 USD 73.750 Lavalle 4000, Piso 3 Departamento en Venta en Almagro, Capital Federal 29 m² cubie. En pozo 1 baño Lavalle Plaza Venta de departamento monoambiente en almagro, capital federal. Lavalle plaza es un diseño arquitectónico que se desarrollará en 8 pisos. Constará de departamentos de 1 y 2 ambientes. Ubicado a media cuadra de av. Córdoba y av. Medrano. Con cercanía a plaza centenario y plaza almagro. Unidad de 30.67 m2 al contrafrente de 1 ambiente, luminoso con pisos de porcellanato. En el baño se utilizarán artefactos sanitarios rocca, ferrum o similar. Grifería sanitaria y accesorios fv o similar al igual que en la grifería de la cocina. Pisos y paredes del baño en cerámica esmaltada o porcelanato. En la cocina las mesadas serán de mármol o granito, muebles en melamina blanca con cantos abs. Hornos y anafes vitrocerámicos eléctricos. Provisión de puertas corredizas en melamina blanca para placares. Contará con pre-instalación de equipos split frío/calor. El laundry se ubicará en el piso 2º y 5º. Las medidas son solo a efecto orientativo, las reales surgirán del plano de subdivisión una vez finalizado el proyecto. Lepore propiedades / wp. Lepore propiedades s.A. Cuit : -9 c.U.C.I.C.B.A. Matrícula nº 931 (sucursales caballito - palermo - centro) aviso legal: las descripciones arquitectónicas y funcionales, valores de expensas, impuestos y servicios, fotos y medidas de este inmueble son aproximados. Los datos fueron proporcionados por el propietario y pueden no estar actualizados a la hora de la visualización de este aviso por lo cual pueden arrojar inexactitudes y discordancias con las que surgen de los las facturas, títulos y planos legales del inmueble. El interesado deberá realizar las verificaciones respectivas previamente a la realización de cualquier operación, requiriendo por sí o sus profesionales las copias necesarias de la documentación que corresponda. Venta supeditada al cumplimiento por parte del propietario de los requisitos de la resolución general nº 2371 de la afip (pedido de coti) propiedad según ley 5115 la accesibilidad para las personas con discapacidades físicas. \""Accesible\"" WhatsApp Contactar""}",
07d0fd1024f63a4337ca,Argenprop,https://www.argenprop.com/departamento-en-venta-en-botanico-3-ambientes--19596287,2026-08-16T00:26:14.937351+00:00,https://www.argenprop.com/departamentos/venta/capital-federal,3,200,1,modo_listado_sin_ficha_detallada,Inversión Inteligente en una Ubicación Inmejorable,,venta,departamento,,,,,USD,108000.0,USD 108.000 + $300.000 expensas,,,,2400.0,"Avenida Santa Fe 2800, Piso 8",Avenida Santa Fe,2800,8,,,,,,,,,,3,2,2,,,45.0,,,,,,,,,,,,,,,,,,,,,,,,,,,,,,,,,,,,,,,,,,,,,,8,https://www.argenprop.com/static-content/78269591/ffdb2504-0f9d-4862-a3ed-6252be6b9ed5_u_small.jpg,,,1,"{""texto_tarjeta"": ""+ 12 Ver más fotos 1 /20 Visto 22.273 USD 108.000 &plus; $300.000 expensas Avenida Santa Fe 2800, Piso 8 Departamento en Venta en Botanico, Palermo 45 m² cubie. 2 dorm. 40 años Inversión Inteligente en una Ubicación Inmejorable Excelente departamento 3 ambientes / reciclado/apto profesional/apto crédito luminoso y funcional, este excelente departamento cuenta con 3 ambientes de 45m2, bien distribuidos , 2 baños , espacios cómodos que se adaptan tanto a vivienda permanente como a uso profesional. Ubicación privilegiada: av. Santa fe y agüero en pleno corazón de la ciudad, rodeado de los principales puntos de interés: cercano de plaza italia y el jardín botánico a pasos del alto palermo shopping próximo a recoleta, cementerio y centros culturales subte línea d y múltiples líneas de colectivo zona gastronómica con gran variedad de bares y restaurantes universidades cercanas: facultad de medicina (uba) facultad de odontología (uba) facultad de ciencias económicas (uba) universidad de palermo ambientes amplios y luminosos excelente entrada de luz natural muy buen precio perfecto para vivir o para destinar a alquiler turístico, con gran potencial de renta. Una propiedad digna de ver. Esperamos tu visita. WhatsApp Contactar""}",
8749549073763e764358,Argenprop,https://www.argenprop.com/departamento-en-venta-en-almagro-3-ambientes--16780376,2026-08-16T00:26:14.952942+00:00,https://www.argenprop.com/departamentos/venta/capital-federal,3,200,1,modo_listado_sin_ficha_detallada,Quito 4330,,venta,departamento,,,,,USD,198000.0,USD 198.000 + $232.000 expensas,,,,3300.0,"Quito 4300, Piso 11",Quito,4300,11,,,,,,,,,,3,2,2,,1,60.0,,,,,,,,,,,,,,,,,,,,,,,,,,,,,,,,,,,,,,,,,,,,,,9,https://www.argenprop.com/static-content/67308761/4575aa90-17f3-4802-b175-6f74ffecbe18_u_small.jpg,,,1,"{""texto_tarjeta"": ""+ 72 Ver más fotos 1 /80 Visto 22.002 USD 198.000 &plus; $232.000 expensas Quito 4300, Piso 11 Departamento en Venta en Almagro, Capital Federal 60 m² cubie. 2 dorm. A estrenar Quito 4330 Venta departamento 3 ambientes con terraza propia en caballito, capital federal edificio doble frente de calidad premium con amenities y unidades de 2, 3 y 4 ambientes. Ubicado en una zona estratégica, a 2 cuadras del parque rivadavia y a una cuadra del subte línea a. Combina un entorno tranquilo, pero a su vez conectado con la importante zona comercial de av rivadavia, con el cine de caballito, y con el polo gastronómico. Todo esto hace un ambiente único para vivir. Este espectacular departamento se ubica en el piso 11, al frente, y con orientación norte (la mejor luz todo el día). Cuenta con 2 baños (toilette y baño principal con ducha), 2 dormitorios (ambos con placares con interiores completos), amplio living comedor apaisado con un gran ventanal con vista y salida a una terraza propia de grandes dimensiones. Las terminaciones son de primera calidad: todas sus ventanas son con vidrio dvh (doble vidrio hermético) y en aluminio modena, cocina con mesada en silestone, mucho espacio de guardado, y bacha doble, pisos porcelanato símil madera, horno y anafes de vitrocerámica, barandas de vidrio blindex, etc. Opcional 1 cochera independiente (espacio completamente privado), con portón propio al frente pb nº3 usd 30.000.- Opcional terraza privada adicional a la propia u$s 20.000. Amenities: sum terraza con parrilla gimnasio no es apto credito las medidas son solo a efecto orientativo, las reales surgirán del plano de subdivisión una vez finalizado el proyecto. Lepore propiedades lepore propiedades s.A. Cuit : -9 c.U.C.I.C.B.A. Matrícula nº 931 (sucursales caballito - palermo - centro) aviso legal: las descripciones arquitectónicas y funcionales, valores de expensas, impuestos y servicios, fotos y medidas de este inmueble son aproximados. Los datos fueron proporcionados por el propietario y pueden no estar actualizados a la hora de la visualización de este aviso por lo cual pueden arrojar inexactitudes y discordancias con las que surgen de los las facturas, títulos y planos legales del inmueble. El interesado deberá realizar las verificaciones respectivas previamente a la realización de cualquier operación, requiriendo por sí o sus profesionales las copias necesarias de la documentación que corresponda. - WhatsApp Contactar""}",
eb18c31de58f03b3e121,Argenprop,https://www.argenprop.com/departamento-en-venta-en-caballito-norte-5-ambientes--19996309,2026-08-16T00:26:14.966130+00:00,https://www.argenprop.com/departamentos/venta/capital-federal,3,200,1,modo_listado_sin_ficha_detallada,"Venta Penthouse 5 ambientes,Sum propio con amenities y dos cocheras en Caballito Norte.",,venta,departamento,,,,,USD,950000.0,USD 950.000 + $863.000 expensas,,,,4750.0,Avenida Gaona 2200,Avenida Gaona,2200,,,,,,,,,,,5,4,,,,200.0,200.0,,,,,,,,,,,,,,,,,,,,,,,,,,,,,,,,,,,,,,,,,,,,,9,https://www.argenprop.com/static-content/90369991/1a2c30a0-f302-48f4-a3b0-ec20e49b6e67_u_small.jpg,,,1,"{""texto_tarjeta"": ""+ 40 Ver más fotos 1 /48 Visto 20.700 USD 950.000 &plus; $863.000 expensas Avenida Gaona 2200 Departamento en Venta en Caballito Norte, Caballito 200 m² cubie. 4 dorm. A Estrenar Venta Penthouse 5 ambientes,Sum propio con amenities y dos cocheras en Caballito Norte. Venta penthouse triplex 5 ambientes con terraza / pileta propia/ sum propio con cocina / dos cocheras cubiertas balcon aterrazado gaona al 2800 caballito norte / flores. Excelente penthouse triplex a estrenar. Viví la experiencia de una casa en altura. Excelente penthouse triplex a estrenar, ubicado a metros de plaza nuestra señora de la asunción y a solo 5 cuadras de plaza irlanda, en un entorno residencial arbolado y consolidado. Sus metros totales ofrecen amplitud, funcionalidad y un diferencial único: una impactante terraza privada con pileta propia, ducha exterior y parrilla propia, mas un amplio sum propio de la unidad. Espacio ideal para disfrutar en familia, recibir invitados y vivir el aire libre con total privacidad. Ubicación estratégica. Lote pasante con doble salida a av. Gaona y calle franklin, con excelente conectividad por av. Gaona, av. Boyacá, av. Juan b. Justo y av. Avellaneda. Zona residencial consolidada con cercanía a colegios, centros comerciales y múltiples líneas de transporte. Exclusiva unidad desarrollada en dúplex dentro de un moderno proyecto de dos torres, separadas por patio central. Superficies. 376,20 m2 totales 200m2 cubiertos 137,80m2 descubiertos 38 m2 semicubierto distribución 4 dormitorios principal en suite con vestidor y baño completo. 3 dormitorios con baño completo compartido. Dostoilettes de recepción uno en cada planta. Cocina americana con barra integrada al living-comedor. Lavadero independiente. Escritorio. Exterior exclusivo gran terraza privada con:pileta propia. Concepto de casa en altura con expansión propia. Detalles de confort. Losa radiante por piso. Caldera dual (agua caliente y calefacción). Dos cocheras cubiertas. Bajas expensas. Edificio accesible para personas con movilidad reducida. Una propiedad única en la zona por dimensiones, categoría, privacidad y calidad de espacios exteriores. \""Algunas imagenes han sido editadas digitalmente con fines ilustrativos para mejorar la visualización de los espacios. Las mismas pueden no reflejar con exactitud del estado actual del inmueble\"" lma broker inmobiliario matrícula n 9303. Miembro cia (cámara inmobiliaria argentina). Las medidas y características definitivas surgirán de la documentación correspondiente. Precio sujeto a modificaciones sin previo aviso. Las descripciones, imágenes, medidas, superficies, precios, valores de expensas, impuestos y servicios son aproximados y meramente orientativos. No resultan vinculantes ni obligan contractualmente a lma broker inmobiliario WhatsApp Contactar""}",
d8684383004587f385a8,Argenprop,https://www.argenprop.com/departamento-en-venta-en-balvanera-2-ambientes--19731750,2026-08-16T00:26:14.978159+00:00,https://www.argenprop.com/departamentos/venta/capital-federal,3,200,1,modo_listado_sin_ficha_detallada,Amplios 2 ambi excelente estado/ubicacion cerca subte A,,venta,departamento,,,,,USD,65000.0,USD 65.000 + $140.000 expensas,,,,1857.14,"Esparza 100, Piso 4°",Esparza,100,4,,,,,,,,,,,1,1,,,35.0,,,,,,,,,,,,,,,,,,,,,,,,,,,,,,,,,,,,,,,,,,,,,,9,https://www.argenprop.com/static-content/05713791/c2998e3c-333a-4b49-80b9-4a449d850860_u_small.jpg,,,1,"{""texto_tarjeta"": ""+ 8 Ver más fotos 1 /16 Visto 20.003 USD 65.000 &plus; $140.000 expensas Esparza 100, Piso 4° Departamento en Venta en Balvanera, Capital Federal 35 m² cubie. 1 dorm. 1 baño Amplios 2 ambi excelente estado/ubicacion cerca subte A Departamento de dos ambientes muy amplio y luminoso, amplios placares, a metros uba psicología y de av. Rivadavia. Con acceso a numerosos medios de transporte, incluyendo subte línea a. Ideal inversor venta con renta, depto alquilado hasta junio 2028 el acceso al edificio, no posee rampa para personas con discapacidad o movilidad reducida. WhatsApp Contactar""}",
235415b972f98fd130cb,Argenprop,https://www.argenprop.com/departamento-en-venta-en-almagro-2-ambientes--19690642,2026-08-16T00:26:14.990239+00:00,https://www.argenprop.com/departamentos/venta/capital-federal,3,200,1,modo_listado_sin_ficha_detallada,Depto 2 Amb. a Estrenar c/cochera y balcón corrido. Amenities. Entrega Inmediata,,venta,departamento,,,,,USD,158000.0,USD 158.000 + $110.000 expensas,,,,3160.0,Avenida Belgrano 4000,Avenida Belgrano,4000,,,,,,,,,,,2,1,,,,50.0,,,,,,,,,,,,,,,,,,,,,,,,,,,,,,,,,,,,,,,,,,,,,,9,https://www.argenprop.com/static-content/24609691/068b71cd-566d-469f-bea8-fc8490aa376d_u_small.jpg,,,1,"{""texto_tarjeta"": ""+ 24 Ver más fotos 1 /32 Visto 20.002 USD 158.000 &plus; $110.000 expensas Avenida Belgrano 4000 Departamento en Venta en Almagro, Capital Federal 50 m² cubie. 1 dorm. A Estrenar Depto 2 Amb. a Estrenar c/cochera y balcón corrido. Amenities. Entrega Inmediata Creado con el concepto de mejorar la calidad de vida diseñando cómodos espacios y grandes balcones terrazas para disfrutar, bajo estándares de construcción sustentable, nace habitat, un complejo residencial donde proyectamos tu nueva vida rodeado de naturaleza. Hábitat almagro, una propuesta diferente. Ubicado a solo 500 mts de av. Rivadavia y av. La plata, con accesos a la estación de subte de la línea a (corredor rivadavia), donde tiene lugar una gran oferta comercial, gastronómica y de entretenimiento. Además se encuentra a sólo 700 mts del parque rivadavia. Esta unidad se trata de un departamento de 2 ambientes con balcón corrido, ubicada en el sexto piso. El mismo cuenta con una cocina semi integrada al living comedor, con salida a balcón, toilette de recepción, baño completo y habitación en suite. 2 equipos de aire acondicionado instalados. Portero visor. Circuito cerrado de televisión. Full amenities: sum piscina parrilla solarium laundry espacio para biciletas sobre hábitat unidades de 1, 2, 3 y 4 ambientes, con espacios comunes, jardín, piscina, salón de uso común, parrilla, solárium y bicicletero. Estructura independiente de hormigón armado y cerramiento . Dos ascensores importados marca schindler con puerta automática. Aberturas vidrio dvh. Equipos de aire acondicionado instalados en habitación y living comedor revestimientos en baños de porcelanato. Artefactos ferrum. Griferías fv. Alacena en melamina, mesada de quarzo, bacha de acero inoxidable, grifería mono-comando, horno y anafe. El cielo raso es de yeso aplicado, yeso suspendido u hormigón visto según el caso. -Apto escriturar aviso legal: las fotos, descripciones arquitectónicas y funcionales, medidas, superficies y proporciones consignadas en esta ficha son aproximadas, no contractuales, y se presentan únicamente a modo orientativo. Los montos de expensas, tasas e impuestos deben ser confirmados, ya que dependen de la fecha en la que se obtuvo la información y podrían contener inexactitudes o diferencias respecto de los datos que surgen de las facturas, títulos de propiedad y planos legales del inmueble. Se recomienda a los interesados realizar las verificaciones correspondientes antes de concretar cualquier operación, solicitando por sí mismos o a través de sus profesionales las copias necesarias de la documentación pertinente. Los precios están sujetos a modificaciones sin previo aviso. WhatsApp Contactar""}",
7d4f3ea86b6f161b997c,Argenprop,https://www.argenprop.com/departamento-en-venta-en-balvanera-2-ambientes--19882082,2026-08-16T00:26:15.004172+00:00,https://www.argenprop.com/departamentos/venta/capital-federal,3,200,1,modo_listado_sin_ficha_detallada,2 Ambientes 47m2 Facultad de Medicina,,venta,departamento,,,,,USD,87000.0,USD 87.000 + $162.600 expensas,ARS,162500.0,expensas $162.500,1851.06,"Viamonte 1800, Piso 3",Viamonte,1800,3,,,,,,,,,,2,1,,,,47.0,,,,,,,,,,,,,,,,,,,,,,,,,,,,,,,,,,,,,,,,,,,,,,9,https://www.argenprop.com/static-content/28028891/5bbde299-4afa-410a-8956-ad5472eaeae0_u_small.jpg,,,1,"{""texto_tarjeta"": ""+ 10 Ver más fotos 1 /18 Visto 20.001 USD 87.000 &plus; $162.600 expensas Viamonte 1800, Piso 3 Departamento en Venta en Balvanera, Capital Federal 47 m² cubie. 1 dorm. 47 años 2 Ambientes 47m2 Facultad de Medicina Venta de departamento 2 ambientes en balvanera, capital federal 2 ambientes 47m2 en la zona de facultades a 50metreos de av. Callao 3er piso a la calle, luminoso ubicado en viamonte entre riobamba y av. Callao. Pisos de parquet en excelente estado en toda la unidad dormitorio amplio con placard empotrado amplio y doble ventana una de ellas con dvh baño completo con bañera. Muy cercano a facultades, subtes, av. Cordoba, av callao. Precio us$ 87.000 expensas $162.500 tomas tripputi - mat. Cucicba n 7969 aviso todas las propiedades que figuran en nuestra cartera se encuentran a cargo del profesional matriculado de la oficina, la intermediación y la conclusión de las operaciones serán llevadas exclusivamente por él los precios de expensas e impuestos son en base a los ultimas liquidaciones y pueden variar. WhatsApp Contactar""}",
176069877576201ab9af,Argenprop,https://www.argenprop.com/departamento-en-venta-en-almagro-4-ambientes--20027353,2026-08-16T00:26:15.017514+00:00,https://www.argenprop.com/departamentos/venta/capital-federal,3,200,1,modo_listado_sin_ficha_detallada,El escenario perfecto para una nueva etapa,,venta,departamento,,,,,USD,255000.0,USD 255.000 + $260.000 expensas,,,,2684.21,Bulnes 700,Bulnes,700,,,,,,,,,,,,3,,,,95.0,,,,,,,,,,,,,,,,,,,,,,,,,,,,,,,,,,,,,,,,,,,,,,9,https://www.argenprop.com/static-content/35372002/2e1b5472-52d9-4dff-9fbc-819dee6a46a7_u_small.jpg,,,1,"{""texto_tarjeta"": ""+ 14 Ver más fotos 1 /22 Visto 20.000 USD 255.000 &plus; $260.000 expensas Bulnes 700 Departamento en Venta en Almagro, Capital Federal 95 m² cubie. 3 dorm. 45 años El escenario perfecto para una nueva etapa En pleno almagro, a metros del subte, este piso al frente reúne algo que cada vez cuesta más encontrar: 100 m² perfectamente aprovechados , con ambientes amplios, luminosos y una distribución que hace que todo tenga sentido. El living invita a recibir, a compartir y a disfrutar. El balcón suma aire, luz y esa conexión con el barrio que hace que la ciudad se sienta más cerca. La cocina fue reciclada íntegramente y diseñada para quedarse. El coffee station y el comedor diario convierten el primer café de la mañana en un pequeño ritual y hacen que muchas conversaciones terminen sucediendo ahí. La renovación fue completa. Pisos de porcelanato en los espacios sociales, dormitorios revestidos con madera patagonia flooring, calefacción central, aire acondicionado y terminaciones elegidas con un criterio que privilegia la calidad antes que la moda. Tres dormitorios permiten que cada integrante encuentre su espacio. El toilette aporta comodidad para las visitas y el lavadero independiente resuelve el día a día sin invadir los ambientes principales. El edificio acompaña la categoría de la propiedad: dos ascensores, encargado con vivienda y la tranquilidad de una construcción sólida. Es apto crédito. Pero, sobre todo, es un departamento listo para ser disfrutado desde el primer día WhatsApp Contactar""}",
0e0b46b7182f048a3a15,Argenprop,https://www.argenprop.com/departamento-en-venta-en-caballito-1-ambiente--16662050,2026-08-16T00:26:15.031635+00:00,https://www.argenprop.com/departamentos/venta/capital-federal,3,200,1,modo_listado_sin_ficha_detallada,SENILLOSA 790,,venta,departamento,,,,,USD,85000.0,USD 85.000,,,,3148.15,"Senillosa 700, Piso 7",Senillosa,700,7,,,,,,,,,,1,,1,,,27.0,,,,,,,,,,,,,,,,,,,,,,,,,,,,,,,,,,,,,,,,,,,,,,9,https://www.argenprop.com/static-content/05026661/c95e7c7a-0db7-48db-960e-147c8afa748d_u_small.jpg,,,1,"{""texto_tarjeta"": ""+ 30 Ver más fotos 1 /38 Visto 19.914 USD 85.000 Senillosa 700, Piso 7 Departamento en Venta en Caballito, Capital Federal 27 m² cubie. En pozo 1 baño SENILLOSA 790 Venta departamento 1 ambiente caballito unidad divisible con balcón al frente en excelente ubicación, a metros de avenidas pedro goyena y la plata y a una cuadra de av. Directorio. En plena zona comercial y cercano a creciente polo gastronómico. Tiene accesibilidad al subte \""e\"", múltiples líneas de colectivo y a la autopista 25 de mayo. - En mdf enchapados en melanina combinado haya con vidrio y color, perimetrales en acero - artefacto de horno y anafe eléctrico - porcellanato 1º marca en baños y cocinas - porcellanato simil madera en dormitorios, estar-comedor y pasillos de las unidades funcionales - artefactos de 1º líneas ferrum o similar - griferías 1º líneas piazza o similar - carpinterías línea modena con dvh (doble vidrio hermético) lepore propiedades lepore propiedades s.A. Cuit : -9 c.U.C.I.C.B.A. Matrícula nº 931 (sucursales caballito - palermo - centro) lepore propiedades / nota: los materiales y especificaciones del plano están sujetos a modificaciones arquitectónicas y otras a la sola discreción del desarrollador, constructor o arquitecto, o que así se requieran por ley. Los planos de planta pueden no estar a escala. Cualquier mueble, electrodoméstico o artículo de decorador representado aquí se muestra únicamente con fines artísticos e ilustrativos y no está incluido en la compra y venta de la residencia. Las dimensiones indicadas se miden a los límites exteriores de la pared exterior y la línea central de las paredes interiores y, de hecho, varían de las dimensiones que se determinarían mediante el uso de la descripción y definición de la \""unidad\"" que se establece en la declaración (que generalmente solo incluye el espacio aéreo interno entre las paredes perimetrales y excluye los componentes estructurales interiores). Además, las mediciones de habitaciones establecidas en cualquier plano de planta se toman generalmente en los mayores puntos de cada habitación determinada (como si la habitación fuera un rectángulo perfecto), sin tener en cuenta las salidas del corte. En consecuencia, el área de la habitación real será típicamente menor que el producto obtenido multiplicando la longitud por la anchura declarados. Todas las dimensiones son aproximadas y todos los planos y planes de desarrollo están sujetos a cambios. Representaciones orales no pueden considerarse como correctas declaraciones del desarrollador. Lepore propiedades s. A. Es una persona jurídica constituida bajo la leyes de la república argentina y ejerce el corretaje en los términos del artículo 1345 y concordantes del código civil y comercial de la nación. Todas las operaciones en las que lepore propiedades s. A. Toma participación son supervisadas, coordinadas y formalizadas por un corredor matriculado. El trabajo de todos los dependientes de lepore propiedades s. A. Es coordinado y supervisado por un corredor matriculado. Cucicba matriculas número 931 y 1139. WhatsApp Contactar""}",
f3e96b4e5d70fa57012b,Argenprop,https://www.argenprop.com/departamento-en-venta-en-caballito-sur-4-ambientes--19459404,2026-08-16T00:26:15.048343+00:00,https://www.argenprop.com/departamentos/venta/capital-federal,3,200,1,modo_listado_sin_ficha_detallada,Edificio Victor Martinez 457 (Caballito Sur) - Venta Sexto Piso,,venta,departamento,,,,,USD,530000.0,USD 530.000 + $300.000 expensas,,,,4076.92,"Victor Martínez 400, Piso 6",Victor Martínez,400,6,,,,,,,,,,4,3,2,,1,130.0,,,,,,,,,,,,,,,,,,,,,,,,,,,,,,,,,,,,,,,,,,,,,,8,https://www.argenprop.com/static-content/40495491/afaaffc7-0969-4f2f-b433-8fcdbb97ccbb_u_small.jpg,,,1,"{""texto_tarjeta"": ""+ 41 Ver más fotos 1 /49 Visto 19.772 USD 530.000 &plus; $300.000 expensas Victor Martínez 400, Piso 6 Departamento en Venta en Caballito Sur, Caballito 130 m² cubie. 3 dorm. A Estrenar Edificio Victor Martinez 457 (Caballito Sur) - Venta Sexto Piso Constructora comercializa espectacular piso en venta 4 ambientes a estrenar con 1 cochera cubierta y 1 descubierta | victor martinez 457 ( a metros de pedro goyena ) 6° piso | caballito al no haber inmobiliara de por medio, el comprador se ahorra un 4% de comision sobre el valor del departamento! Departamento a estrenar , calidad y diseño en una de las zonas más buscadas de caballito. Este departamento tipo piso de 4 ambientes disposición frente se encuentra en un edificio de categoría, con sólo una unidad por piso. Unidad con doble ingreso, la principal al living-estar y otra con entrada a la cocina. Amplio living comedor, cocina separada, ambos con salida directa a un amplio balcón. El balcón con disposición frente es aterrazado con parrilla. 3 habitaciones, todas mirando y ventilando al contra frente. La habitación principal es en suite con vestidor. 2 baños completos + toilette. Calefacción por radiadores. -Ambientes: 4 -dormitorios: 3 -baños: 2 -cocheras: 2 fijas -ubicación: 6° piso -antigüedad: a estrenar características destacadas: -hall de entrada revestido en porcelanato y revear, combinado con granito. Decorado con sillones le corbusier, espejo moderno y gargantas led. -Ascensor automático de dos velocidades de última generación, con puertas automáticas, cabina con piso de granito similar al hall, acero inoxidable y espejos. -Acceso al hall de entrada por puerta principal con cerradura codificada y pin de proximidad integrado al sistema de portero electrico visor de ultima generacion. -Cocheras (espacios guardacoches) fijas, en planta baja y subsuelo, portón automático contrapesado revestido con aluminio con control remoto personal y sistema de apertura manual en caso de corte de energía eléctrica. Acceso a subsuelo por monta autos hidraulico. -Cocina, comedor diario y living-comedor revestidos en porcelanato pulido de primera. -Cocina de diseño, equipada con horno eléctrico convector domec, anafe a gas domec con rejilla de fundicion y extractor de aire embutido tipo flexa, incorporado a las alacenas. Mesada en granito negro brasil con pileta en acero inoxidable johnson linea luxor, monocomando marca fv linea puelo, alacenas y bajo mesada en madera compuesta con rauvisio, simil laqueado. Herrajes de alta calidad con cierre autofrenante en puertas de alacenas y cajones. Interior de cajones con herrajes livianos. Lavadero integrado a la cocina, con espacio para lavarropas bajo mesada de carga frontal, con instalacion de carga y descarga de agua. -Comedor diario con bow window con vista hacia el balcón frontal. Realizado en aluminio anodizado con premarco de aluminio. -Balcón terraza de generosas medidas con parrilla privada con sistema de ventilación individual, ideal para disfrutar al aire libre. Barandas y pasamanos de aluminio con vidrios de seguridad. -Toilette de recepción, detalle de categoría, mesada de granito negro brasil con bacha ferrum y monocomando alto fv puelo. Espejo entero hasta el techo con borde de aluminio anodizado y acceso por puerta corrediza para mas amplitud. -Baños completos, el principal en suite con bañera, artefactos marca roca linea dama senso y grifería marca fv linea puelo. Vanitorys de diseño moderno en mdf laqueado, colgantes, con mesada de granito negro brasil y bachas ferrum y piazza. -Frentes de placard con puertas corredizas en aluminio (espejados en vestidor de suite). -Interior de placards completos con cajoneras y sector de colgar corto y largo. -Ventanas, dormitorios y puerta balcón (suite) en aluminio anodizado con premarco de aluminio. -Sistema de calefacción por radiadores de aluminio y caldera italiana baxi de 19.800 kcla/h dual para agua caliente de servicio y calefacción. -Cañeria de preinstalacion para termostato en living (no incluido) -instalación de cañerías en cobre y cableado para recibir equipos de aire frio en split (no incluidos). -Palier privado, entrada principal y de servicio, piso porcelanato, herrajes de acero pulido de alta calidad y diseño moderno. -Instalación en todos los ambientes para recibir tv por cable, internet y te. Servicio de fibra optica precableado hasta la unidad para instalacion rapida del servicio personal-flow fibra. -Todas las unidades cuentan con sistema de portero eléctrico marca urmet italiano, con pantalla de 7\"", tablero seccional con llaves térmicas y disyuntor. WhatsApp Contactar""}",
bec489e700e7340b6c56,Argenprop,https://www.argenprop.com/departamento-en-venta-en-balvanera-1-ambiente--19305717,2026-08-16T00:26:15.064328+00:00,https://www.argenprop.com/departamentos/venta/capital-federal,3,200,1,modo_listado_sin_ficha_detallada,ALBERTI 360,,venta,departamento,,,,,USD,76000.0,USD 76.000 + $48.940 expensas,,,,2814.81,"ALBERTI 300, Piso 9",ALBERTI,300,9,,,,,,,,,,1,,1,,,27.0,,,,,,,,,,,,,,,,,,,,,,,,,,,,,,,,,,,,,,,,,,,,,,9,https://www.argenprop.com/static-content/71750391/a3c6630d-a25b-4496-85b9-c64fd563e727_u_small.jpg,,,1,"{""texto_tarjeta"": ""+ 65 Ver más fotos 1 /73 Visto 19.503 USD 76.000 &plus; $48.940 expensas ALBERTI 300, Piso 9 Departamento en Venta en Balvanera, Capital Federal 27 m² cubie. A Estrenar 1 baño ALBERTI 360 Venta de departamento 1 ambiente en san cristóbal, capital federal emprendimiento a estrenar a mts de av. Belgrano, cercano a líneas de subte a y h. Apto vivienda y apto profesional. ¡Apto crédito!. Las unidades contarán con : - aire acondicionado frio/ calor - pisos de porcelanato símil mármol - griferías f/v. - Cómodo living - cocina equipada con muebles bajo mesada y alacena de melanina. - Anafes eléctricos. - Dormitorios con placard e interiores y baño completo con accesorios. - Excelente calidad constructiva. Te invito a conocer obras terminadas de la constructora para que veas los detalles de terminación! Amenities: -sum -solárium -piscina -parrillas -laundry -terraza. Seguridad 24 hs. Coordina una reunión con nuestro equipo comercial. Lepore palermo . Lepore propiedades s.A. Cuit : -9 c.U.C.I.C.B.A. Matrícula nº 931 (sucursales caballito - palermo - centro) nota: los materiales y especificaciones del plano están sujetos a modificaciones arquitectónicas y otras a la sola discreción del desarrollador, constructor o arquitecto, o que así se requiera por ley. Los planos de planta pueden no ser a escala. Cualquier mueble, electrodoméstico o artículo de decorado representado aquí se muestra únicamente con fines artísticos e ilustrativos y no está incluido en la compra y venta de la residencia. Las dimensiones indicadas se miden a los límites exteriores de la pared exterior y la línea central de las paredes interiores y, de hecho, varían de las dimensiones que se determinarían mediante el uso de la descripción y definición de la \""unidad\"" que se establece en la declaración (que generalmente sólo incluye el espacio aéreo interno entre las paredes perimetrales y excluye los componentes estructurales interiores). Además, las mediciones de habitaciones establecidas en cualquier plano de planta se toman generalmente en los mayores puntos de cada habitación determinada (como si la habitación fuera un rectángulo perfecto), sin tener en cuenta las salidas del corte. En consecuencia, el área de la habitación real será típicamente menor que el producto obtenido multiplicando la longitud por la anchura declarados. Todas las dimensiones son aproximadas y todos los planos y planes de desarrollo están sujetos a cambios. Representaciones orales no pueden considerarse como correctas declaraciones del desarrollador. Propiedad según ley 5115 la accesibilidad para las personas con discapacidades físicas. \""Accesible\"". Esta unidad es apta para personas con movilidad reducida. WhatsApp Contactar""}",
3282b3621dd87cef2a90,Argenprop,https://www.argenprop.com/departamento-en-venta-en-cid-campeador-3-ambientes--18956981,2026-08-16T00:26:15.078158+00:00,https://www.argenprop.com/departamentos/venta/capital-federal,3,200,1,modo_listado_sin_ficha_detallada,Departamento único con patio/terraza de 110m2 en el cid campeador,,venta,departamento,,,,,USD,168000.0,USD 168.000 + $150.000 expensas,,,,3428.57,"Hidalgo 1000, Piso 1",Hidalgo,1000,1,,,,,,,,,,3,2,90,,,49.0,,,,,,,,,,,,,,,,,,,,,,,,,,,,,,,,,,,,,,,,,,,,,,8,https://www.argenprop.com/static-content/18965981/3bfa5768-2e5d-4a77-821c-8f9632993c7d_u_small.jpg,,,1,"{""texto_tarjeta"": ""+ 1 Ver más fotos 1 /9 Visto 19.467 USD 168.000 &plus; $150.000 expensas Hidalgo 1000, Piso 1 Departamento en Venta en Cid Campeador, Caballito 49 m² cubie. 2 dorm. 50 años Departamento único con patio/terraza de 110m2 en el cid campeador Dueño directo vende inmobiliarias no me contacten por favor vendo este departamento 3 ambientes con patio de 110m2 en la zona del cid campeador, es una oportunidad única. El departamento está dividido en tres ambientes, dos cuartos y un living, todos tienen muchísima luz natural y buen tamaño. La zona es súper accesible, está situado en la calle hidalgo entre el cid campeador y el parque centenario, el subte a 6 cuadras e infinidad de colectivos cercanos. El patio es de la propiedad, no es compartido, se puede construir siempre y cuando sea una \""estructura liviana\"". Es un departamento ideal para familias, parejas o cualquier persona que quiera tener un espacio abierto en el corazón de la ciudad. El metraje total es de 165m2 el precio 182000u$ las expensas son de 150000 cocina 1,85 x 3,50 living 3 x 4,20 habitación 1 con placard 3,15 x 3 habitación 2 con patiecito propio y placard 2,70 x 2,60 + 1,55 x 0,90 baño completo 1,80 x 1,65 patio 12 x 8,5 WhatsApp Contactar""}",
6b10a5bdfad0dc2997a7,Argenprop,https://www.argenprop.com/departamento-en-venta-en-belgrano-2-ambientes--19662726,2026-08-16T00:26:15.091533+00:00,https://www.argenprop.com/departamentos/venta/capital-federal,3,200,1,modo_listado_sin_ficha_detallada,Venta Departamento 2 ambientes impecable estado en Belgrano,,venta,departamento,,,,,USD,117000.0,USD 117.000 + $297.000 expensas,,,,3162.16,Echeverria 1300,Echeverria,1300,,,,,,,,,,,2,1,,,,37.0,,,,,,,,,,,,,,,,,,,,,,,,,,,,,,,,,,,,,,,,,,,,,,9,https://www.argenprop.com/static-content/62726691/c9af11c2-bb0f-4450-897a-c05900f5d743_u_small.jpg,,,1,"{""texto_tarjeta"": ""+ 12 Ver más fotos 1 /20 Visto 19.301 USD 117.000 &plus; $297.000 expensas Echeverria 1300 Departamento en Venta en Belgrano, Capital Federal 37 m² cubie. 1 dorm. 50 años Venta Departamento 2 ambientes impecable estado en Belgrano Salaya romera propiedades ofrece a la venta departamento de 2 ambientes en la mejor zona de belgrano, cerca de todo ! Echeverria y migueletes, una zona super comercial y cercana a polo gastronomico con muy buena conectividad , el departamento se distribuye de la siguiente manera : al ingreso, living con cocina integrada integramente a nuevo, como a estrenar ! La propiedad se ha reciclado con integridad, y maximizando el buen gusto y la distinción ! Pisos de parquet pulidos y plastificados en todo el depto ! ; La cocina cuenta con muebles a medida con lugar de conexion de lavarropas , ademas muy buena mesada, que oficia tambien como barra integrada , la propiedad se destaca por su luminosidad plena y su silencio ! Da al pulmon de la manzana ! - Dormitorio comodo con placard hecho a medida de piso a techo ! - Baño completo espacioso y elegante ! El edificio cuenta con un jardin de uso comun, ideal para disfrutar de la naturaleza ! Bajas expensas ! Apto credito bancario ! Actualice el valor de su propiedad. Solicite tasación. Agende su visita! Las imágenes aquí contenidas han sido incluídas al solo y único efecto ilustrativo de esta presentación. Las medidas son aproximadas y han sido suministradas por los propietarios. Cucicba 3638 cmcpsi WhatsApp Contactar""}",
8b5b93fa3ac6e7b03894,Argenprop,https://www.argenprop.com/departamento-en-venta-en-almagro-norte-3-ambientes--15923580,2026-08-16T00:26:15.105627+00:00,https://www.argenprop.com/departamentos/venta/capital-federal,3,200,1,modo_listado_sin_ficha_detallada,Departamento en Venta en Almagro Norte,,venta,departamento,,,,,USD,142000.0,USD 142.000 + $230.000 expensas,,,,,"Ramos Mejía 700, Piso 7",Ramos Mejía,700,7,,,,,,,,,,3,2,1,,,,,,,,,,,,,,,,,,,,,,,,,,,,,,,,,,,,,,,,,,,,,,,,,8,https://www.argenprop.com/static-content/08532951/ba3685b0-b373-45f2-a544-8f54904b4e2f_u_small.jpg,,,1,"{""texto_tarjeta"": ""+ 18 Ver más fotos 1 /26 Visto 18.807 USD 142.000 &plus; $230.000 expensas Ramos Mejía 700, Piso 7 Departamento en Venta en Almagro Norte, Almagro 2 dorm. 15 años 1 baño Departamento en Venta en Almagro Norte Espectacular semipiso, dpto. 3 ambientes, al frente muy luminoso con puerta blindada. Balcón corrido a la calle con protección para niños o mascotas. 1 baño principal y 1 toilette. 2 dormitorios con placards y estufas, 1 living comedor, con aire acondicionado. Amplia cocina con lavadero incluido. Edificio con pileta común y espacio en terraza con duchadores, lavadero, parrilla y baño. A dos cuadras del parque centenario. Varias líneas de transportes, subte, etc. A una cuadra del hospital naval y cerca del hospital italiano, de instituciones educativas varias, y estacionamientos, etc. Zona gastronómica y de comercios. Digno de visitar. Inmobiliarias abstenerse. Estudio jurídico rogiano. /. WhatsApp Contactar""}",
a3c4e858ab6326040ae3,Argenprop,https://www.argenprop.com/departamento-en-venta-en-palermo-1-ambiente--19435911,2026-08-16T00:26:15.120579+00:00,https://www.argenprop.com/departamentos/venta/capital-federal,3,200,1,modo_listado_sin_ficha_detallada,MONOAMB. C/ BALCON - PISO 6- FRENTE- MEDRANO Y HONDURAS,,venta,departamento,,,,,USD,77000.0,USD 77.000 + $97.200 expensas,,,,2851.85,Honduras 4000,Honduras,4000,,,,,,,,,,,1,,1,,,27.0,,,,,,,,,,,,,,,,,,,,,,,,,,,,,,,,,,,,,,,,,,,,,,9,https://www.argenprop.com/static-content/11953491/c03ae10a-befd-4b41-a48d-0e0e1caa6bb0_u_small.jpg,,,1,"{""texto_tarjeta"": ""+ 15 Ver más fotos 1 /23 Visto 18.001 USD 77.000 &plus; $97.200 expensas Honduras 4000 Departamento en Venta en Palermo, Capital Federal 27 m² cubie. 55 años 1 baño MONOAMB. C/ BALCON - PISO 6- FRENTE- MEDRANO Y HONDURAS Venta de departamento 1 ambiente con balcon en palermo, capital federal lindo monoambiente al frente con un hermoso balcón en el piso sexto con vista a la copa de los arboles, orientación norte. Se destaca por su entorno tranquilo: verde y canto de los pájaros en amaneceres mágicos desde un balcón íntimo. Ambiente funcional con cocina integrada, equipada con artefactos de calidad (ariston), y baño completo. Cuenta con aire acondicionado frío/calor. Ubicado en edificio esquinero sobre medrano y honduras, con excelente conectividad: múltiples líneas de colectivo y a 4 cuadras de la línea d de subte. A pocas cuadras de plaza serrano y a 3 cuadras de plaza güemes (zona villa freud), cercano a utn, sanatorio güemes y sedes de la universidad de palermo. Todo eléctrico (con conexión de gas prevista, con posibilidad de habilitación mediante solicitud de medidor). El departamento cuenta con puerta de acceso blindada. Posee dos placares con baulera y además dispone de una baulera de uso común en el sótano. Edificio de 10 piso y 5 uf por piso. Ascensores: 2 superficie cubierta 24 m2 aprox superficie de balcón 3 m2 aprox superficie total: 26,82 avisos legales: las descripciones arquitectónicas y funcionales, valores de expensas, impuestos y servicios, fotos y medidas de este inmueble son aproximados. Los datos fueron proporcionados por el propietario y pueden no estar actualizados a la hora de la visualización de este aviso por lo cual puede arrojar inexactitudes y discordancias con las que surgen de las facturas, títulos y planos legales del inmueble. El interesado debe realizar las verificaciones respectivas previamente a la realización de cualquier operación, requiriendo por si o sus profesionales las copias necesarias de la documentación que corresponda. Algunas imágenes han sido retocadas mediante inteligencia artificial con fines ilustrativos, eliminando elementos personales y objetos, sin modificar dimensiones, distribución ni características reales del inmueble. Corredores inmobiliarios: juan carlos sardi cucicba 2174 luciano lance cucicba 2173 WhatsApp Contactar""}",
50817309064d288bee53,Argenprop,https://www.argenprop.com/departamento-en-venta-en-palermo-2-ambientes--16661391,2026-08-16T00:26:15.135171+00:00,https://www.argenprop.com/departamentos/venta/capital-federal,3,200,1,modo_listado_sin_ficha_detallada,DORREGO PLACE,,venta,departamento,,,,,USD,187680.0,USD 187.680,,,,3830.2,"Dorrego 1500, Piso 1",Dorrego,1500,1,,,,,,,,,,2,1,,,,49.0,,,,,,,,,,,,,,,,,,,,,,,,,,,,,,,,,,,,,,,,,,,,,,9,https://www.argenprop.com/static-content/19316661/d9aac9e9-ca36-404d-aadb-6ef348b06d0f_u_small.jpg,,,1,"{""texto_tarjeta"": ""+ 47 Ver más fotos 1 /55 Visto 17.960 USD 187.680 Dorrego 1500, Piso 1 Departamento en Venta en Palermo, Capital Federal 49 m² cubie. 1 dorm. A consultar DORREGO PLACE 2 ambientes con vistas panorámicas en palermo, capital federal la unidad se ubica al frente en esquina sobre av. Dorrego y av. Córdoba, con amplios ambientes luminosos. Al ingresar contará con un toilette de recepción, amplio living- comedor con cocina integrada y barra desayunadora. El dormitorio principal es en suite con salida al balcón sobre la av. Dorrego y tieneun baño completo. Las unidades se entregan con la pre instalación para equipos split frío - calor. Living - comedor, cocina, baños y balcón se entregan con pisos porcellanatos. Excelente ubicación a metros de niceto vega y a una cuadra de av. Córdoba con fácil acceso a variados medios de transportes y próximo a zona gastronómica y comercial más atractiva de la ciudad. Completan el proyecto las siguientes características: -gym. -Bicicleteros -sector co-working. -Sum multimedia. -Laundry. -Solarium. -Espejo de agua. -Roof top 360º. Las medidas son solo a efecto orientativo, las reales surgirán del plano de subdivisión una vez finalizado el proyecto lepore propiedades / lepore propiedades s.A. Cuit : -9 c.U.C.I.C.B.A. Matrícula nº 931 (sucursales caballito - palermo - centro) nota: los materiales y especificaciones del plano están sujetos a modificaciones arquitectónicas y otras a la sola discreción del desarrollador, constructor o arquitecto, o que así se requiera por ley. Los planos de planta pueden no ser a escala. Cualquier mueble, electrodoméstico o artículo de decorado representado aquí se muestra únicamente con fines artísticos e ilustrativos y no está incluido en la compra y venta de la residencia. Las dimensiones indicadas se miden a los límites exteriores de la pared exterior y la línea central de las paredes interiores y, de hecho, varían de las dimensiones que se determinarían mediante el uso de la descripción y definición de la \""unidad\"" que se establece en la declaración (que generalmente sólo incluye el espacio aéreo interno entre las paredes perimetrales y excluye los componentes estructurales interiores). Además, las mediciones de habitaciones establecidas en cualquier plano de planta se toman generalmente en los mayores puntos de cada habitación determinada (como si la habitación fuera un rectángulo perfecto), sin tener en cuenta las salidas del corte. En consecuencia, el área de la habitación real será típicamente menor que el producto obtenido multiplicando la longitud por la anchura declarados. Todas las dimensiones son aproximadas y todos los planos y planes de desarrollo están sujetos a cambios. Representaciones orales no pueden considerarse como correctas declaraciones del desarrollador. Propiedad según ley 5115 la accesibilidad para las personas con discapacidades físicas. \""Accesible\"". WhatsApp Contactar""}",
7f8dafa1b8b4c69f07de,Argenprop,https://www.argenprop.com/departamento-en-venta-en-caballito-4-ambientes--18930941,2026-08-16T00:26:15.150535+00:00,https://www.argenprop.com/departamentos/venta/capital-federal,3,200,1,modo_listado_sin_ficha_detallada,VENTA | 4 AMBIENTES CON BALCÓN TERRAZA | CABALLITO,,venta,departamento,,,,,USD,440000.0,USD 440.000 + $927.500 expensas,,,,3076.92,"San José De Calasanz 200, Piso 2",San José De Calasanz,200,2,,,,,,,,,,4,3,,,,143.0,,,,,,,,,,,,,,,,,,,,,,,,,,,,,,,,,,,,,,,,,,,,,,9,https://www.argenprop.com/static-content/14903981/8078fdea-477c-4eb2-9afb-71c72febc823_u_small.jpg,,,1,"{""texto_tarjeta"": ""+ 76 Ver más fotos 1 /84 Visto 17.687 USD 440.000 &plus; $927.500 expensas San José De Calasanz 200, Piso 2 Departamento en Venta en Caballito, Capital Federal 143 m² cubie. 3 dorm. A Estrenar VENTA | 4 AMBIENTES CON BALCÓN TERRAZA | CABALLITO 4 ambientes con balcón terraza caballito en el corazón de caballito, a metros de av. Rivadavia y av. José maría moreno, se encuentra este amplio 4 ambientes de 165,58 m² totales con gran balcón terraza, ideal para disfrutar en familia. Su excelente ubicación ofrece rápida conexión a múltiples líneas de colectivo y a la línea a de subte, combinando comodidad y vida de barrio. La unidad cuenta con un luminoso living-comedor con salida al balcón terraza, tres dormitorios con placares completos y una cocina equipada con mesada de granito, bajo mesada y anafe eléctrico. Los pisos de porcellanato simil madera aportan calidez y diseño moderno en todos los ambientes. El edificio ofrece gimnasio, sum con parrilla, laundry y terraza con piscina, generando un entorno pensado para disfrutar sin salir de casa. Un departamento con metros reales, espacios cómodos y amenities, perfecto para familias que buscan crecer en una de las zonas más consolidadas de la ciudad. Cochera cubierta fija simple optativa:; 2º subsuelo: usd 30000. Cochera cubierta fija doble optativa (un auto delante del otro): 1º subsuelo: usd 60000; 2º subsuelo: usd 50000 lepore propiedades lepore propiedades s.A. Cuit : -9 c.U.C.I.C.B.A. Matrícula nº 931 (sucursales caballito - palermo - centro) aviso legal: las descripciones arquitectónicas y funcionales, valores de expensas, impuestos y servicios, fotos y medidas de este inmueble son aproximados. Los datos fueron proporcionados por el propietario y pueden no estar actualizados a la hora de la visualización de este aviso por lo cual pueden arrojar inexactitudes y discordancias con las que surgen de los las facturas, títulos y planos legales del inmueble. El interesado deberá realizar las verificaciones respectivas previamente a la realización de cualquier operación, requiriendo por sí o sus profesionales las copias necesarias de la documentación que corresponda. Venta supeditada al cumplimiento por parte del propietario de los requisitos de la resolución general nº 2371 de la afip (pedido de coti) esta unidad es apta para personas con movilidad reducida. WhatsApp Contactar""}",
7f799078b587942c67ca,Argenprop,https://www.argenprop.com/departamento-en-venta-en-balvanera-1-ambiente--16661237,2026-08-16T00:26:20.603115+00:00,https://www.argenprop.com/departamentos/venta/capital-federal,4,200,1,modo_listado_sin_ficha_detallada,"1, 2 y 3 ambientes",,venta,departamento,,,,,USD,78200.0,USD 78.200,,,,3400.0,"Avenida Corrientes 2100, Piso 6",Avenida Corrientes,2100,6,,,,,,,,,,3,,1,,,23.0,,,,,,,,,,,,,,,,,,,,,,,,,,,,,,,,,,,,,,,,,,,,,,9,https://www.argenprop.com/static-content/73216661/6c5c9272-60b4-475e-b468-f84dba1a17b7_u_small.jpg,,,1,"{""texto_tarjeta"": ""+ 45 Ver más fotos 1 /53 Visto 17.427 USD 78.200 Avenida Corrientes 2100, Piso 6 Departamento en Venta en Balvanera, Capital Federal 23 m² cubie. En pozo 1 baño 1, 2 y 3 ambientes Venta departamento 1 ambiente balvanera en excelente ubicación, a 300 metros de av. Callao, en plena zona comercial, con múltiples opciones de entretenimiento, polo gastronómico y cerca de zona de facultades. Accesibilidad a medios de locomoción, a saber: numerosas líneas de colectivo, a metros del subte \""b\"" y a cuatro cuadras respectivamente de subte \""a\"" y \""d\"". Las unidades estarán equipadas con terminaciones e instalaciones diseñadas para brindar el mayor confort. Los amenities estarán dispuestos en el segundo piso: sum con cocina, gimnasio y piscina climatizada con solarium. También tendrá a disposición cocheras de alquiler y espacios guarda bicicletas. Constará de un ambiente con cocina equipada con el mobiliario completo, anafe y horno eléctricos, balcón. Forma de pago:40 % anticipo, 50% en 20 cuotasy10% alaposesio?N lepore propiedades / lepore propiedades s.A. Cuit : -9 c.U.C.I.C.B.A. Matrícula nº 931 (sucursales caballito - palermo - centro) nota: los materiales y especificaciones del plano están sujetos a modificaciones arquitectónicas y otras a la sola discreción del desarrollador, constructor o arquitecto, o que así se requiera por ley. Los planos de planta pueden no ser a escala. Cualquier mueble, electrodoméstico o artículo de decorado representado aquí se muestra únicamente con fines artísticos e ilustrativos y no está incluido en la compra y venta de la residencia. Las dimensiones indicadas se miden a los límites exteriores de la pared exterior y la línea central de las paredes interiores y, de hecho, varían de las dimensiones que se determinarían mediante el uso de la descripción y definición de la \""unidad\"" que se establece en la declaración (que generalmente sólo incluye el espacio aéreo interno entre las paredes perimetrales y excluye los componentes estructurales interiores). Además, las mediciones de habitaciones establecidas en cualquier plano de planta se toman generalmente en los mayores puntos de cada habitación determinada (como si la habitación fuera un rectángulo perfecto), sin tener en cuenta las salidas del corte. En consecuencia, el área de la habitación real será típicamente menor que el producto obtenido multiplicando la longitud por la anchura declarados. Todas las dimensiones son aproximadas y todos los planos y planes de desarrollo están sujetos a cambios. Representaciones orales no pueden considerarse como correctas declaraciones del desarrollador. Propiedad según ley 5115 la accesibilidad para las personas con discapacidades físicas. \""Accesible\"". WhatsApp Contactar""}",
61df89fc468754dcf95a,Argenprop,https://www.argenprop.com/departamento-en-venta-en-belgrano-c-2-ambientes--19175468,2026-08-16T00:26:20.616514+00:00,https://www.argenprop.com/departamentos/venta/capital-federal,4,200,1,modo_listado_sin_ficha_detallada,Departamento en venta 2 ambientes c/ balcon - 46 mts - Belgrano,,venta,departamento,,,,,USD,129000.0,USD 129.000 + $130.000 expensas,,,,3225.0,José De Sucre 1400,José De Sucre,1400,,,,,,,,,,,2,1,,,,40.0,,,,,,,,,,,,,,,,,,,,,,,,,,,,,,,,,,,,,,,,,,,,,,9,https://www.argenprop.com/static-content/86457191/dd36a473-68e8-4139-a729-eae1c288b2e6_u_small.jpg,,,1,"{""texto_tarjeta"": ""+ 23 Ver más fotos 1 /31 Visto 16.916 USD 129.000 &plus; $130.000 expensas José De Sucre 1400 Departamento en Venta en Belgrano C, Belgrano 40 m² cubie. 1 dorm. 40 años Departamento en venta 2 ambientes c/ balcon - 46 mts - Belgrano Salaya romera vende 2 ambientes reciclado en excelente zona en belgrano barrancas, en sucre y libertador! Apto crédito. Ubicado en primer piso por escalera al contrafrente, con luz natural todo el día y súper silencioso. Cuenta con cocina integrada al living-comedor, baño completo y dormitorio con placard muy amplio, con espacio ideal para armar sector de escritorio o home office. La unidad fue reciclada íntegramente a nuevo, con instalaciones sanitarias y eléctricas totalmente renovadas y materiales de primera calidad. Cerramientos de aluminio línea módena con vidrios laminados. Ubicado en belgrano, a metros de av. Del libertador, en una zona muy buscada y en pleno crecimiento, cercana a los bosques de palermo y con excelente conectividad. Muy bajas expensas edificio con cámaras de seguridad en el hall de entrada ideal para vivienda o inversión. Listo para entrar a vivir. Agendá tu visita. Actualice el valor de su propiedad. Solicite tasación las imágenes aquí contenidas han sido incluidas al solo y único efecto ilustrativo de esta presentación. Las medidas son aproximadas y han sido suministradas por los propietarios. Cucicba 3638 cmcpsi WhatsApp Contactar""}",
495707d1e4f22305d503,Argenprop,https://www.argenprop.com/departamento-en-venta-en-parque-rivadavia-3-ambientes--19091637,2026-08-16T00:26:20.629639+00:00,https://www.argenprop.com/departamentos/venta/capital-federal,4,200,1,modo_listado_sin_ficha_detallada,Departamento EN VENTA 3 ambientes en CABALLITO,,venta,departamento,,,,,USD,185000.0,USD 185.000 + $227.050 expensas,,,,2720.59,Doblas 400,Doblas,400,,,,,,,,,,,3,2,1,,,68.0,,,,,,,,,,,,,,,,,,,,,,,,,,,,,,,,,,,,,,,,,,,,,,9,https://www.argenprop.com/static-content/73619091/86946f87-b2ec-4210-9308-af3371425f03_u_small.jpg,,,1,"{""texto_tarjeta"": ""+ 25 Ver más fotos 1 /33 Visto 16.500 USD 185.000 &plus; $227.050 expensas Doblas 400 Departamento en Venta en Parque Rivadavia, Caballito 68 m² cubie. 2 dorm. 35 años Departamento EN VENTA 3 ambientes en CABALLITO Departamento en venta en caballito de 74m2 de 3 ambientes 1 baño + toilette (con ducha). En la esquina de av. Juan bautista alberdi y doblas. Luminoso departamento en 5to (quinto) piso, con orientación noreste y vista abierta. Al ingresar, un hall de recepción conduce a un living-comedor al frente, con salida a balcón corrido, con una vista urbana despejada. El dormitorio principal también se ubica al frente, con placard y vista al balcón, asegurando luminosidad y ventilación natural. La cocina, cómoda y de muy buenas dimensiones, se integra a un amplio comedor diario y se conecta con: 2do dormitorio con placard empotrado lavadero independiente superficie total: 73 m2 superficie cubierta: 68,46 m2 2 dormitorios baño completo + toilette con ducha balcón corrido al frente pisos de parquet calefacción por tiro balanceado apto crédito escritura inmediata edificio de aproximadamente 40 años. No cuenta con cochera. Ubicación que suma valor WhatsApp Contactar""}",
4a2fb96698f7dd5066db,Argenprop,https://www.argenprop.com/departamento-en-venta-en-almagro-2-ambientes--16662292,2026-08-16T00:26:20.644360+00:00,https://www.argenprop.com/departamentos/venta/capital-federal,4,200,1,modo_listado_sin_ficha_detallada,"1, 2 y 3 ambientes",,venta,departamento,,,,,USD,138900.0,USD 138.900,,,,2671.15,"Gallo 500, Piso 9",Gallo,500,9,,,,,,,,,,3,1,,,,52.0,,,,,,,,,,,,,,,,,,,,,,,,,,,,,,,,,,,,,,,,,,,,,,9,https://www.argenprop.com/static-content/29226661/9f54582b-61a3-41ab-b85a-8e6a1b1ad891_u_small.jpg,,,1,"{""texto_tarjeta"": ""+ 79 Ver más fotos 1 /87 Visto 16.370 USD 138.900 Gallo 500, Piso 9 Departamento en Venta en Almagro, Capital Federal 52 m² cubie. 1 dorm. A estrenar 1, 2 y 3 ambientes Venta departamento 2 ambientes en duplex almagro en el primer piso cuenta con cocina comedor con salida al balcón, toilette de recepción y living. En el segundo piso cuenta con dormitorio, baño con vestidor y balcón aterrazado. Proyecto único de viviendas en alturas. Con arquitectura vanguardista del edificio y de su fachada logran unidades con su propia funcionalidad en espacios y visuales, permitiendo disfrutar interior y exterior haciendo inmejorable la calidad de vida. Amenities: terraza mirador con vistas abiertas, laundry, sum, parrillas, solárium, duchas. Ubicación: -cercanía al microcentro porteño, próximo a palermo y recoleta. -Accesible a subte y medios de transporte publico. -Zona comercial , cultural , educativa, artística y gastronomica. Financiación posposesión detalles de terminación : - frente de placard- estar comedor con piso flotante .- Baños con cerámicos y venecitas o similar en paredes.- Dormitorios con carpeta para recibir terminación.- Mueble bajo mesada de laminado plástico blanco con detalles laminados en madera línea faplac tipo roble americano o similar.- Artefactos de cocina eléctricos longvie o similar.- Anafe de cuatro hornallas y horno - mesada de granito- bacha de acero inoxidable lepore propiedades tel. / Lepore propiedades s.A. Cuit : -9 c.U.C.I.C.B.A. Matrícula nº 931 (sucursales caballito - palermo - centro) aviso legal: las descripciones arquitectónicas y funcionales, valores de expensas, impuestos y servicios, fotos y medidas de este inmueble son aproximados. Los datos fueron proporcionados por el propietario y pueden no estar actualizados a la hora de la visualización de este aviso por lo cual pueden arrojar inexactitudes y discordancias con las que surgen de los las facturas, títulos y planos legales del inmueble. El interesado deberá realizar las verificaciones respectivas previamente a la realización de cualquier operación, requiriendo por sí o sus profesionales las copias necesarias de la documentación que corresponda. Venta supeditada al cumplimiento por parte del propietario de los requisitos de la resolución general nº 2371 de la afip (pedido de coti) esta unidad es apta para personas con movilidad reducida. WhatsApp Contactar""}",
a3fd99ac61111b8ef9f7,Argenprop,https://www.argenprop.com/departamento-en-venta-en-caballito-1-ambiente--19119223,2026-08-16T00:26:20.658044+00:00,https://www.argenprop.com/departamentos/venta/capital-federal,4,200,1,modo_listado_sin_ficha_detallada,1 ambiente en venta. Vista panóramica. Excelente ubicación,,venta,departamento,,,,,USD,48000.0,USD 48.000 + $89.400 expensas,,,,,"Hidalgo 100, Piso 6",Hidalgo,100,6,,,,,,,,,,1,,1,,,,,,,,,,,,,,,,,,,,,,,,,,,,,,,,,,,,,,,,,,,,,,,,,8,https://www.argenprop.com/static-content/32291191/b49b34b9-4f31-428c-a2e4-2d43abcbece9_u_small.jpg,,,1,"{""texto_tarjeta"": ""1 /8 Visto 16.242 USD 48.000 &plus; $89.400 expensas Hidalgo 100, Piso 6 Departamento en Venta en Caballito, CABA 50 años 1 baño Monoam. 1 ambiente en venta. Vista panóramica. Excelente ubicación Sobre hidalgo, casi esquina rivadavia, a metros de acoyte y rivadavia. 1 ambiente, al lateral de edificio torre. Lleno de luz, sol y vista panorámica. Pisos de parquet. Cocina independiente con gran ventana. Mucho sol. Baño completo. Edificio con vigilancia. Bajas expensas. Servicios individuales. WhatsApp Contactar""}",
233052f31e55b3a2e762,Argenprop,https://www.argenprop.com/departamento-en-venta-en-villa-urquiza--20040768,2026-08-16T00:26:20.671744+00:00,https://www.argenprop.com/departamentos/venta/capital-federal,4,200,1,modo_listado_sin_ficha_detallada,"Excelente monoambiente, amplio y moderno.",,venta,departamento,,,,,USD,105000.0,USD 105.000,,,,3281.25,"Cullen 4900, Piso 7",Cullen,4900,7,,,,,,,,,,,,,,,32.0,,,,,,,,,,,,,,,,,,,,,,,,,,,,,,,,,,,,,,,,,,,,,,9,https://www.argenprop.com/static-content/86704002/f75d92c0-cde6-42a9-982e-81be30c2c067_u_small.jpg,,,1,"{""texto_tarjeta"": ""+ 10 Ver más fotos 1 /18 Visto 16.002 USD 105.000 Cullen 4900, Piso 7 Departamento en Venta en Villa Urquiza, CABA 32 m² cubie. 5 m² Semicubierta 12 años Excelente monoambiente, amplio y moderno. Excelente monoambiente, amplio y moderno. 12 años de antigüedad al contrafrente . Balcón , cocina integrada totoalmente equipada, baño completo, pisos de porcelanato, bajas expensas. Comunicate para coordinar una visita! Cullen 5001, villa urquiza c.A.B.A mat. Cucicba 4640 . Las descripciones, información de medidas, superficies de cualquier índole, fotos, croquis, etc de este inmueble son aproximados. Los datos pueden no estar actualizados a la hora de la visualización de este aviso por lo cual pueden arrojar inexactitudes y discordancias con las que surgen de los títulos y planos legales del inmueble, no comprometiendo contractualmente a nuestra empresa. El interesado deberá realizar las verificaciones respectivas previamente a la realización de cualquier operación. Para los casos de alquiler de vivienda, el monto máximo de comisión que se le puede requerir a los propietarios será el equivalente al cuatro con quince centésimos por ciento (4,15%) del valor total del respectivo contrato. Se encuentra prohibido cobrar a los inquilinos que sean personas físicas comisiones inmobiliarias y gastos de gestoría de informes, solo abonará el timbrado de los mismos. Nota: el interesado deberá realizar las verificaciones respectivas sobre la habilitación comercial, previamente a la realización de cualquier operación, requiriendo por sí o sus profesionales las copias necesarias de la documentación que corresponda. WhatsApp Contactar""}",
4aa2f8beb39be9d93fdb,Argenprop,https://www.argenprop.com/departamento-en-venta-en-villa-urquiza-2-ambientes--19648954,2026-08-16T00:26:20.702275+00:00,https://www.argenprop.com/departamentos/venta/capital-federal,4,200,1,modo_listado_sin_ficha_detallada,Departamento 2 ambientes Venta - Villa Urquiza,,venta,departamento,,,,,USD,160000.0,USD 160.000 + $218.000 expensas,,,,3902.44,Juramento 5200,Juramento,5200,,,,,,,,,,,2,1,,,,41.0,41.12,,,,,,,,,,,,,,,,,,,,,,,,,,,,,,,,,,,,,,,,,,,,,9,https://www.argenprop.com/static-content/45984691/df786cff-65e7-4aee-8401-bf9454671ce5_u_small.jpg,,,1,"{""texto_tarjeta"": ""+ 13 Ver más fotos 1 /21 Visto 16.001 USD 160.000 &plus; $218.000 expensas Juramento 5200 Departamento en Venta en Villa Urquiza, Capital Federal 41 m² cubie. 1 dorm. 15 años Departamento 2 ambientes Venta - Villa Urquiza Descubra este encantador departamento de 2 ambientes, ubicado en el corazón de villa urquiza, sobre la calle juramento al 5200. Situado en el octavo piso y con disposición contrafrente, este departamento ofrece tranquilidad y confort en uno de los barrios más buscados de capital federal. Con una superficie total de 53.25 m2, el inmueble cuenta con un dormitorio en suite, un toilete de recepción y un luminoso living comedor con cocina americana integrada, fue construida hace 15 años y se encuentra en excelente estado. El departamento dispone de 41.12 m2 cubiertos y 12.12 m2 descubiertos, con un balcón ideal para disfrutar del aire libre. Además, tiene un espacio de estacionamiento, lo que añade comodidad a su vida diaria. Entre las comodidades, se destacan el aire acondicionado individual, agua caliente central. El edificio cuenta con un ascensor y servicios esenciales como agua corriente, cloaca, electricidad y pavimento. Asimismo, esta propiedad es apta para crédito, lo que facilita su adquisición. No pierda la oportunidad de vivir en un espacio luminoso y bien comunicado, rodeado de servicios y con excelente acceso al transporte público. Situado en cercanías e avda. Triunvirato, centro comercial de villa urquiza y estación de subte. Venta con renta. Código de propiedad: dap8044205 con más de 40 años de experiencia, en dic propiedades entendemos el valor de tu búsqueda. Somos una empresa familiar liderada por sus dueños y respaldada por un equipo multidisciplinario de profesionales dedicados a concretar tus objetivos. Nuestros números avalan nuestro compromiso: 1.700 propiedades en comercialización. 137.000 tasaciones realizadas con precisión 950.000 m2 vendidos con éxito. 35.000 unidades de pozo comercializadas. Te esperamos de lunes a sábados en nuestras oficinas de caba y zona norte. * * * * * * * * Información importante y aviso legal * * * la presente publicación es de carácter orientativo. Se deja constancia que toda la información, las medidas (totales y parciales), superficies (m2), antiguedad y valores de expensas consignados son aproximados y están sujetos a verificación, ajuste y/o ratificación con la documentación pertinente. El precio del inmueble y su disponibilidad pueden ser modificados sin previo aviso. Inmuebles en construcción: los detalles de terminación y fechas de entrega están sujetos a revisión técnica y contractual. Terrenos: la información sobre metros construibles es meramente orientativa; el interesado deberá realizar las consultas pertinentes ante los organismos correspondientes. Documentación: los gastos expresados (expensas, abl, impuestos) refieren a la última información recabada y deben ser confirmados antes de cualquier operación. Material gráfico: las fotografías, planos y renders son de carácter ilustrativo, no vinculante ni contractual. Dic propiedades s.A. Actúa exclusivamente en carácter de comercializadora de los inmuebles ofrecidos. La información provista no compromete contractualmente a la empresa. Javier del coro igarzabal | cmcpsi mat. No 4499 maría amparo coello | cucicba mat. No 5147 dic propiedades s.A. | WhatsApp Contactar""}",
bbadf316d3b8d7527f25,Argenprop,https://www.argenprop.com/departamento-en-venta-en-villa-crespo-3-ambientes--19980674,2026-08-16T00:26:20.718581+00:00,https://www.argenprop.com/departamentos/venta/capital-federal,4,200,1,modo_listado_sin_ficha_detallada,DEPARTAMENTO 3 AMBIENTES CON BALCON + COCHERA,,venta,departamento,,,,,USD,115000.0,USD 115.000 + $226.000 expensas,,30000.0,Expensas 30.000,2169.81,Avenida Corrientes 5600,Avenida Corrientes,5600,,,,,,,,,,,3,2,1,,,53.0,,,,,,,,,,,,,,,,,,,,,,,,,,,,,,,,,,,,,,,,,,,,,,9,https://www.argenprop.com/static-content/47608991/bd5669d4-f513-4324-8c8a-013dfdb02ad0_u_small.jpg,,,1,"{""texto_tarjeta"": ""+ 24 Ver más fotos 1 /32 Visto 16.001 USD 115.000 &plus; $226.000 expensas Avenida Corrientes 5600 Departamento en Venta en Villa Crespo, Capital Federal 53 m² cubie. 2 dorm. 1 baño DEPARTAMENTO 3 AMBIENTES CON BALCON + COCHERA Ubicado sobre la emblemática avenida corrientes, en pleno corazón de villa crespo, una de las zonas con mayor demanda y crecimiento de la ciudad. Su ubicación es a solo una cuadra de avenida juan b. Justo (metrobús), a siete cuadras de avenida córdoba y a pasos de la estación malabia (subte línea b), rodeado de una inagotable red de líneas de colectivos. Además, se encuentra a metros del circuito comercial y gastronómico de los outlets de villa crespo y del exclusivo mercado mercat, ofreciendo una excelente propuesta cultural, comercial y de esparcimiento a pasos de tu puerta. Se trata de un hermoso departamento de 3 ambientes situado en un sexto piso al frente, dentro de un sólido edificio de estilo torre, lo que garantiza una excelente luminosidad en todos sus ambientes y una vista abierta y despejada. La propiedad se destaca por su sólida calidad constructiva y el excelente estado de conservación. Living comedor: un espacio amplio, cómodo y muy luminoso, con salida directa al balcón corrido sobre la avenida corrientes, ideal para disfrutar de una vista urbana abierta. Dormitorios: dos cómodas y luminosas habitaciones, ambas con muy buen espacio y con pisos de parquet que aportan calidez al descanso. Cocina y lavadero: práctica cocina independiente, muy funcional, que cuenta con el espacio de lavadero incorporado, optimizando la distribución. Baño: un baño completo, cómodo y en perfecto estado de funcionamiento. + Espacio guarda coches en thames 444/46 entre camargo y corrientes, para auto mediano y para auto tamaño tipo ecosport o jeep renegade. Expensas 30.000 pesos WhatsApp Contactar""}",
eea7ccd7d68b6834dd24,Argenprop,https://www.argenprop.com/departamento-en-venta-en-villa-urquiza-2-ambientes--18504145,2026-08-16T00:26:20.733565+00:00,https://www.argenprop.com/departamentos/venta/capital-federal,4,200,1,modo_listado_sin_ficha_detallada,Departamento 2 ambientes Venta - Villa Urquiza,,venta,departamento,,,,,USD,108000.0,USD 108.000 + $120.000 expensas,,,,2400.0,Avenida Olazábal 4500,Avenida Olazábal,4500,,,,,,,,,,,2,1,,,,45.0,,,,,,,,,,,,,,,,,,,,,,,,,,,,,,,,,,,,,,,,,,,,,,9,https://www.argenprop.com/static-content/54140581/24467cb3-40d8-4afb-9427-2306ce20940f_u_small.jpg,,,1,"{""texto_tarjeta"": ""+ 13 Ver más fotos 1 /21 Visto 16.001 USD 108.000 &plus; $120.000 expensas Avenida Olazábal 4500 Departamento en Venta en Villa Urquiza, CABA 45 m² cubie. 1 dorm. 40 años Departamento 2 ambientes Venta - Villa Urquiza Oportunidad ! Baja de valor de 115.000 usd a 108.000 usd excelente oportunidad para vivir o invertir en villa urquiza, uno de los barrios con mayor crecimiento y desarrollo de la ciudad. Ubicado en un segundo piso lateral, este departamento de 2 ambientes se destaca por su muy buena distribución, luminosidad y bajas expensas. Cuenta con una cocina separada amplia, con muebles bajo y sobre mesada, espacio para comedor diario y lavadero independiente. El living comedor es cómodo, con un gran ventanal y balcón francés que aportan luz natural durante todo el día. Posee un baño completo y un dormitorio con placard de piso a techo. La ubicación es excelente, con múltiples medios de transporte: líneas de colectivos, cercanía a la estación de tren urquiza y al subte línea b, que conectan rápidamente con toda la ciudad. A pocos metros del polo gastronómico y comercial de triunvirato y olazábal, rodeado de cafés, bares, restaurantes y nuevos desarrollos inmobiliarios. Barrio en pleno auge, ideal para quienes buscan una zona tranquila, con vida urbana y proyección a futuro. Apto crédito. Bajas expensas. Cucicba 5147 código de propiedad: dap7516690 con más de 40 años de experiencia, en dic propiedades entendemos el valor de tu búsqueda. Somos una empresa familiar liderada por sus dueños y respaldada por un equipo multidisciplinario de profesionales dedicados a concretar tus objetivos. Nuestros números avalan nuestro compromiso: 1.700 propiedades en comercialización. 137.000 tasaciones realizadas con precisión 950.000 m2 vendidos con éxito. 35.000 unidades de pozo comercializadas. Te esperamos de lunes a sábados en nuestras oficinas de caba y zona norte. * * * * * * * * Información importante y aviso legal * * * la presente publicación es de carácter orientativo. Se deja constancia que toda la información, las medidas (totales y parciales), superficies (m2), antiguedad y valores de expensas consignados son aproximados y están sujetos a verificación, ajuste y/o ratificación con la documentación pertinente. El precio del inmueble y su disponibilidad pueden ser modificados sin previo aviso. Inmuebles en construcción: los detalles de terminación y fechas de entrega están sujetos a revisión técnica y contractual. Terrenos: la información sobre metros construibles es meramente orientativa; el interesado deberá realizar las consultas pertinentes ante los organismos correspondientes. Documentación: los gastos expresados (expensas, abl, impuestos) refieren a la última información recabada y deben ser confirmados antes de cualquier operación. Material gráfico: las fotografías, planos y renders son de carácter ilustrativo, no vinculante ni contractual. Dic propiedades s.A. Actúa exclusivamente en carácter de comercializadora de los inmuebles ofrecidos. La información provista no compromete contractualmente a la empresa. Javier del coro igarzabal | cmcpsi mat. No 4499 maría amparo coello | cucicba mat. No 5147 dic propiedades s.A. | WhatsApp Contactar""}",
13a8f9df0178887fc677,Argenprop,https://www.argenprop.com/departamento-en-venta-en-belgrano-3-ambientes--19605966,2026-08-16T00:26:20.749425+00:00,https://www.argenprop.com/departamentos/venta/capital-federal,4,200,1,modo_listado_sin_ficha_detallada,Departamento en Venta de 3 ambientes en BELGRANO,,venta,departamento,,,,,USD,192000.0,USD 192.000 + $216.829 expensas,,,,2865.67,Avenida Cabildo 2900,Avenida Cabildo,2900,,,,,,,,,,,3,2,,,,67.0,,,,,,,,,,,,,,,,,,,,,,,,,,,,,,,,,,,,,,,,,,,,,,9,https://www.argenprop.com/static-content/66950691/61b23557-dbf4-4b4a-bc6e-a835aaa96c6e_u_small.jpg,,,1,"{""texto_tarjeta"": ""+ 24 Ver más fotos 1 /32 Visto 16.000 USD 192.000 &plus; $216.829 expensas Avenida Cabildo 2900 Departamento en Venta en Belgrano, Capital Federal 67 m² cubie. 2 dorm. 45 años Departamento en Venta de 3 ambientes en BELGRANO Salaya romera vende excelente departamento de 3 ambientes totalmente reciclado a nuevo, ubicado en una de las zonas más buscadas de belgrano, con gran conectividad y acceso inmediato a medios de transporte, comercios y espacios gastronómicos. Este espectacular 3 ambientes combina diseño, luz natural y un reciclado integral de excelente calidad. Situado en piso alto, la unidad se destaca por su luminosidad, ventilación cruzada y vistas abiertas tanto al frente como al contrafrente, incluyendo vista al río desde uno de los dormitorios. Cuenta con: amplio living-comedor cocina moderna reciclada con excelente espacio de guardado 2 dormitorios muy luminosos baño completo + toilette espacio para lavarropas piso alto con gran ingreso de luz natural la propiedad fue reciclada integralmente con materiales de calidad: instalaciones eléctricas y sanitarias hechas a nuevo sanitarios ferrum griferías fv porcelanatos ilva aberturas modernas con dvh en dormitorio principal preinstalación para aire acondicionado ideal tanto para vivienda como inversión, en un edificio de excelente ubicación sobre el corredor cabildo. Agendá tu visita. Actualice el valor de su propiedad. Solicite tasación las imágenes aquí contenidas han sido incluidas al solo y único efecto ilustrativo de esta presentación. Las medidas son aproximadas y han sido suministradas por los propietarios. Cucicba 3638 cmcpsi WhatsApp Contactar""}",
1b43e199147039f852de,Argenprop,https://www.argenprop.com/departamento-en-venta-en-palermo-2-ambientes--19213762,2026-08-16T00:26:20.764801+00:00,https://www.argenprop.com/departamentos/venta/capital-federal,4,200,1,modo_listado_sin_ficha_detallada,Departamento de 2 ambientes en ubicación inmejorable en Las Cañitas - Amenities,,venta,departamento,,,,,USD,135000.0,USD 135.000 + $211.000 expensas,,,,3750.0,Avenida General Indalecio Chenaut 1900,Avenida General Indalecio Chenaut,1900,,,,,,,,,,,2,1,,,,36.0,,,,,,,,,,,,,,,,,,,,,,,,,,,,,,,,,,,,,,,,,,,,,,9,https://www.argenprop.com/static-content/26731291/fc6d8432-6ad8-48b0-871a-f91f7bb6c583_u_small.jpg,,,1,"{""texto_tarjeta"": ""+ 19 Ver más fotos 1 /27 Visto 16.000 USD 135.000 &plus; $211.000 expensas Avenida General Indalecio Chenaut 1900 Departamento en Venta en Palermo, Capital Federal 36 m² cubie. 1 dorm. 14 años Departamento de 2 ambientes en ubicación inmejorable en Las Cañitas - Amenities 2 amb con amenities en el corazón de las cañitas piso 6 orientación norte ubicación premium: indalecio chenaut, entre arce y baez. En la zona más exclusiva y segura de las cañitas, a pasos del polo gastronómico, el solar de la abadía y los bosques de palermo. Ubicada en un 6to piso, esta unidad destaca por su luminosidad y su vista abierta a pulmon de manzana. Orientación norte: luz natural directa durante todo el día. Living-comedor: espacioso, con salida a balcón dormitorio: con excelente frente de placard y ventilación natural. Cocina: integrada el edificio perfil juvenil y funcional construcción de pocos años con estética contemporánea, ideal para un público joven o profesional. Piscina y solárium: en el último piso con vistas panorámicas. Parrilla y laundry potencial de inversión primera vivienda: una unidad lista para entrar a vivir en el barrio más aspiracional de caba. Inversores :alta tasa de retorno por la demanda sostenida de alquiler en las cañitas. Zona de alta liquidez inmobiliaria. Incluye baulera conozca el valor real de su propiedad. Especialistas en operaciones simultáneas. Las medidas (tanto totales como parciales), superficies, m2 y proporciones indicadas en el presente son aproximadas y sujetas a verificación, variación y/o ajuste. El precio de la presente operación y/o de las expensas aquí indicadas están sujetos a modificación sin previo aviso. . WhatsApp Contactar""}",
6e5a83eb61a91b9886e6,Argenprop,https://www.argenprop.com/departamento-en-venta-en-villa-urquiza-5-ambientes--18246091,2026-08-16T00:26:20.781917+00:00,https://www.argenprop.com/departamentos/venta/capital-federal,4,200,1,modo_listado_sin_ficha_detallada,"Villa Urquiza Piso Palier privado, Balcón Terraza Hab En Suite 3 Dormitorios con Balcón corrido",,venta,departamento,,,,,USD,390000.0,USD 390.000 + $230.000 expensas,,,,2600.0,Blanco Encalada 4700,Blanco Encalada,4700,,,,,,,,,,,,3,,,,150.0,150.0,,,,,,,,,,,,,,,,,,,,,,,,,,,,,,,,,,,,,,,,,,,,,9,https://www.argenprop.com/static-content/19064281/d686bfe8-eb3a-4aaa-8cc5-ba1d99d02855_u_small.jpg,,,1,"{""texto_tarjeta"": ""+ 30 Ver más fotos 1 /38 Visto 16.000 USD 390.000 &plus; $230.000 expensas Blanco Encalada 4700 Departamento en Venta en Villa Urquiza, Capital Federal 150 m² cubie. 3 dorm. 35 años Villa Urquiza Piso Palier privado, Balcón Terraza Hab En Suite 3 Dormitorios con Balcón corrido Descubra este espacioso y elegante departamento de 150 m2 cubiertos ubicado en el corazón de villa urquiza, ideal para quienes buscan confort y calidad de vida. El inmueble cuenta con escritura inmediata y es apto para crédito, lo que facilita su adquisición. 172 metros totales el departamento se encuentra en un edificio de seis pisos, con un palier privado que brinda exclusividad. Al ingresar, se accede a un amplio living comedor que se extiende hacia un importante balcón terraza, permitiendo disfrutar de vistas al frente y abundante luz natural. La propiedad está diseñada en dos alas, separando los espacios sociales de los privados para mayor comodidad. La master suite incluye un vestidor y placard, con acceso directo al balcón terraza. Además, dispone de dos dormitorios adicionales con salida a un balcón contrafrente, ambos atendidos por un baño completo. La cocina es amplia y luminosa, integrada a un comedor diario de generosas dimensiones. Completa el área de servicio una dependencia con baño y un pequeño balcón, que puede adaptarse como una cuarta habitación gracias a su buena ventilación. Los visitantes disponen de un toilette, y el departamento incluye una cochera fija con capacidad para dos autos pequeños y una amplia baulera. A pesar de ofrecer tantos servicios, las expensas se mantienen bajas. Las comodidades adicionales incluyen ascensor, accesibilidad para personas con movilidad reducida, agua corriente, gas natural, electricidad, y agua potable. El edificio permite mascotas y está equipado con armarios empotrados. No pierda la oportunidad de vivir en una de las zonas más buscadas de la capital federal, con todos los servicios y comodidades al alcance. Corredores inmobiliarios responsables adrian ridelnik cucicba mat 197. Y mauro ridelnik cucicba mat 6933 y cmcpsi 7060 todas las operaciones en las que participen nuestros asesores comerciales independientes son gestionadas, supervisadas y monitoreadas por un corredor público debidamente matriculado. *Se deja constancia que las medidas y superficies indicados son aproximados y al sólo efecto orientativo. Las medidas reales surgirán del título de propiedad respectivo. Las medidas parciales y/o de los ambientes y el valor consignado de expensas mensuales, servicios y abl está sujeto a verificación y/o ajuste. Art.4 de la ley 5.859 de c.A.B.A \""para los casos de alquiler de vivienda única, el monto máximo de comisión que se le puede requerir a los propietarios será el equivalente al cuatro con quince centésimos por ciento (4,15%) del valor total del respectivo contrato. Se encuentra prohibido cobrar a los inquilinos que sean personas físicas comisiones inmobiliarias cuando el destino sea vivienda única y permanente \"". * Ley 5115 cumplimos en informar que los inmuebles \""no cuenta con acceso especial para personas con discapacidad física a menos que la publicación lo especifique \"" * en cumplimiento de la leyes vigentes que regulan el corretaje inmobiliario, ley 25.028, ley 22.802 de lealtad comercial, ley 24.240 de defensa al consumidor, las normas del código civil y comercial de la nación y constitucionales, los asesores comerciales no ejercen el corretaje inmobiliario. Todas las operaciones inmobiliarias realizadas en guimat propiedades, son objeto de intermediación y conclusión por parte de los martilleros y corredores colegiados, *\""se deja constancia de que algunas de las imágenes publicadas en el presente anuncio han sido creadas y/o editadas mediante herramientas de inteligencia artificial, siendo las mismas meramente ilustrativas y orientativas, por lo que no necesariamente reflejan el estado actual, distribución, mobiliario, dimensiones, terminaciones o condiciones reales de la unidad ofrecida en venta. El estado real del inmueble será el que surja de la visita presencial, documentación correspondiente y constatación directa por parte del interesado. WhatsApp Contactar""}",
24564c415777575929a9,Argenprop,https://www.argenprop.com/departamento-en-venta-en-villa-urquiza-3-ambientes--19441401,2026-08-16T00:26:20.798336+00:00,https://www.argenprop.com/departamentos/venta/capital-federal,4,200,1,modo_listado_sin_ficha_detallada,Villa Urquiza 3amb edificio full amenities,,venta,departamento,,,,,USD,240000.0,USD 240.000 + $425.000 expensas,,,,4210.53,Díaz Colodrero 2900,Díaz Colodrero,2900,,,,,,,,,,,3,2,,,,57.0,,,,,,,,,,,,,,,,,,,,,,,,,,,,,,,,,,,,,,,,,,,,,,9,https://www.argenprop.com/static-content/10414491/9901414c-5123-4bea-a2d3-799aaa163386_u_small.jpg,,,1,"{""texto_tarjeta"": ""+ 25 Ver más fotos 1 /33 Visto 16.000 USD 240.000 &plus; $425.000 expensas Díaz Colodrero 2900 Departamento en Venta en Villa Urquiza, Capital Federal 57 m² cubie. 2 dorm. 5 años Villa Urquiza 3amb edificio full amenities Excelente departamento de 3 ambientes con amenities premium en villa urquiza 5 años de antiguedad, ubicado en un edificio de excelente categoría, que combina diseño, confort, seguridad y una amplia propuesta de amenities. La unidad se encuentra en impecable estado de conservación y cuenta con detalles de calidad en todos sus ambientes. - Luminoso living comedor con salida al balcón - cocina independiente con lavadero integrado - toilette de recepción y baño completo - 2 cómodos dormitorios con amplios placares de piso a techo con puertas espejadas medidas aproximadas - living comedor: 6,00 x 3,00 m - cocina con lavadero integrado: 4,97 x 1,48 m - balcón: 2,60 x 1,22 m - dormitorio principal: 3,13 x 2,91 m - segundo dormitorio: 3,10 x 2,49 m - baño completo: 2,00 x 1,67 m - toilette: 1,37 x 1,10 m entre sus características se destacan : - pisos de porcelanato - losa radiante individual - agua caliente central - acceso mediante huella digital, que aporta mayor comodidad y seguridad. El edificio ofrece una propuesta de amenities pensada para disfrutar todos los días: - piscina climatizada al aire libre. - Amplios jardines parquizados. - Sector de parrillas. - Juegos para niños. - Sum ubicado en el piso 17 con excelentes vistas. - Gimnasio. - Laundry en el segundo subsuelo. Servicios: - seguridad las 24 horas - dos ascensores (uno camillero) -grupo electrógeno para servicios esenciales y conexión a fibra óptica. Expensas: $425.000 (incluyen aysa, seguridad 24 hs, personal de limpieza y encargado). Abl: $56.000 . Corredores inmobiliarios responsables adrian ridelnik cucicba mat 197. Y mauro ridelnik cucicba mat 6933 y cmcpsi 7060 todas las operaciones en las que participen nuestros asesores comerciales independientes son gestionadas, supervisadas y monitoreadas por un corredor público debidamente matriculado. *Se deja constancia que las medidas y superficies indicados son aproximados y al sólo efecto orientativo. Las medidas reales surgirán del título de propiedad respectivo. Las medidas parciales y/o de los ambientes y el valor consignado de expensas mensuales, servicios y abl está sujeto a verificación y/o ajuste. Art.4 de la ley 5.859 de c.A.B.A \""para los casos de alquiler de vivienda única, el monto máximo de comisión que se le puede requerir a los propietarios será el equivalente al cuatro con quince centésimos por ciento (4,15%) del valor total del respectivo contrato. Se encuentra prohibido cobrar a los inquilinos que sean personas físicas comisiones inmobiliarias cuando el destino sea vivienda única y permanente \"". * Ley 5115 cumplimos en informar que los inmuebles \""no cuenta con acceso especial para personas con discapacidad física a menos que la publicación lo especifique \"" * en cumplimiento de la leyes vigentes que regulan el corretaje inmobiliario, ley 25.028, ley 22.802 de lealtad comercial, ley 24.240 de defensa al consumidor, las normas del código civil y comercial de la nación y constitucionales, los asesores comerciales no ejercen el corretaje inmobiliario. Todas las operaciones inmobiliarias realizadas en guimat propiedades, son objeto de intermediación y conclusión por parte de los martilleros y corredores colegiados, *\""se deja constancia de que algunas de las imágenes publicadas en el presente anuncio han sido creadas y/o editadas mediante herramientas de inteligencia artificial, siendo las mismas meramente ilustrativas y orientativas, por lo que no necesariamente reflejan el estado actual, distribución, mobiliario, dimensiones, terminaciones o condiciones reales de la unidad ofrecida en venta. El estado real del inmueble será el que surja de la visita presencial, documentación correspondiente y constatación directa por parte del interesado. WhatsApp Contactar""}",
4b8b10c4cf4654a0136b,Argenprop,https://www.argenprop.com/departamento-en-venta-en-urquiza-r-1-ambiente--19120172,2026-08-16T00:26:20.817785+00:00,https://www.argenprop.com/departamentos/venta/capital-federal,4,200,1,modo_listado_sin_ficha_detallada,"Departamento en edificio Premium: Green House, Amenities, microcine, dos piscinas, balcon aterrazado al contrafrente, vista arbolada. Aquí el Departamento:",,venta,departamento,,,,,USD,115000.0,USD 115.000 + $260.000 expensas,,,,2987.01,"José De Sucre 4200, Piso 2",José De Sucre,4200,2,,,,,,,,,,,,1,,,38.5,,,,,,,,,,,,,,,,,,,,,,,,,,,,,,,,,,,,,,,,,,,,,,9,https://www.argenprop.com/static-content/27102191/84708045-34ac-427b-8106-b26dc8fc6c8d_u_small.jpg,,,1,"{""texto_tarjeta"": ""+ 29 Ver más fotos 1 /37 Visto 16.000 USD 115.000 &plus; $260.000 expensas José De Sucre 4200, Piso 2 Departamento en Venta en Urquiza R, Villa Urquiza 38,50 m² cubie. 11 años 1 baño Departamento en edificio Premium: Green House, Amenities, microcine, dos piscinas, balcon aterrazado al contrafrente, vista arbolada. Aquí el Departamento: Apto crédito hipotecario - edificio premium - monoambiente de 38,50 m² totales - balcón aterrzado 4,93 m2. A una vista con álamos y vegetación para vivir entre la naturaleza. El ambiente posee aire acondicionado split frio-calor, cocina abierta y baño completo y además calefacción por piso radiante eléctrico. El edificio está dotado de todo tipo de amenities, con sector de parrillas contiguas a la piscina descubierta y jacuzzi climatizado más glorietas con vegetación. Edificio con dos piscinas, la mayor al aire libre y la segunda climatizada, grupo electrógeno, cochera de cortesía, control de acceso y seguridad 24 hs. Sum, salón cubierto de juegos para la niñez y lugar de juegos al aire libre en un entorno perimetral parquizado y seguro. El edificio: - sólida estructura y mantenimiento del edificio con la tipología de espacios comunes abiertos con sol y vegetación que le confiere armonía y privacidad, construido con carpinterías en acero inoxidable en espacios de recepción, excelente calidad de las instalaciones, - tres ascensores camilleros que llegan hasta las cocheras ubicadas en el subsuelo - sistemas de seguridad contra incendio y sensores de humo acordes a la calidad de la construcción - sum, solarium, piscina descubierta - piscina cubierta climatizada - tres parrillas con entorno para reuniones al aire libre - sauna, sala de relax y masajes - gimnasio - microcine - sala de wifi para reunion de negocios - ingreso con doble altura al loby de recepción - posibilidad de cocheras en alquiler en subsuelo del edificio - wi fi en espacios comunes el departamento: se trata de un departamento dentro de un edificio “premium” por su construcción ubicacado en el barrio de villa urquiza, a una cuadra de plaza zapiola, a tres cuadras de av. Alvarez thomas, y centros de salud, bibliotecas, centros culturales, deportivos y todo tipo de comercios con una variada oferta gastronomica.- Su ubicación está en un lugar privilegiado, de la ciudad autónoma de buenos aires.- Esta unidad es un ambiente único de 33,57 m2. Cubiertos más 4,93 m2 de balcón al contrafrente parquízado. La superficie total es de 38,50 m2. Posee un baño completo y cuenta con un equipo de aire frio-calor además de calefacción por piso radiante. Una cómoda kitchinet se ubica en el extremo del ambiente. >> Muchas gracias por la visita a nuestro aviso >> mostramos este inmueble todos los dias WhatsApp Contactar""}",
1485ee4e93f709edb240,Argenprop,https://www.argenprop.com/departamento-en-venta-en-urquiza-r-1-ambiente--19927723,2026-08-16T00:26:20.835736+00:00,https://www.argenprop.com/departamentos/venta/capital-federal,4,200,1,modo_listado_sin_ficha_detallada,"Departamento en edificio Premium: Green House, Amenities, microcine, dos piscinas, balcon aterrazado al contrafrente, vista arbolada. Aquí el Departamento:",,venta,departamento,,,,,USD,115000.0,USD 115.000 + $260.000 expensas,,,,2987.01,"Donado 1800, Piso 2",Donado,1800,2,,,,,,,,,,,,1,,,38.5,,,,,,,,,,,,,,,,,,,,,,,,,,,,,,,,,,,,,,,,,,,,,,9,https://www.argenprop.com/static-content/27102191/e038a82e-5d06-408f-a5a0-f6b48d6df801_u_small.jpg,,,1,"{""texto_tarjeta"": ""+ 28 Ver más fotos 1 /36 Visto 16.000 USD 115.000 &plus; $260.000 expensas Donado 1800, Piso 2 Departamento en Venta en Urquiza R, Villa Urquiza 38,50 m² cubie. 11 años 1 baño Departamento en edificio Premium: Green House, Amenities, microcine, dos piscinas, balcon aterrazado al contrafrente, vista arbolada. Aquí el Departamento: Apto crédito hipotecario - edificio premium - monoambiente de 38,50 m² totales - balcón aterrzado 4,93 m2. A una vista con álamos y vegetación para vivir entre la naturaleza. El ambiente posee aire acondicionado split frio-calor, cocina abierta y baño completo y además calefacción por piso radiante eléctrico. El edificio está dotado de todo tipo de amenities, con sector de parrillas contiguas a la piscina descubierta y jacuzzi climatizado más glorietas con vegetación. Edificio con dos piscinas, la mayor al aire libre y la segunda climatizada, grupo electrógeno, cochera de cortesía, control de acceso y seguridad 24 hs. Sum, salón cubierto de juegos para la niñez y lugar de juegos al aire libre en un entorno perimetral parquizado y seguro. El edificio: - ingreso por calle mariscal sucre 4450, donado 1800 y la pampa 4275 - sólida estructura y mantenimiento del edificio con la tipología de espacios comunes abiertos con sol y vegetación que le confiere armonía y privacidad, construido con carpinterías en acero inoxidable en espacios de recepción, excelente calidad de las instalaciones, - tres ascensores camilleros que llegan hasta las cocheras ubicadas en el subsuelo - sistemas de seguridad contra incendio y sensores de humo acordes a la calidad de la construcción - sum, solarium, piscina descubierta - piscina cubierta climatizada - tres parrillas con entorno para reuniones al aire libre - sauna, sala de relax y masajes - gimnasio - microcine - sala de wifi para reunion de negocios - ingreso con doble altura al loby de recepción - posibilidad de cocheras en alquiler en subsuelo del edificio - wi fi en espacios comunes el departamento: se trata de un departamento dentro de un edificio “premium” por su construcción ubicacado en el barrio de villa urquiza, a una cuadra de plaza zapiola, a tres cuadras de av. Alvarez thomas, y centros de salud, bibliotecas, centros culturales, deportivos y todo tipo de comercios con una variada oferta gastronomica.- Su ubicación está en un lugar privilegiado, de la ciudad autónoma de buenos aires.- Esta unidad es un ambiente único de 33,57 m2. Cubiertos más 4,93 m2 de balcón al contrafrente parquízado. La superficie total es de 38,50 m2. Posee un baño completo y cuenta con un equipo de aire frio-calor además de calefacción por piso radiante. Una cómoda kitchinet se ubica en el extremo del ambiente. >> Muchas gracias por la visita a nuestro aviso >> mostramos este inmueble todos los dias WhatsApp Contactar""}",
3b485b64d99f71d1dff8,Argenprop,https://www.argenprop.com/departamento-en-venta-en-villa-crespo-1-ambiente--18599456,2026-08-16T00:26:20.850019+00:00,https://www.argenprop.com/departamentos/venta/capital-federal,4,200,1,modo_listado_sin_ficha_detallada,"Monoambiente divisible muy luminoso | Balcón al frente, lavadero y excelentes amenities Premium con Piscina",,venta,departamento,,,,,USD,84500.0,USD 84.500 + $168.000 expensas,,,,2545.18,"Lavalleja 200, Piso 5",Lavalleja,200,5,,,,,,,,,,,,1,,,33.2,,,,,,,,,,,,,,,,,,,,,,,,,,,,,,,,,,,,,,,,,,,,,,9,https://www.argenprop.com/static-content/65499581/0f5fbc41-487a-4a37-83ad-3eb62029e7a7_u_small.jpg,,,1,"{""texto_tarjeta"": ""+ 25 Ver más fotos 1 /33 Visto 16.000 USD 84.500 &plus; $168.000 expensas Lavalleja 200, Piso 5 Departamento en Venta en Villa Crespo, Capital Federal 10 años 1 baño Monoam. Monoambiente divisible muy luminoso | Balcón al frente, lavadero y excelentes amenities Premium con Piscina Monoambiente divisible con balcón - edificio con amenities excelente estado. Cocina independiente lavalleja al 200 barrio villa crespo ¡Viví o invertí en una de las zonas con mayor crecimiento y demanda de la ciudad! Excelente monoambiente divisible ubicado en el 5° piso, con balcón al frente una luminosidad excepcional durante todo el día. Su distribución inteligente permite generar fácilmente un dormitorio independiente, convirtiéndolo en una opción ideal tanto para vivienda como para inversión. La unidad se encuentra en impecable estado, lista para mudarse o comenzar a rentabilizar desde el primer día. Características destacadas: • superficie 33,20 m² totales • 2 balcones al frente • cocina independiente • lavadero separado • ambiente amplio con posibilidad real de división • placard con puertas corredizas espejadas • aire acondicionado frío/calor • excelente ventilación natural • muy luminoso en todos sus ambientes edificio elèctrico ficha técnica: - living comedor: 5.70 x 3.10 mts - cocina independiente: 2.60 x 1.50 mts - balcón al frente: 3.14 x 1.35 mts - 2 balcón al frente: 1 x 1.50 mts - baño: 2 x 1.50 mts - halld de distribución: 1 x 1 mts - ideal para inversores: • el edificio permite alquileres temporarios • alta demanda en la zona • excelente potencial de renta y valorización amenities del edificio: • piscina • sum para reuniones y eventos • parrillas • terraza de uso común • amplios espacios al aire libre para disfrutar y relajarse ubicación estratégica – villa crespo a metros de: • av. Corrientes • estación de subte línea b • múltiples líneas de colectivos • cafés, restaurantes y comercios • palermo y chacarita una ubicación privilegiada que combina conectividad, vida urbana y un entorno en constante crecimiento. Oportunidad ideal para primera vivienda, renta tradicional o alquiler temporario. Coordiná tu visita y conocelo. Servicios inmobiliarios vsi consultá por: • sucesiones • tasaciones judiciales y profesionales • operaciones de compra-venta simultáneas • alquileres • administración de propiedades • trámites notariales • asesoramiento integral y gratuito el inmueble es accesible para personas con movilidad reducida. Las medidas, superficies, expensas, impuestos, servicios y demás datos consignados son aproximados y fueron suministrados por el propietario. Los mismos deberán ser verificados por el interesado previo a cualquier operación. Consultá por: sucesiones tasaciones judiciales y profesionales operaciones de compra-venta simultáneas alquileres administración de propiedades trámites notariales asesoramiento integral y gratuito cucicba mat. 7402 emanuel villalba- villalba soluciones inmobiliarias el inmueble publicado es accesible para personas con capacidades físicas reducidas. Las descripciones arquitectónicas y funcionales, valores de expensas impuestos, servicios, fotos y medidas de este inmueble son aproximados. Los datos fueron proporcionados por el propietario y pueden no estar actualizados a la hora de la visualización. El interesado deberá realizar las verificaciones previamente a realizar cualquier operación. WhatsApp Contactar""}",
c16495be7717bfd0bcb4,Argenprop,https://www.argenprop.com/departamento-en-venta-en-villa-crespo-2-ambientes--18330440,2026-08-16T00:26:20.867119+00:00,https://www.argenprop.com/departamentos/venta/capital-federal,4,200,1,modo_listado_sin_ficha_detallada,VENTA DEPARTAMENTO DE 2 AMBIENTES EN VILLA CRESPO,,venta,departamento,,,,,USD,100000.0,USD 100.000 + $165.000 expensas,,,,2500.0,"Luis María Drago 200, Piso 3",Luis María Drago,200,3,,,,,,,,,,2,1,,,,40.0,,,,,,,,,,,,,,,,,,,,,,,,,,,,,,,,,,,,,,,,,,,,,,9,https://www.argenprop.com/static-content/04403381/28d1d894-2f6f-4f93-b37a-adaf942ffac2_u_small.jpg,,,1,"{""texto_tarjeta"": ""+ 17 Ver más fotos 1 /25 Visto 15.900 USD 100.000 &plus; $165.000 expensas Luis María Drago 200, Piso 3 Departamento en Venta en Villa Crespo, Capital Federal 40 m² cubie. 1 dorm. 5 años VENTA DEPARTAMENTO DE 2 AMBIENTES EN VILLA CRESPO Si buscas el departamento que estabas buscando en una de las zonas más demandadas de villa crespo, este es tu próximo hogar! Departamento en venta con balcón, amenities y excelente ubicación en villa crespo apto crédito ubicado sobre luis maría drago al 200, este departamento combina diseño, funcionalidad y una ubicación privilegiada, a tan solo una cuadra de avenida corrientes, a metros de avenida ángel gallardo y de la estación ángel gallardo de la línea b de subte. Con una superficie total de 42 m², la propiedad se encuentra en un tercer piso al frente y se destaca por su excelente luminosidad y su amplio balcón con vistas abiertas. Al ingresar, encontramos un cómodo ambiente principal con cocina integrada, equipada con mobiliario completo, mesada de granito, anafe de dos hornallas y un espacio independiente destinado al lavarropas. La distribución de la unidad permite contar con un sector de descanso definido, acompañado por un placard de amplias dimensiones, logrando una organización práctica y confortable de los espacios. El departamento se completa con un baño completo con bañera, pisos de porcelanato símil madera y dos equipos de aire acondicionado frío/calor, ofreciendo confort durante todo el año. El edificio, de construcción moderna y aproximadamente cinco años de antigüedad, ofrece amenities pensados para disfrutar y sumar comodidad al día a día: sum. Terraza con parrilla. Jacuzzi. Vestuarios. Laundry. Su entorno es uno de sus principales diferenciales. A pocos minutos de parque centenario y rodeado de propuestas gastronómicas, comercios, supermercados y múltiples medios de transporte, permite disfrutar de uno de los sectores con mayor crecimiento y demanda de villa crespo. Apto crédito. Bajas expensas y escritura inmediata. Una excelente oportunidad para quienes buscan una propiedad moderna, bien ubicada y con una distribución versátil que se adapta a distintos estilos de vida. Contactanos para recibir más información y coordinar una visita. Tel : whatsapp : +54 9 lepore villa crespo. Lepore propiedades . Lepore propiedades s.A. Cuit : -9. C.U.C.I.C.B.A. Matrícula nº 931 (caballito, villa crespo, san cristóbal). Aviso legal: las descripciones arquitectónicas y funcionales, valores de expensas, impuestos y servicios, fotos y medidas de este inmueble son aproximados. Los datos fueron proporcionados por el propietario y pueden no estar actualizados a la hora de la visualización de este aviso por lo cual pueden arrojar inexactitudes y discordancias con las que surgen de los las facturas, títulos y planos legales del inmueble. El interesado deberá realizar las verificaciones respectivas previamente a la realización de cualquier operación, requiriendo por sí o sus profesionales las copias necesarias de la documentación que corresponda. WhatsApp Contactar""}",
723cdcfa6e46963dc11e,Argenprop,https://www.argenprop.com/departamento-en-venta-en-palermo-2-ambientes--20187996,2026-08-16T00:26:20.883172+00:00,https://www.argenprop.com/departamentos/venta/capital-federal,4,200,1,modo_listado_sin_ficha_detallada,OPORTUNIDAD - LUMINOSO 2 AMB -COCINA SEPARADA- PARAGUAY Y BULNES,,venta,departamento,,,,,USD,65000.0,USD 65.000 + $150.000 expensas,,,,1969.7,Paraguay 3600,Paraguay,3600,araguay,,,,,,,,,,2,1,,,,33.0,,,,,,,,,,,,,,,,,,,,,,,,,,,,,,,,,,,,,,,,,,,,,,9,https://www.argenprop.com/static-content/69978102/6803cd5f-7da9-4c5c-b186-8517b01664c0_u_small.jpg,,,1,"{""texto_tarjeta"": ""+ 14 Ver más fotos 1 /22 Visto 15.892 USD 65.000 &plus; $150.000 expensas Paraguay 3600 Departamento en Venta en Palermo, Capital Federal 33 m² cubie. 1 dorm. 65 años OPORTUNIDAD - LUMINOSO 2 AMB -COCINA SEPARADA- PARAGUAY Y BULNES Venta de departamento 2 ambientes con cocina separada, capital federal oportunidad: luminoso departamento de 2 ambientes al contrafrente, ubicado en un 2º piso por escalera.La unidad cuenta con cocina y baño completo actualizados . El departamento es totalmente eléctrico (sin conexión de gas). Cuenta con pisos de parquet en toda la unidad; en el sector de ingreso presentan detalles a reparar. Edificio sin ascensor. Superficie total por escritura: 33,28 m2 ubicación destacada sobre paraguay al 3600, entre bulnes y vidt,a 4 cuadras de la linea d de subtes (estación bulnes), a metros de numerosas líneas de colectivos, cercanía a importantes avenidas, clínicas y sanatorios, así como a colegios y universidades. Zona con gran oferta comercial, gastronómica y de servicios. Ideal tanto para primera vivienda como para inversión. Avisos legales: las descripciones arquitectónicas y funcionales, valores de expensas, impuestos y servicios, fotos y medidas de este inmueble son aproximados. Los datos fueron proporcionados por el propietario y pueden no estar actualizados a la hora de la visualización de este aviso por lo cual puede arrojar inexactitudes y discordancias con las que surgen de las facturas, títulos y planos legales del inmueble. El interesado debe realizar las verificaciones respectivas previamente a la realización de cualquier operación, requiriendo por si o sus profesionales las copias necesarias de la documentación que corresponda. Corredores inmobiliarios: juan carlos sardi cucicba 2174 luciano lance cucicba 2173 este inmueble es comercializado en conjunto por estudio elkous y mil uno propiedades. WhatsApp Contactar""}",
8068423f953777fddfc6,Argenprop,https://www.argenprop.com/departamento-en-venta-en-belgrano-2-ambientes--20211719,2026-08-16T00:26:20.899444+00:00,https://www.argenprop.com/departamentos/venta/capital-federal,4,200,1,modo_listado_sin_ficha_detallada,Encantador 2 Ambientes luminosos en buen edificio.-,,venta,departamento,,,,,USD,97000.0,USD 97.000 + $189.400 expensas,,,,2852.94,"Moldes 1900, Piso 3",Moldes,1900,3,,,,,,,,,,2,1,,,,34.0,,,,,,,,,,,,,,,,,,,,,,,,,,,,,,,,,,,,,,,,,,,,,,8,https://www.argenprop.com/static-content/91711202/e4023f16-2023-42cf-9c47-7261d494f4cf_u_small.jpg,,,1,"{""texto_tarjeta"": ""+ 5 Ver más fotos 1 /13 Visto 15.892 USD 97.000 &plus; $189.400 expensas Moldes 1900, Piso 3 Departamento en Venta en Belgrano, CABA 34 m² cubie. 3 m² Semicubierta 1 dorm. Encantador 2 Ambientes luminosos en buen edificio.- Venta 2 ambientes en belgrano la entrada es por sucre 2683 esquina moldes 1901 sucre 2683 – 3° “d” e/moldes y amenábar.- Edificio de buena categoría con muy buen palier de entrada.- Apto profesional.- El departamento es super agradable , muy luminoso y se encuentra en excelente estado.- Dos ambientes, a la calle, super luminoso.- Pisos de parquet (pinotea), excelente estado general.- Living-comedor 4,50 x 3 con balcón a la calle, dormitorio 3 x 3 con muy buen placard, baño completo muy bueno, y cocina de 2,90 x 1,50 muy buena.- El edificio posee piletas para lavar y tender en la terraza.- Precio: u$s 97.000.- Expensas: $ 189.454.- Agosto 2026 (incluyen aysa) abl $ 12.986.- Agosto 2026 entrega: fines de octubre comisión: 4 % WhatsApp Contactar""}",
8b7d4425ee885147d447,Argenprop,https://www.argenprop.com/departamento-en-venta-en-belgrano-1-ambiente--19998644,2026-08-16T00:26:20.917895+00:00,https://www.argenprop.com/departamentos/venta/capital-federal,4,200,1,modo_listado_sin_ficha_detallada,SUPER MONOAMBIENTE EN EDIFICIO ESPECIAL,,venta,departamento,,,,,USD,98000.0,USD 98.000 + $225.000 expensas,,,,3266.67,"Avenida Congreso 2300, Piso 3",Avenida Congreso,2300,3,,,,,,,,,,,,1,,,30.0,,,,,,,,,,,,,,,,,,,,,,,,,,,,,,,,,,,,,,,,,,,,,,9,https://www.argenprop.com/static-content/44689991/7309b8e9-f7e1-423f-a4b7-625ed75b62a6_u_small.jpg,,,1,"{""texto_tarjeta"": ""+ 27 Ver más fotos 1 /35 Visto 15.892 USD 98.000 &plus; $225.000 expensas Avenida Congreso 2300, Piso 3 Departamento en Venta en Belgrano, CABA 30 m² cubie. 20 años 1 baño SUPER MONOAMBIENTE EN EDIFICIO ESPECIAL Excelente monoambiente en un edificio especial - a media cuadra de cabildo y congreso - de 33 m2, totales - 30 m2. Cubiertos - 3 m2. De balcon - lateral luminoso - living amplio con barra desyunadora y salida al balcon - cocina comoda con muebles - lavadero - placard - baño amplio - aire frio calor - edificio con pileta - solarium - sum - salon de fiestas - gimnasio - parrilla - seguridad 24 hs. - Cochera de cortesia - juegos para niños - a media cuadra de subte \""b\"" - congreso de tucuman - todos los comercios y medios de transporte - WhatsApp Contactar""}",
38d2b10638afc2b02df3,Argenprop,https://www.argenprop.com/departamento-en-venta-en-barrio-norte-2-ambientes--20239225,2026-08-16T14:06:41.355977+00:00,https://www.argenprop.com/departamentos/venta/capital-federal,4,200,1,modo_listado_sin_ficha_detallada,2 ambientes balcon,,venta,departamento,,,,,USD,118000.0,USD 118.000 + $250.000 expensas,,,,2360.0,Sánchez De Bustamante 800,Sánchez De Bustamante,800,,,,,,,,,,,2,1,,,,50.0,,,,,,,,,,,,,,,,,,,,,,,,,,,,,,,,,,,,,,,,,,,,,,9,https://www.argenprop.com/static-content/52293202/2dbb5bb6-3648-431b-aeaa-112204baa89b_u_small.jpg,,,1,"{""texto_tarjeta"": ""+ 4 Ver más fotos 1 /12 Visto 15.753 USD 118.000 &plus; $250.000 expensas Sánchez De Bustamante 800 Departamento en Venta en Barrio Norte, CABA 50 m² cubie. 1 dorm. 14 años 2 ambientes balcon Ubicado en una zona estratégica de gran conectividad, próximo a las avenidas córdoba y corrientes y a pocas cuadras del shopping abasto, este departamento destaca por su excelente luminosidad, vista abierta y un hermoso balcón terraza privado para disfrutar al máximo. Living-comedor: espacioso y con salida directa al balcón terraza, ofreciendo luz natural durante todo el día. Cocina moderna: integrada con barra desayunadora, ideal para optimizar espacios e interactuar mientras cocinás. Espacio exterior exclusivo: gran balcón terraza con parrilla propia, perfecto para reuniones y momentos de relax con vista abierta. Dormitorio principal: en suite, cómodo y equipado con un placard de piso a techo de gran capacidad de guardado. Toilette de recepción: muy práctico para visitas, manteniendo la privacidad del baño principal. Tu nuevo hogar con todo el confort y el aire libre que buscás. WhatsApp Contactar""}",
7b5e32ab605a4a5bf1b3,Argenprop,https://www.argenprop.com/departamento-en-venta-en-recoleta-4-ambientes--20192779,2026-08-16T14:54:53.119209+00:00,https://www.argenprop.com/departamentos/venta/capital-federal,4,200,1,modo_listado_sin_ficha_detallada,EXCLUSIVO 4 AMBIENTES al FRENTE | REFORMA PREMIUM | PALIER PRIVADO | BALCÓN | DEPENDENCIA,,venta,departamento,,,,,USD,350000.0,USD 350.000 + $520.000 expensas,,,,3043.48,"José Andrés Pacheco De Melo 2000, Piso 2",José Andrés Pacheco De Melo,2000,acheco,,,,,,,,,,4,3,3,,,115.0,,,,,,,,,,,,,,,,,,,,,,,,,,,,,,,,,,,,,,,,,,,,,,8,https://www.argenprop.com/static-content/97729102/9c7906ff-8fda-462d-99ee-4fb70fe1d65c_u_small.jpg,,,1,"{""texto_tarjeta"": ""+ 26 Ver más fotos 1 /34 Visto 17.460 USD 350.000 &plus; $520.000 expensas José Andrés Pacheco De Melo 2000, Piso 2 Departamento en Venta en Recoleta, CABA 3 dorm. 3 baños 4 ambientes EXCLUSIVO 4 AMBIENTES al FRENTE | REFORMA PREMIUM | PALIER PRIVADO | BALCÓN | DEPENDENCIA Todo nuevo a estrenar. Reforma integral premium. Excelente departamento de 4 ambientes con dependencia de 115 m² , en una ubicación privilegiada en uno de los barrios más exclusivos de buenos aires. La propiedad fue sometida a una reforma integral premium, realizada con materiales de primera calidad y excelentes terminaciones. Cuenta con pallier privado, amplio y luminoso living y comedor, balcón corrido al frente, 3 dormitorios —uno de ellos en suite—, cocina independiente con comedor diario, lavadero y dependencia de servicio con baño. Entrada independiente de servicio - baulera en el sótano. Ubicada estratégicamente en el barrio de recoleta, a 1 cuadra de av. Las heras, 4 de av. Santa fe y 2 de callao. 2 cuadras hasta el cementerio de la recoleta. Cerca de los colegios mas importantes de la zona. Shopping y cines village recoleta a 2 cuadras. A pocas cuadras del subte d y del subte h. Características principales * pallier privado * amplio living comedor * balcón corrido al frente * 3 dormitorios todos con placards embutidos * dormitorio principal en suite * cocina independiente * comedor diario * lavadero * dependencia de servicio con baño * baulera en el sótano * losa radiante central ### reforma integral — todo nuevo \"" a estrenar \"" ### * sanitarios roca * griferías piazza * horno eléctrico empotrado * anafe a gas con encendido electrico 4 hornallas * extractor purificador extensible * muebles de cocina a medida * mesadas de granito en cocina y baños * cañerías de agua fría / caliente y de gas nuevas * interiores de placard a medida en los 3 dormitorios * persianas eléctricas en aberturas a balcón * aberturas de aluminio nuevas hacia el balcón * instalación eléctrica totalmente renovada con disyuntor * pisos de porcelanato en cocina y baños * totalmente pintado a nuevo * parquet recién pulido y plastificado semimate cochera opcional a la vuelta del departamento — no incluida en el precio. Una propiedad de categoría, con gran metraje, excelente distribución y una reforma integral premium , lista para habitar. El propietario no necesita reubicación. Excelente mantenimiento del edificio con encargado permanente. Camaras de seguridad en hall de entrada y frente del edificio. Terraza del edificio transitable para tomar sol. Posibilidad de recibir en parte de pago una propiedad de 1 o 2 ambientes (a acordar con el propietario el estado y precio) en zona palermo chico, palermo botánico y recoleta, diaz gaudino propiedades mat cucicba 8542 WhatsApp Contactar""}",
